Ano,Centro,Mes,Semana,Data Avaliação,Comentario,classificacao,NPS,tokens_nltk,tokens_limpos,tokens_lematizados,comentario_limpo,comentario_lematizado,categoria_nps
2024,L5082-VILA ANDRADE (1346),jan,1,2024-01-01,"Maior variedade, não tinha tudo o que eu procurava , apesar de muitas opções.",promotor,1,"['Maior', 'variedade', ',', 'não', 'tinha', 'tudo', 'o', 'que', 'eu', 'procurava', ',', 'apesar', 'de', 'muitas', 'opções', '.']","['maior', 'variedade', 'não', 'tudo', 'procurava', 'apesar', 'muitas', 'opções']","['grande', 'variedade', 'não', 'tudo', 'procurar', 'apesar', 'muito', 'opção']",maior variedade não tudo procurava apesar muitas opções,grande variedade não tudo procurar apesar muito opção,promotor
2024,L5082-VILA ANDRADE (1346),jan,1,2024-01-02,Nada a declarar,promotor,1,"['Nada', 'a', 'declarar']","['nada', 'declarar']","['nada', 'declarar']",nada declarar,nada declarar,promotor
2024,L5082-VILA ANDRADE (1346),jan,1,2024-01-02,Tudo certinho por enquanto tah ótimo.,promotor,1,"['Tudo', 'certinho', 'por', 'enquanto', 'tah', 'ótimo', '.']","['tudo', 'certinho', 'enquanto', 'tah', 'ótimo']","['tudo', 'certinho', 'enquanto', 'tah', 'bom']",tudo certinho enquanto tah ótimo,tudo certinho enquanto tah bom,promotor
2024,L5082-VILA ANDRADE (1346),jan,1,2024-01-02,Eu procurei paleta de cabrito mss a Swift nao tem!,neutro,0,"['Eu', 'procurei', 'paleta', 'de', 'cabrito', 'mss', 'a', 'Swift', 'nao', 'tem', '!']","['procurei', 'paleta', 'cabrito', 'mss', 'swift', 'nao']","['procurar', 'paleta', 'cabrito', 'mss', 'swift', 'nao']",procurei paleta cabrito mss swift nao,procurar paleta cabrito mss swift nao,neutro
2024,L5082-VILA ANDRADE (1346),jan,1,2024-01-03,Sempre sou muito bem atendida nesta loja.,promotor,1,"['Sempre', 'sou', 'muito', 'bem', 'atendida', 'nesta', 'loja', '.']","['sempre', 'bem', 'atendida', 'nesta', 'loja']","['sempre', 'bem', 'atendido', 'emeste', 'loja']",sempre bem atendida nesta loja,sempre bem atendido emeste loja,promotor
2024,L5082-VILA ANDRADE (1346),jan,1,2024-01-05,"Apenas gostaria de saber o motivo que ao escolher a loja para efetuar e retirar o pedido,não aparece a Loja Panamby que é ao lado da minha casa. Tenho que retirar na Loja Vila Andrade!!;Vocês podem me esclarecer isso, por favor!;Obrigado",promotor,1,"['Apenas', 'gostaria', 'de', 'saber', 'o', 'motivo', 'que', 'ao', 'escolher', 'a', 'loja', 'para', 'efetuar', 'e', 'retirar', 'o', 'pedido', ',', 'não', 'aparece', 'a', 'Loja', 'Panamby', 'que', 'é', 'ao', 'lado', 'da', 'minha', 'casa', '.', 'Tenho', 'que', 'retirar', 'na', 'Loja', 'Vila', 'Andrade', '!', '!', ';', 'Vocês', 'podem', 'me', 'esclarecer', 'isso', ',', 'por', 'favor', '!', ';', 'Obrigado']","['apenas', 'gostaria', 'saber', 'motivo', 'escolher', 'loja', 'efetuar', 'retirar', 'pedido', 'não', 'aparece', 'loja', 'panamby', 'lado', 'casa', 'retirar', 'loja', 'vila', 'andrade', 'podem', 'esclarecer', 'favor', 'obrigado']","['apenas', 'gostar', 'saber', 'motivo', 'escolher', 'loja', 'efetuar', 'retirar', 'pedir', 'não', 'aparecer', 'loja', 'panamby', 'lado', 'casa', 'retirar', 'loja', 'vila', 'andrade', 'poder', 'esclarecer', 'favor', 'obrigar']",apenas gostaria saber motivo escolher loja efetuar retirar pedido não aparece loja panamby lado casa retirar loja vila andrade podem esclarecer favor obrigado,apenas gostar saber motivo escolher loja efetuar retirar pedir não aparecer loja panamby lado casa retirar loja vila andrade poder esclarecer favor obrigar,promotor
2024,L5082-VILA ANDRADE (1346),jan,2,2024-01-08,"Adoro a marca, estratégia, preço, atendimento. Continuem nessa linha de facilitar a vida das pessoas, porém com qualidade.",promotor,1,"['Adoro', 'a', 'marca', ',', 'estratégia', ',', 'preço', ',', 'atendimento', '.', 'Continuem', 'nessa', 'linha', 'de', 'facilitar', 'a', 'vida', 'das', 'pessoas', ',', 'porém', 'com', 'qualidade', '.']","['adoro', 'marca', 'estratégia', 'preço', 'atendimento', 'continuem', 'nessa', 'linha', 'facilitar', 'vida', 'pessoas', 'porém', 'qualidade']","['adorar', 'marcar', 'estratégia', 'preço', 'atendimento', 'continuar', 'emesse', 'linha', 'facilitar', 'vida', 'pessoa', 'porém', 'qualidade']",adoro marca estratégia preço atendimento continuem nessa linha facilitar vida pessoas porém qualidade,adorar marcar estratégia preço atendimento continuar emesse linha facilitar vida pessoa porém qualidade,promotor
2024,L5082-VILA ANDRADE (1346),jan,2,2024-01-08,Ter mais produtos em promoção,promotor,1,"['Ter', 'mais', 'produtos', 'em', 'promoção']","['produtos', 'promoção']","['produto', 'promoção']",produtos promoção,produto promoção,promotor
2024,L5082-VILA ANDRADE (1346),jan,2,2024-01-09,O atendimento da equipe é diferenciado,promotor,1,"['O', 'atendimento', 'da', 'equipe', 'é', 'diferenciado']","['atendimento', 'equipe', 'diferenciado']","['atendimento', 'equipe', 'diferenciar']",atendimento equipe diferenciado,atendimento equipe diferenciar,promotor
2024,L5082-VILA ANDRADE (1346),jan,2,2024-01-14,Adoooro!!! Atendimento Maravilhoso 🥰,promotor,1,"['Adoooro', '!', '!', '!', 'Atendimento', 'Maravilhoso', '🥰']","['adoooro', 'atendimento', 'maravilhoso']","['adoooro', 'atendimento', 'maravilhoso']",adoooro atendimento maravilhoso,adoooro atendimento maravilhoso,promotor
2024,L5082-VILA ANDRADE (1346),jan,3,2024-01-15,Tudo excelente! Sem comentarios!,promotor,1,"['Tudo', 'excelente', '!', 'Sem', 'comentarios', '!']","['tudo', 'excelente', 'comentarios']","['tudo', 'excelente', 'comentario']",tudo excelente comentarios,tudo excelente comentario,promotor
2024,L5082-VILA ANDRADE (1346),jan,3,2024-01-17,"""Abrir"" novas lojas fora de SP. Exemplo: Rio de Janeiro",promotor,1,"['``', 'Abrir', ""''"", 'novas', 'lojas', 'fora', 'de', 'SP', '.', 'Exemplo', ':', 'Rio', 'de', 'Janeiro']","['abrir', 'novas', 'lojas', 'sp', 'exemplo', 'rio', 'janeiro']","['abrir', 'novo', 'loja', 'sp', 'exemplo', 'rio', 'janeirer']",abrir novas lojas sp exemplo rio janeiro,abrir novo loja sp exemplo rio janeirer,promotor
2024,L5082-VILA ANDRADE (1346),jan,3,2024-01-17,"Os bifes da carne bovina já foram melhores. Não concordo com o peso não ser de 1kg, a carne apresenta muitos nervos(inclusive bifes de alcatra) e compro raramente este tipo de carne, já que o custo x beneficio não é dos melhores. Os preços tbém aumentaram muito, no açougue a carne apresenta redução de preço e na swift dificilmente. Já foi bem melhor.",neutro,0,"['Os', 'bifes', 'da', 'carne', 'bovina', 'já', 'foram', 'melhores', '.', 'Não', 'concordo', 'com', 'o', 'peso', 'não', 'ser', 'de', '1kg', ',', 'a', 'carne', 'apresenta', 'muitos', 'nervos', '(', 'inclusive', 'bifes', 'de', 'alcatra', ')', 'e', 'compro', 'raramente', 'este', 'tipo', 'de', 'carne', ',', 'já', 'que', 'o', 'custo', 'x', 'beneficio', 'não', 'é', 'dos', 'melhores', '.', 'Os', 'preços', 'tbém', 'aumentaram', 'muito', ',', 'no', 'açougue', 'a', 'carne', 'apresenta', 'redução', 'de', 'preço', 'e', 'na', 'swift', 'dificilmente', '.', 'Já', 'foi', 'bem', 'melhor', '.']","['bifes', 'carne', 'bovina', 'melhores', 'não', 'concordo', 'peso', 'não', 'carne', 'apresenta', 'muitos', 'nervos', 'inclusive', 'bifes', 'alcatra', 'compro', 'raramente', 'tipo', 'carne', 'custo', 'beneficio', 'não', 'melhores', 'preços', 'tbém', 'aumentaram', 'açougue', 'carne', 'apresenta', 'redução', 'preço', 'swift', 'dificilmente', 'bem', 'melhor']","['bifes', 'carne', 'bovino', 'bom', 'não', 'concordo', 'peso', 'não', 'carne', 'apresentar', 'muito', 'nervo', 'inclusive', 'bifes', 'alcatra', 'compro', 'raramente', 'tipo', 'carne', 'custo', 'beneficio', 'não', 'bom', 'preço', 'tbém', 'aumentar', 'açouguar', 'carne', 'apresentar', 'redução', 'preço', 'swift', 'dificilmente', 'bem', 'bom']",bifes carne bovina melhores não concordo peso não carne apresenta muitos nervos inclusive bifes alcatra compro raramente tipo carne custo beneficio não melhores preços tbém aumentaram açougue carne apresenta redução preço swift dificilmente bem melhor,bifes carne bovino bom não concordo peso não carne apresentar muito nervo inclusive bifes alcatra compro raramente tipo carne custo beneficio não bom preço tbém aumentar açouguar carne apresentar redução preço swift dificilmente bem bom,neutro
2024,L5082-VILA ANDRADE (1346),jan,3,2024-01-18,Melhorar os preços,promotor,1,"['Melhorar', 'os', 'preços']","['melhorar', 'preços']","['melhorar', 'preço']",melhorar preços,melhorar preço,promotor
2024,L5082-VILA ANDRADE (1346),jan,3,2024-01-18,"Ofertar as ""panelinhas e tigelinhas"" (vazias, vindas da fábrica) dos produtos ""prontos para consumo"", como brinde para clientes fidelizados...",promotor,1,"['Ofertar', 'as', '``', 'panelinhas', 'e', 'tigelinhas', ""''"", '(', 'vazias', ',', 'vindas', 'da', 'fábrica', ')', 'dos', 'produtos', '``', 'prontos', 'para', 'consumo', ""''"", ',', 'como', 'brinde', 'para', 'clientes', 'fidelizados', '...']","['ofertar', 'panelinhas', 'tigelinhas', 'vazias', 'vindas', 'fábrica', 'produtos', 'prontos', 'consumo', 'brinde', 'clientes', 'fidelizados']","['ofertar', 'panelinha', 'tigelinho', 'vazio', 'vindas', 'fábrico', 'produto', 'pronto', 'consumo', 'brinde', 'cliente', 'fidelizar']",ofertar panelinhas tigelinhas vazias vindas fábrica produtos prontos consumo brinde clientes fidelizados,ofertar panelinha tigelinho vazio vindas fábrico produto pronto consumo brinde cliente fidelizar,promotor
2024,L5082-VILA ANDRADE (1346),jan,3,2024-01-18,Qdo fui estavam em falta vários produtos,promotor,1,"['Qdo', 'fui', 'estavam', 'em', 'falta', 'vários', 'produtos']","['qdo', 'falta', 'vários', 'produtos']","['qdo', 'falta', 'vários', 'produto']",qdo falta vários produtos,qdo falta vários produto,promotor
2024,L5082-VILA ANDRADE (1346),jan,3,2024-01-18,Top demais a loja,promotor,1,"['Top', 'demais', 'a', 'loja']","['top', 'demais', 'loja']","['top', 'demais', 'loja']",top demais loja,top demais loja,promotor
2024,L5082-VILA ANDRADE (1346),jan,3,2024-01-19,"Nós cortes, como acém picado na hora que coloca na panela ele diminui.na verdade ele some.",neutro,0,"['Nós', 'cortes', ',', 'como', 'acém', 'picado', 'na', 'hora', 'que', 'coloca', 'na', 'panela', 'ele', 'diminui.na', 'verdade', 'ele', 'some', '.']","['cortes', 'acém', 'picado', 'hora', 'coloca', 'panela', 'diminuina', 'verdade', 'some']","['cortes', 'acém', 'picar', 'hora', 'colocar', 'panela', 'diminuina', 'verdade', 'sumir']",cortes acém picado hora coloca panela diminuina verdade some,cortes acém picar hora colocar panela diminuina verdade sumir,neutro
2024,L5082-VILA ANDRADE (1346),jan,4,2024-01-26,"em nada esta tudo ótimo, estão todos de parabéns pela loja da Vila Andrade!!!!!",promotor,1,"['em', 'nada', 'esta', 'tudo', 'ótimo', ',', 'estão', 'todos', 'de', 'parabéns', 'pela', 'loja', 'da', 'Vila', 'Andrade', '!', '!', '!', '!', '!']","['nada', 'tudo', 'ótimo', 'todos', 'parabéns', 'loja', 'vila', 'andrade']","['nada', 'tudo', 'ótimo', 'todo', 'parabéns', 'loja', 'vila', 'andrade']",nada tudo ótimo todos parabéns loja vila andrade,nada tudo ótimo todo parabéns loja vila andrade,promotor
2024,L5082-VILA ANDRADE (1346),jan,5,2024-01-29,Ainda ha pratos prontos que podemos ser criados.,promotor,1,"['Ainda', 'ha', 'pratos', 'prontos', 'que', 'podemos', 'ser', 'criados', '.']","['ainda', 'ha', 'pratos', 'prontos', 'podemos', 'criados']","['ainda', 'ha', 'prato', 'pronto', 'poder', 'criar']",ainda ha pratos prontos podemos criados,ainda ha prato pronto poder criar,promotor
2024,L5082-VILA ANDRADE (1346),jan,5,2024-01-29,Faltou os produtos veganos na loja onde fui.,promotor,1,"['Faltou', 'os', 'produtos', 'veganos', 'na', 'loja', 'onde', 'fui', '.']","['faltou', 'produtos', 'veganos', 'loja', 'onde']","['faltar', 'produto', 'vegano', 'loja', 'onde']",faltou produtos veganos loja onde,faltar produto vegano loja onde,promotor
2024,L5082-VILA ANDRADE (1346),jan,5,2024-01-29,Gostamos muito da unidade da Vila Andrade,promotor,1,"['Gostamos', 'muito', 'da', 'unidade', 'da', 'Vila', 'Andrade']","['gostamos', 'unidade', 'vila', 'andrade']","['gostamo', 'unidade', 'vila', 'andrade']",gostamos unidade vila andrade,gostamo unidade vila andrade,promotor
2024,L5082-VILA ANDRADE (1346),jan,5,2024-01-29,Preço do Kg está acima do mercado.,promotor,1,"['Preço', 'do', 'Kg', 'está', 'acima', 'do', 'mercado', '.']","['preço', 'kg', 'acima', 'mercado']","['preçar', 'kg', 'acima', 'mercado']",preço kg acima mercado,preçar kg acima mercado,promotor
2024,L5082-VILA ANDRADE (1346),fev,5,2024-02-01,Até que não está ruim da forma que está.;Mas é sempre bom continuar A busca da melhoria.;Procurando diversificar um pouco mais a linha de produtos e sempre ter promoções nos preços.,promotor,1,"['Até', 'que', 'não', 'está', 'ruim', 'da', 'forma', 'que', 'está', '.', ';', 'Mas', 'é', 'sempre', 'bom', 'continuar', 'A', 'busca', 'da', 'melhoria', '.', ';', 'Procurando', 'diversificar', 'um', 'pouco', 'mais', 'a', 'linha', 'de', 'produtos', 'e', 'sempre', 'ter', 'promoções', 'nos', 'preços', '.']","['não', 'ruim', 'forma', 'sempre', 'bom', 'continuar', 'busca', 'melhoria', 'procurando', 'diversificar', 'pouco', 'linha', 'produtos', 'sempre', 'promoções', 'preços']","['não', 'ruim', 'forma', 'sempre', 'bom', 'continuar', 'busca', 'melhorio', 'procurar', 'diversificar', 'pouco', 'linha', 'produto', 'sempre', 'promoção', 'preço']",não ruim forma sempre bom continuar busca melhoria procurando diversificar pouco linha produtos sempre promoções preços,não ruim forma sempre bom continuar busca melhorio procurar diversificar pouco linha produto sempre promoção preço,promotor
2024,L5082-VILA ANDRADE (1346),fev,5,2024-02-01,Colocando vale refeição disponível como forma de  pagamento,promotor,1,"['Colocando', 'vale', 'refeição', 'disponível', 'como', 'forma', 'de', 'pagamento']","['colocando', 'vale', 'refeição', 'disponível', 'forma', 'pagamento']","['colocar', 'valer', 'refeição', 'disponível', 'forma', 'pagamento']",colocando vale refeição disponível forma pagamento,colocar valer refeição disponível forma pagamento,promotor
2024,L5082-VILA ANDRADE (1346),fev,5,2024-02-01,Preço mais barato,promotor,1,"['Preço', 'mais', 'barato']","['preço', 'barato']","['preço', 'barato']",preço barato,preço barato,promotor
2024,L5082-VILA ANDRADE (1346),fev,5,2024-02-01,Nossa vcs aumentaram os preço antes esta um pouco melhor...;,neutro,0,"['Nossa', 'vcs', 'aumentaram', 'os', 'preço', 'antes', 'esta', 'um', 'pouco', 'melhor', '...', ';']","['vcs', 'aumentaram', 'preço', 'antes', 'pouco', 'melhor']","['vcs', 'aumentar', 'preço', 'antes', 'pouco', 'bom']",vcs aumentaram preço antes pouco melhor,vcs aumentar preço antes pouco bom,neutro
2024,L5082-VILA ANDRADE (1346),fev,5,2024-02-01,"Precisa ajustar os site e o app para efetuar os pedidos, mas pelo whatapp foi mais eficiente.",neutro,0,"['Precisa', 'ajustar', 'os', 'site', 'e', 'o', 'app', 'para', 'efetuar', 'os', 'pedidos', ',', 'mas', 'pelo', 'whatapp', 'foi', 'mais', 'eficiente', '.']","['precisa', 'ajustar', 'site', 'app', 'efetuar', 'pedidos', 'whatapp', 'eficiente']","['precisar', 'ajustar', 'site', 'app', 'efetuar', 'pedido', 'whatapp', 'eficiente']",precisa ajustar site app efetuar pedidos whatapp eficiente,precisar ajustar site app efetuar pedido whatapp eficiente,neutro
2024,L5082-VILA ANDRADE (1346),fev,5,2024-02-02,"Nada a acrescentar, adoro !",promotor,1,"['Nada', 'a', 'acrescentar', ',', 'adoro', '!']","['nada', 'acrescentar', 'adoro']","['nada', 'acrescentar', 'adoro']",nada acrescentar adoro,nada acrescentar adoro,promotor
2024,L5082-VILA ANDRADE (1346),fev,6,2024-02-08,Continuar com variedade e oferecer receitas,promotor,1,"['Continuar', 'com', 'variedade', 'e', 'oferecer', 'receitas']","['continuar', 'variedade', 'oferecer', 'receitas']","['continuar', 'variedade', 'oferecer', 'receita']",continuar variedade oferecer receitas,continuar variedade oferecer receita,promotor
2024,L5082-VILA ANDRADE (1346),fev,7,2024-02-12,"Comprei uma peça de carne para assar e metade dela era gordura pura. Foram 65,00 pro lixo.",neutro,0,"['Comprei', 'uma', 'peça', 'de', 'carne', 'para', 'assar', 'e', 'metade', 'dela', 'era', 'gordura', 'pura', '.', 'Foram', '65,00', 'pro', 'lixo', '.']","['comprei', 'peça', 'carne', 'assar', 'metade', 'gordura', 'pura', 'pro', 'lixo']","['comprei', 'peça', 'carne', 'assar', 'metade', 'gorduro', 'puro', 'pro', 'lixo']",comprei peça carne assar metade gordura pura pro lixo,comprei peça carne assar metade gorduro puro pro lixo,neutro
2024,L5082-VILA ANDRADE (1346),fev,7,2024-02-13,"Olá está tudo bem, e ótimo atendentes supr 10.",promotor,1,"['Olá', 'está', 'tudo', 'bem', ',', 'e', 'ótimo', 'atendentes', 'supr', '10', '.']","['olá', 'tudo', 'bem', 'ótimo', 'atendentes', 'supr']","['olá', 'tudo', 'bem', 'ótimo', 'atendente', 'supr']",olá tudo bem ótimo atendentes supr,olá tudo bem ótimo atendente supr,promotor
2024,L5082-VILA ANDRADE (1346),fev,7,2024-02-14,"No dia que estive lá, tinha muita falta de produto.",promotor,1,"['No', 'dia', 'que', 'estive', 'lá', ',', 'tinha', 'muita', 'falta', 'de', 'produto', '.']","['dia', 'lá', 'muita', 'falta', 'produto']","['dia', 'lá', 'muito', 'falta', 'produto']",dia lá muita falta produto,dia lá muito falta produto,promotor
2024,L5082-VILA ANDRADE (1346),fev,7,2024-02-16,sempre um ótimo atendimento,promotor,1,"['sempre', 'um', 'ótimo', 'atendimento']","['sempre', 'ótimo', 'atendimento']","['sempre', 'bom', 'atendimento']",sempre ótimo atendimento,sempre bom atendimento,promotor
2024,L5082-VILA ANDRADE (1346),fev,7,2024-02-18,Divulgar toda semana uma oferta pelo Instagram ou Facebook,promotor,1,"['Divulgar', 'toda', 'semana', 'uma', 'oferta', 'pelo', 'Instagram', 'ou', 'Facebook']","['divulgar', 'toda', 'semana', 'oferta', 'instagram', 'facebook']","['divulgar', 'todo', 'semana', 'oferta', 'instagr', 'facebook']",divulgar toda semana oferta instagram facebook,divulgar todo semana oferta instagr facebook,promotor
2024,L5082-VILA ANDRADE (1346),fev,7,2024-02-18,"Só tive problema! Paguei a taxa para ser entregue rápido pq estava com visita e acabou que não foi entregue no mesmo dia, acabei cancelando.",detrator,-1,"['Só', 'tive', 'problema', '!', 'Paguei', 'a', 'taxa', 'para', 'ser', 'entregue', 'rápido', 'pq', 'estava', 'com', 'visita', 'e', 'acabou', 'que', 'não', 'foi', 'entregue', 'no', 'mesmo', 'dia', ',', 'acabei', 'cancelando', '.']","['problema', 'paguei', 'taxa', 'entregue', 'rápido', 'pq', 'visita', 'acabou', 'não', 'entregue', 'dia', 'acabei', 'cancelando']","['problema', 'paguei', 'taxa', 'entregar', 'rápido', 'pq', 'visita', 'acabar', 'não', 'entregar', 'dia', 'acabar', 'cancelar']",problema paguei taxa entregue rápido pq visita acabou não entregue dia acabei cancelando,problema paguei taxa entregar rápido pq visita acabar não entregar dia acabar cancelar,detrator
2024,L5082-VILA ANDRADE (1346),fev,9,2024-02-28,"""Poderia enviar frete grátis """,promotor,1,"['``', 'Poderia', 'enviar', 'frete', 'grátis', '``']","['poderia', 'enviar', 'frete', 'grátis']","['poder', 'enviar', 'frete', 'grátis']",poderia enviar frete grátis,poder enviar frete grátis,promotor
2024,L5082-VILA ANDRADE (1346),fev,9,2024-02-28,"""Me senti enganada, comprei um pacote de camarão eviscerado, portanto mais caro.  Minha surpresa: o camarão não era eviscerado, me senti enganada.""",detrator,-1,"['``', 'Me', 'senti', 'enganada', ',', 'comprei', 'um', 'pacote', 'de', 'camarão', 'eviscerado', ',', 'portanto', 'mais', 'caro', '.', 'Minha', 'surpresa', ':', 'o', 'camarão', 'não', 'era', 'eviscerado', ',', 'me', 'senti', 'enganada', '.', ""''""]","['senti', 'enganada', 'comprei', 'pacote', 'camarão', 'eviscerado', 'portanto', 'caro', 'surpresa', 'camarão', 'não', 'eviscerado', 'senti', 'enganada']","['sentir', 'enganar', 'comprei', 'pacote', 'camar', 'eviscerar', 'portanto', 'caro', 'surpresa', 'camar', 'não', 'eviscerar', 'sentir', 'enganar']",senti enganada comprei pacote camarão eviscerado portanto caro surpresa camarão não eviscerado senti enganada,sentir enganar comprei pacote camar eviscerar portanto caro surpresa camar não eviscerar sentir enganar,detrator
2024,L5082-VILA ANDRADE (1346),fev,9,2024-02-28,"""Pedido chegou com 2 horas de atraso, isso pq liguei 2 vezes para reclamar do atraso, na terceira ligação, qnd falei que queria cancelar, foi gerado o pedido de uber para entrega. """,detrator,-1,"['``', 'Pedido', 'chegou', 'com', '2', 'horas', 'de', 'atraso', ',', 'isso', 'pq', 'liguei', '2', 'vezes', 'para', 'reclamar', 'do', 'atraso', ',', 'na', 'terceira', 'ligação', ',', 'qnd', 'falei', 'que', 'queria', 'cancelar', ',', 'foi', 'gerado', 'o', 'pedido', 'de', 'uber', 'para', 'entrega.', '``']","['pedido', 'chegou', 'horas', 'atraso', 'pq', 'liguei', 'vezes', 'reclamar', 'atraso', 'terceira', 'ligação', 'qnd', 'falei', 'queria', 'cancelar', 'gerado', 'pedido', 'uber', 'entrega']","['pedir', 'chegar', 'hora', 'atraso', 'pq', 'liguei', 'vez', 'reclamar', 'atraso', 'terceiro', 'ligação', 'qnd', 'falar', 'querer', 'cancelar', 'gerar', 'pedir', 'uber', 'entregar']",pedido chegou horas atraso pq liguei vezes reclamar atraso terceira ligação qnd falei queria cancelar gerado pedido uber entrega,pedir chegar hora atraso pq liguei vez reclamar atraso terceiro ligação qnd falar querer cancelar gerar pedir uber entregar,detrator
2024,L5082-VILA ANDRADE (1346),fev,9,2024-02-29,"""Eu gosto de tudo na Swift , confio e sou grata. """,promotor,1,"['``', 'Eu', 'gosto', 'de', 'tudo', 'na', 'Swift', ',', 'confio', 'e', 'sou', 'grata.', '``']","['gosto', 'tudo', 'swift', 'confio', 'grata']","['gostar', 'tudo', 'swift', 'confiar', 'grata']",gosto tudo swift confio grata,gostar tudo swift confiar grata,promotor
2024,L5082-VILA ANDRADE (1346),mar,9,2024-03-01,"""Atendimento muito bom.Opções variadas.Valores intermediário.  Gosto muito dos produtos! """,promotor,1,"['``', 'Atendimento', 'muito', 'bom.Opções', 'variadas.Valores', 'intermediário', '.', 'Gosto', 'muito', 'dos', 'produtos', '!', '``']","['atendimento', 'bomopções', 'variadasvalores', 'intermediário', 'gosto', 'produtos']","['atendimento', 'bomopção', 'variadasvalor', 'intermediário', 'gostar', 'produto']",atendimento bomopções variadasvalores intermediário gosto produtos,atendimento bomopção variadasvalor intermediário gostar produto,promotor
2024,L5082-VILA ANDRADE (1346),mar,9,2024-03-01,"""Fui muito bem atendido.""",promotor,1,"['``', 'Fui', 'muito', 'bem', 'atendido', '.', ""''""]","['bem', 'atendido']","['bem', 'atender']",bem atendido,bem atender,promotor
2024,L5082-VILA ANDRADE (1346),mar,9,2024-03-01,Colocar parcelamentos nas compras,promotor,1,"['Colocar', 'parcelamentos', 'nas', 'compras']","['colocar', 'parcelamentos', 'compras']","['colocar', 'parcelamento', 'compra']",colocar parcelamentos compras,colocar parcelamento compra,promotor
2024,L5082-VILA ANDRADE (1346),mar,9,2024-03-01,Com combos de promoções mais acessíveis,promotor,1,"['Com', 'combos', 'de', 'promoções', 'mais', 'acessíveis']","['combos', 'promoções', 'acessíveis']","['combos', 'promoção', 'acessível']",combos promoções acessíveis,combos promoção acessível,promotor
2024,L5082-VILA ANDRADE (1346),mar,10,2024-03-04,"Como pode melhorar? reduzindo o valor das carnes e continuar com a excelente qualidade dos produtos, serviços e atendimento.",promotor,1,"['Como', 'pode', 'melhorar', '?', 'reduzindo', 'o', 'valor', 'das', 'carnes', 'e', 'continuar', 'com', 'a', 'excelente', 'qualidade', 'dos', 'produtos', ',', 'serviços', 'e', 'atendimento', '.']","['pode', 'melhorar', 'reduzindo', 'valor', 'carnes', 'continuar', 'excelente', 'qualidade', 'produtos', 'serviços', 'atendimento']","['poder', 'melhorar', 'reduzir', 'valor', 'carne', 'continuar', 'excelente', 'qualidade', 'produto', 'serviço', 'atendimento']",pode melhorar reduzindo valor carnes continuar excelente qualidade produtos serviços atendimento,poder melhorar reduzir valor carne continuar excelente qualidade produto serviço atendimento,promotor
2024,L5082-VILA ANDRADE (1346),mar,10,2024-03-05,"Vendendo ovos caipiras, daí encontro todas as proteínas num único lugar",promotor,1,"['Vendendo', 'ovos', 'caipiras', ',', 'daí', 'encontro', 'todas', 'as', 'proteínas', 'num', 'único', 'lugar']","['vendendo', 'ovos', 'caipiras', 'daí', 'encontro', 'todas', 'proteínas', 'único', 'lugar']","['vender', 'ovo', 'caipira', 'deaí', 'encontro', 'todo', 'proteína', 'único', 'lugar']",vendendo ovos caipiras daí encontro todas proteínas único lugar,vender ovo caipira deaí encontro todo proteína único lugar,promotor
2024,L5082-VILA ANDRADE (1346),mar,10,2024-03-07,"Loja impecável em organização e atendimento, muito bom vim aqui.",promotor,1,"['Loja', 'impecável', 'em', 'organização', 'e', 'atendimento', ',', 'muito', 'bom', 'vim', 'aqui', '.']","['loja', 'impecável', 'organização', 'atendimento', 'bom', 'vim', 'aqui']","['loja', 'impecável', 'organização', 'atendimento', 'bom', 'vir', 'aqui']",loja impecável organização atendimento bom vim aqui,loja impecável organização atendimento bom vir aqui,promotor
2024,L5082-VILA ANDRADE (1346),mar,10,2024-03-10,melhorar a navegação,neutro,0,"['melhorar', 'a', 'navegação']","['melhorar', 'navegação']","['melhorar', 'navegação']",melhorar navegação,melhorar navegação,neutro
2024,L5082-VILA ANDRADE (1346),mar,11,2024-03-11,"CONTINUEM ASSIM! esta ótimo, prático e muito bom.  Precinho se melhorar, não tem pra ninguém",promotor,1,"['CONTINUEM', 'ASSIM', '!', 'esta', 'ótimo', ',', 'prático', 'e', 'muito', 'bom', '.', 'Precinho', 'se', 'melhorar', ',', 'não', 'tem', 'pra', 'ninguém']","['continuem', 'assim', 'ótimo', 'prático', 'bom', 'precinho', 'melhorar', 'não', 'pra', 'ninguém']","['continuar', 'assim', 'ótimo', 'prático', 'bom', 'precinho', 'melhorar', 'não', 'pra', 'ninguém']",continuem assim ótimo prático bom precinho melhorar não pra ninguém,continuar assim ótimo prático bom precinho melhorar não pra ninguém,promotor
2024,L5082-VILA ANDRADE (1346),mar,11,2024-03-11,Descontos para clientes cadastrados exemplo: um app com desconto só ativar e o desconto sai no caixa,promotor,1,"['Descontos', 'para', 'clientes', 'cadastrados', 'exemplo', ':', 'um', 'app', 'com', 'desconto', 'só', 'ativar', 'e', 'o', 'desconto', 'sai', 'no', 'caixa']","['descontos', 'clientes', 'cadastrados', 'exemplo', 'app', 'desconto', 'ativar', 'desconto', 'sai', 'caixa']","['desconto', 'cliente', 'cadastrar', 'exemplo', 'app', 'desconto', 'ativar', 'desconto', 'sair', 'caixa']",descontos clientes cadastrados exemplo app desconto ativar desconto sai caixa,desconto cliente cadastrar exemplo app desconto ativar desconto sair caixa,promotor
2024,L5082-VILA ANDRADE (1346),mar,11,2024-03-11,"Eu amo os produtos , poderia serem mais baratos",promotor,1,"['Eu', 'amo', 'os', 'produtos', ',', 'poderia', 'serem', 'mais', 'baratos']","['amo', 'produtos', 'poderia', 'serem', 'baratos']","['amo', 'produto', 'poder', 'ser', 'barato']",amo produtos poderia serem baratos,amo produto poder ser barato,promotor
2024,L5082-VILA ANDRADE (1346),mar,11,2024-03-11,"Loja e muito organizada e limpa,atendentes sempre prestativos",promotor,1,"['Loja', 'e', 'muito', 'organizada', 'e', 'limpa', ',', 'atendentes', 'sempre', 'prestativos']","['loja', 'organizada', 'limpa', 'atendentes', 'sempre', 'prestativos']","['loja', 'organizar', 'limpa', 'atendente', 'sempre', 'prestativo']",loja organizada limpa atendentes sempre prestativos,loja organizar limpa atendente sempre prestativo,promotor
2024,L5082-VILA ANDRADE (1346),mar,11,2024-03-11,Ótimo atendimento! Muito agilidade e eficiência no trabalho prestado!,promotor,1,"['Ótimo', 'atendimento', '!', 'Muito', 'agilidade', 'e', 'eficiência', 'no', 'trabalho', 'prestado', '!']","['ótimo', 'atendimento', 'agilidade', 'eficiência', 'trabalho', 'prestado']","['bom', 'atendimento', 'agilidader', 'eficiência', 'trabalho', 'prestar']",ótimo atendimento agilidade eficiência trabalho prestado,bom atendimento agilidader eficiência trabalho prestar,promotor
2024,L5082-VILA ANDRADE (1346),mar,11,2024-03-13,Cupom de desconto,promotor,1,"['Cupom', 'de', 'desconto']","['cupom', 'desconto']","['cupom', 'desconto']",cupom desconto,cupom desconto,promotor
2024,L5082-VILA ANDRADE (1346),mar,11,2024-03-14,Para melhorar só é preciso diminuir a taxa de entrega para os CEP próximos a algumas lojas .,promotor,1,"['Para', 'melhorar', 'só', 'é', 'preciso', 'diminuir', 'a', 'taxa', 'de', 'entrega', 'para', 'os', 'CEP', 'próximos', 'a', 'algumas', 'lojas', '.']","['melhorar', 'preciso', 'diminuir', 'taxa', 'entrega', 'cep', 'próximos', 'algumas', 'lojas']","['melhorar', 'preciso', 'diminuir', 'taxa', 'entregar', 'cep', 'próximo', 'algum', 'loja']",melhorar preciso diminuir taxa entrega cep próximos algumas lojas,melhorar preciso diminuir taxa entregar cep próximo algum loja,promotor
2024,L5082-VILA ANDRADE (1346),mar,12,2024-03-18,Melhoras os preços se possível,promotor,1,"['Melhoras', 'os', 'preços', 'se', 'possível']","['melhoras', 'preços', 'possível']","['melhora', 'preço', 'possível']",melhoras preços possível,melhora preço possível,promotor
2024,L5082-VILA ANDRADE (1346),mar,12,2024-03-21,"Bom preço e boa qualidade,;Todos vao gostar e comprar👍😄;;",promotor,1,"['Bom', 'preço', 'e', 'boa', 'qualidade', ',', ';', 'Todos', 'vao', 'gostar', 'e', 'comprar👍😄', ';', ';']","['bom', 'preço', 'boa', 'qualidade', 'todos', 'vao', 'gostar', 'comprar']","['bom', 'preço', 'bom', 'qualidade', 'todo', 'vao', 'gostar', 'comprar']",bom preço boa qualidade todos vao gostar comprar,bom preço bom qualidade todo vao gostar comprar,promotor
2024,L5082-VILA ANDRADE (1346),mar,12,2024-03-21,"Compro no freezer dentro do Pão de Açúcar, procurei a loja achando que o preço seria melhor… só um item achei vantajoso. Funcionários repondo os estoques com caixas espalhadas pela loja;  uma “delicadeza”… parecia uma obra da construção civil…",detrator,-1,"['Compro', 'no', 'freezer', 'dentro', 'do', 'Pão', 'de', 'Açúcar', ',', 'procurei', 'a', 'loja', 'achando', 'que', 'o', 'preço', 'seria', 'melhor…', 'só', 'um', 'item', 'achei', 'vantajoso', '.', 'Funcionários', 'repondo', 'os', 'estoques', 'com', 'caixas', 'espalhadas', 'pela', 'loja', ';', 'uma', '“', 'delicadeza', '”', '…', 'parecia', 'uma', 'obra', 'da', 'construção', 'civil…']","['compro', 'freezer', 'dentro', 'pão', 'açúcar', 'procurei', 'loja', 'achando', 'preço', 'melhor', 'item', 'achei', 'vantajoso', 'funcionários', 'repondo', 'estoques', 'caixas', 'espalhadas', 'loja', 'delicadeza', 'parecia', 'obra', 'construção', 'civil']","['compro', 'freezer', 'dentro', 'pão', 'açúcar', 'procurei', 'loja', 'achar', 'preço', 'bom', 'item', 'achar', 'vantajoso', 'funcionário', 'repor', 'estoque', 'caixa', 'espalhar', 'loja', 'delicadeza', 'parecer', 'obra', 'construção', 'civil']",compro freezer dentro pão açúcar procurei loja achando preço melhor item achei vantajoso funcionários repondo estoques caixas espalhadas loja delicadeza parecia obra construção civil,compro freezer dentro pão açúcar procurei loja achar preço bom item achar vantajoso funcionário repor estoque caixa espalhar loja delicadeza parecer obra construção civil,detrator
2024,L5082-VILA ANDRADE (1346),mar,12,2024-03-22,Ultimamente tenho me decepcionado com os produtos da SWIFT.. A maioria estão na situação: congelado / descongelado,detrator,-1,"['Ultimamente', 'tenho', 'me', 'decepcionado', 'com', 'os', 'produtos', 'da', 'SWIFT', '..', 'A', 'maioria', 'estão', 'na', 'situação', ':', 'congelado', '/', 'descongelado']","['ultimamente', 'decepcionado', 'produtos', 'swift', 'maioria', 'situação', 'congelado', 'descongelado']","['ultimamente', 'decepcionar', 'produto', 'swift', 'maiorio', 'situação', 'congelar', 'descongelar']",ultimamente decepcionado produtos swift maioria situação congelado descongelado,ultimamente decepcionar produto swift maiorio situação congelar descongelar,detrator
2024,L5082-VILA ANDRADE (1346),mar,12,2024-03-24,Ótimo Atendimento,promotor,1,"['Ótimo', 'Atendimento']","['ótimo', 'atendimento']","['bom', 'atendimento']",ótimo atendimento,bom atendimento,promotor
2024,L5082-VILA ANDRADE (1346),mar,13,2024-03-26,"observação recorrente a minha , a disposição dos produtos de churrasco nas lojas ainda esta confusa , e não tem seguido o mesmo padrão nas 3 lojas que eu uso com frequencia . Precisa ser mais intuitivo.;Por outro lado voltei a encotrar produtos que antes tinham sumido , como o assado de tira gran reserva.",promotor,1,"['observação', 'recorrente', 'a', 'minha', ',', 'a', 'disposição', 'dos', 'produtos', 'de', 'churrasco', 'nas', 'lojas', 'ainda', 'esta', 'confusa', ',', 'e', 'não', 'tem', 'seguido', 'o', 'mesmo', 'padrão', 'nas', '3', 'lojas', 'que', 'eu', 'uso', 'com', 'frequencia', '.', 'Precisa', 'ser', 'mais', 'intuitivo', '.', ';', 'Por', 'outro', 'lado', 'voltei', 'a', 'encotrar', 'produtos', 'que', 'antes', 'tinham', 'sumido', ',', 'como', 'o', 'assado', 'de', 'tira', 'gran', 'reserva', '.']","['observação', 'recorrente', 'disposição', 'produtos', 'churrasco', 'lojas', 'ainda', 'confusa', 'não', 'seguido', 'padrão', 'lojas', 'uso', 'frequencia', 'precisa', 'intuitivo', 'outro', 'lado', 'voltei', 'encotrar', 'produtos', 'antes', 'sumido', 'assado', 'tira', 'gran', 'reserva']","['observação', 'recorrente', 'disposição', 'produto', 'churrasco', 'loja', 'ainda', 'confusar', 'não', 'seguir', 'padrão', 'loja', 'uso', 'frequencia', 'preciso', 'intuitivo', 'outro', 'lado', 'voltar', 'encotrar', 'produto', 'antes', 'sumer', 'assar', 'tira', 'granr', 'reserva']",observação recorrente disposição produtos churrasco lojas ainda confusa não seguido padrão lojas uso frequencia precisa intuitivo outro lado voltei encotrar produtos antes sumido assado tira gran reserva,observação recorrente disposição produto churrasco loja ainda confusar não seguir padrão loja uso frequencia preciso intuitivo outro lado voltar encotrar produto antes sumer assar tira granr reserva,promotor
2024,L5082-VILA ANDRADE (1346),mar,13,2024-03-26,A Swift ofereceu 20 reais desconto na primeira compra e não tive esse desconto!,neutro,0,"['A', 'Swift', 'ofereceu', '20', 'reais', 'desconto', 'na', 'primeira', 'compra', 'e', 'não', 'tive', 'esse', 'desconto', '!']","['swift', 'ofereceu', 'reais', 'desconto', 'primeira', 'compra', 'não', 'desconto']","['swift', 'oferecer', 'real', 'desconto', 'primeiro', 'compra', 'não', 'descontar']",swift ofereceu reais desconto primeira compra não desconto,swift oferecer real desconto primeiro compra não descontar,neutro
2024,L5082-VILA ANDRADE (1346),mar,13,2024-03-26,"qualidade da carne, PÉSSIMA!!! Cheia de nervo!!!",detrator,-1,"['qualidade', 'da', 'carne', ',', 'PÉSSIMA', '!', '!', '!', 'Cheia', 'de', 'nervo', '!', '!', '!']","['qualidade', 'carne', 'péssima', 'cheia', 'nervo']","['qualidade', 'carnir', 'péssimo', 'cheio', 'nervo']",qualidade carne péssima cheia nervo,qualidade carnir péssimo cheio nervo,detrator
2024,L5082-VILA ANDRADE (1346),mar,13,2024-03-28,"Creio que, nos pacotes de carne, vocês usam pedacinhos para compor o peso esses pedaços não servem para nada creio quer deveria ser feito costas mais precisos para não ter essa situação.",promotor,1,"['Creio', 'que', ',', 'nos', 'pacotes', 'de', 'carne', ',', 'vocês', 'usam', 'pedacinhos', 'para', 'compor', 'o', 'peso', 'esses', 'pedaços', 'não', 'servem', 'para', 'nada', 'creio', 'quer', 'deveria', 'ser', 'feito', 'costas', 'mais', 'precisos', 'para', 'não', 'ter', 'essa', 'situação', '.']","['creio', 'pacotes', 'carne', 'usam', 'pedacinhos', 'compor', 'peso', 'pedaços', 'não', 'servem', 'nada', 'creio', 'quer', 'deveria', 'feito', 'costas', 'precisos', 'não', 'situação']","['crer', 'pacote', 'carne', 'usar', 'pedacinho', 'compor', 'peso', 'pedaço', 'não', 'servir', 'nada', 'crer', 'querer', 'dever', 'fazer', 'costa', 'preciso', 'não', 'situaçãor']",creio pacotes carne usam pedacinhos compor peso pedaços não servem nada creio quer deveria feito costas precisos não situação,crer pacote carne usar pedacinho compor peso pedaço não servir nada crer querer dever fazer costa preciso não situaçãor,promotor
2024,L5082-VILA ANDRADE (1346),mar,13,2024-03-28,"No momento não tenho reclamações, já efetuei três pedidos e veio tudo certinho. Estou encantada,com o cuidado que vem os produtos muito bem embalados. Já indiquei 3 pessoas próximas que já estão comprando também.😀",promotor,1,"['No', 'momento', 'não', 'tenho', 'reclamações', ',', 'já', 'efetuei', 'três', 'pedidos', 'e', 'veio', 'tudo', 'certinho', '.', 'Estou', 'encantada', ',', 'com', 'o', 'cuidado', 'que', 'vem', 'os', 'produtos', 'muito', 'bem', 'embalados', '.', 'Já', 'indiquei', '3', 'pessoas', 'próximas', 'que', 'já', 'estão', 'comprando', 'também.😀']","['momento', 'não', 'reclamações', 'efetuei', 'três', 'pedidos', 'veio', 'tudo', 'certinho', 'encantada', 'cuidado', 'vem', 'produtos', 'bem', 'embalados', 'indiquei', 'pessoas', 'próximas', 'comprando']","['momento', 'não', 'reclamação', 'efetuei', 'três', 'pedido', 'vir', 'tudo', 'certinho', 'encantar', 'cuidado', 'vir', 'produto', 'bem', 'embalar', 'indiquei', 'pessoa', 'próximo', 'comprar']",momento não reclamações efetuei três pedidos veio tudo certinho encantada cuidado vem produtos bem embalados indiquei pessoas próximas comprando,momento não reclamação efetuei três pedido vir tudo certinho encantar cuidado vir produto bem embalar indiquei pessoa próximo comprar,promotor
2024,L5082-VILA ANDRADE (1346),mar,13,2024-03-28,"Qualidade excelente, salve neguinho, qualquer dia apareço aí 👊🏽",promotor,1,"['Qualidade', 'excelente', ',', 'salve', 'neguinho', ',', 'qualquer', 'dia', 'apareço', 'aí', '👊🏽']","['qualidade', 'excelente', 'salve', 'neguinho', 'qualquer', 'dia', 'apareço', 'aí']","['qualidade', 'excelente', 'salver', 'neguinho', 'qualquer', 'dia', 'apareço', 'aí']",qualidade excelente salve neguinho qualquer dia apareço aí,qualidade excelente salver neguinho qualquer dia apareço aí,promotor
2024,L5082-VILA ANDRADE (1346),mar,13,2024-03-28,Não recebi ainda meus produtos adquiridos e pagos. Tem 2 dias.,detrator,-1,"['Não', 'recebi', 'ainda', 'meus', 'produtos', 'adquiridos', 'e', 'pagos', '.', 'Tem', '2', 'dias', '.']","['não', 'recebi', 'ainda', 'produtos', 'adquiridos', 'pagos', 'dias']","['não', 'recebir', 'ainda', 'produto', 'adquirir', 'pagos', 'dia']",não recebi ainda produtos adquiridos pagos dias,não recebir ainda produto adquirir pagos dia,detrator
2024,L5082-VILA ANDRADE (1346),mar,13,2024-03-31,"Primeira compra feita pelo site,nota 1000  entrega no dia , horário, pontual!!!👏🏻👏🏻👏🏻👏🏻 Com certeza irei comprar mais vezes!!!",promotor,1,"['Primeira', 'compra', 'feita', 'pelo', 'site', ',', 'nota', '1000', 'entrega', 'no', 'dia', ',', 'horário', ',', 'pontual', '!', '!', '!', '👏🏻👏🏻👏🏻👏🏻', 'Com', 'certeza', 'irei', 'comprar', 'mais', 'vezes', '!', '!', '!']","['primeira', 'compra', 'feita', 'site', 'nota', 'entrega', 'dia', 'horário', 'pontual', 'certeza', 'irei', 'comprar', 'vezes']","['primeiro', 'compra', 'fazer', 'site', 'nota', 'entregar', 'dia', 'horário', 'pontual', 'certeza', 'ir', 'comprar', 'vez']",primeira compra feita site nota entrega dia horário pontual certeza irei comprar vezes,primeiro compra fazer site nota entregar dia horário pontual certeza ir comprar vez,promotor
2024,L5082-VILA ANDRADE (1346),mar,13,2024-03-31,Acredito que poderia ter uma maior variedade de comidas prontas individuais,neutro,0,"['Acredito', 'que', 'poderia', 'ter', 'uma', 'maior', 'variedade', 'de', 'comidas', 'prontas', 'individuais']","['acredito', 'poderia', 'maior', 'variedade', 'comidas', 'prontas', 'individuais']","['acreditar', 'poder', 'grande', 'variedade', 'comer', 'pronto', 'individual']",acredito poderia maior variedade comidas prontas individuais,acreditar poder grande variedade comer pronto individual,neutro
2024,L5082-VILA ANDRADE (1346),abr,14,2024-04-03,não precisa melhorar´está otima,promotor,1,"['não', 'precisa', 'melhorar´está', 'otima']","['não', 'precisa', 'melhorarestá', 'otima']","['não', 'precisar', 'melhorarestá', 'otimo']",não precisa melhorarestá otima,não precisar melhorarestá otimo,promotor
2024,L5082-VILA ANDRADE (1346),abr,14,2024-04-03,"coordenar melhor a entrega, pois precisei ligar e pedir que os produtos fossem entregues. No site estava descrito entrega em dia util, mas aparentemente tentaram fazer no domingo de pascoa e não tentaram novamente, precisei solicitar",detrator,-1,"['coordenar', 'melhor', 'a', 'entrega', ',', 'pois', 'precisei', 'ligar', 'e', 'pedir', 'que', 'os', 'produtos', 'fossem', 'entregues', '.', 'No', 'site', 'estava', 'descrito', 'entrega', 'em', 'dia', 'util', ',', 'mas', 'aparentemente', 'tentaram', 'fazer', 'no', 'domingo', 'de', 'pascoa', 'e', 'não', 'tentaram', 'novamente', ',', 'precisei', 'solicitar']","['coordenar', 'melhor', 'entrega', 'pois', 'precisei', 'ligar', 'pedir', 'produtos', 'entregues', 'site', 'descrito', 'entrega', 'dia', 'util', 'aparentemente', 'tentaram', 'fazer', 'domingo', 'pascoa', 'não', 'tentaram', 'novamente', 'precisei', 'solicitar']","['coordenar', 'bom', 'entrega', 'pois', 'preciseir', 'ligar', 'pedir', 'produto', 'entregar', 'site', 'descrever', 'entregar', 'dia', 'util', 'aparentemente', 'tentar', 'fazer', 'domingo', 'pascoa', 'não', 'tentar', 'novamente', 'precisar', 'solicitar']",coordenar melhor entrega pois precisei ligar pedir produtos entregues site descrito entrega dia util aparentemente tentaram fazer domingo pascoa não tentaram novamente precisei solicitar,coordenar bom entrega pois preciseir ligar pedir produto entregar site descrever entregar dia util aparentemente tentar fazer domingo pascoa não tentar novamente precisar solicitar,detrator
2024,L5082-VILA ANDRADE (1346),abr,14,2024-04-04,Preço menores.,promotor,1,"['Preço', 'menores', '.']","['preço', 'menores']","['preço', 'pequeno']",preço menores,preço pequeno,promotor
2024,L5082-VILA ANDRADE (1346),abr,14,2024-04-06,"A loja que geralmente frequento sempre tem tudo em ordem de forma visível e prático, não precisa melhorar em nada não.",promotor,1,"['A', 'loja', 'que', 'geralmente', 'frequento', 'sempre', 'tem', 'tudo', 'em', 'ordem', 'de', 'forma', 'visível', 'e', 'prático', ',', 'não', 'precisa', 'melhorar', 'em', 'nada', 'não', '.']","['loja', 'geralmente', 'frequento', 'sempre', 'tudo', 'ordem', 'forma', 'visível', 'prático', 'não', 'precisa', 'melhorar', 'nada', 'não']","['lojar', 'geralmente', 'frequentar', 'sempre', 'tudo', 'ordir', 'forma', 'visível', 'prático', 'não', 'precisar', 'melhorar', 'nada', 'não']",loja geralmente frequento sempre tudo ordem forma visível prático não precisa melhorar nada não,lojar geralmente frequentar sempre tudo ordir forma visível prático não precisar melhorar nada não,promotor
2024,L5082-VILA ANDRADE (1346),abr,14,2024-04-07,"Criando um programa de fidelização, acumulando pontos (cashback)",promotor,1,"['Criando', 'um', 'programa', 'de', 'fidelização', ',', 'acumulando', 'pontos', '(', 'cashback', ')']","['criando', 'programa', 'fidelização', 'acumulando', 'pontos', 'cashback']","['criar', 'programa', 'fidelização', 'acumular', 'ponto', 'cashback']",criando programa fidelização acumulando pontos cashback,criar programa fidelização acumular ponto cashback,promotor
2024,L5082-VILA ANDRADE (1346),abr,15,2024-04-08,Podiam aceitar cartão refeição. Ajudaria muito,detrator,-1,"['Podiam', 'aceitar', 'cartão', 'refeição', '.', 'Ajudaria', 'muito']","['podiam', 'aceitar', 'cartão', 'refeição', 'ajudaria']","['poder', 'aceitar', 'cartão', 'refeição', 'ajudar']",podiam aceitar cartão refeição ajudaria,poder aceitar cartão refeição ajudar,detrator
2024,L5082-VILA ANDRADE (1346),abr,15,2024-04-08,Vocês poderiam baixar os preços pois estão muito altos!!,detrator,-1,"['Vocês', 'poderiam', 'baixar', 'os', 'preços', 'pois', 'estão', 'muito', 'altos', '!', '!']","['poderiam', 'baixar', 'preços', 'pois', 'altos']","['poder', 'baixar', 'preço', 'pois', 'alto']",poderiam baixar preços pois altos,poder baixar preço pois alto,detrator
2024,L5082-VILA ANDRADE (1346),abr,15,2024-04-10,POderiámos parcelar nossas compras no cartão de crédito,promotor,1,"['POderiámos', 'parcelar', 'nossas', 'compras', 'no', 'cartão', 'de', 'crédito']","['poderiámos', 'parcelar', 'compras', 'cartão', 'crédito']","['poderiar', 'parcelar', 'compra', 'cartão', 'crédito']",poderiámos parcelar compras cartão crédito,poderiar parcelar compra cartão crédito,promotor
2024,L5082-VILA ANDRADE (1346),abr,15,2024-04-11,Minha compra foi cancelada não tive o estorno ainda e não me respondem me deixam falando no WhatsApp passando de um para outro falta de respeito com o cliente,detrator,-1,"['Minha', 'compra', 'foi', 'cancelada', 'não', 'tive', 'o', 'estorno', 'ainda', 'e', 'não', 'me', 'respondem', 'me', 'deixam', 'falando', 'no', 'WhatsApp', 'passando', 'de', 'um', 'para', 'outro', 'falta', 'de', 'respeito', 'com', 'o', 'cliente']","['compra', 'cancelada', 'não', 'estorno', 'ainda', 'não', 'respondem', 'deixam', 'falando', 'whatsapp', 'passando', 'outro', 'falta', 'respeito', 'cliente']","['compra', 'cancelar', 'não', 'estorno', 'ainda', 'não', 'responder', 'deixar', 'falar', 'whatsapp', 'passar', 'outro', 'falta', 'respeito', 'cliente']",compra cancelada não estorno ainda não respondem deixam falando whatsapp passando outro falta respeito cliente,compra cancelar não estorno ainda não responder deixar falar whatsapp passar outro falta respeito cliente,detrator
2024,L5082-VILA ANDRADE (1346),abr,16,2024-04-15,Nada a declarar por enquanto !!,promotor,1,"['Nada', 'a', 'declarar', 'por', 'enquanto', '!', '!']","['nada', 'declarar', 'enquanto']","['nada', 'declarar', 'enquanto']",nada declarar enquanto,nada declarar enquanto,promotor
2024,L5082-VILA ANDRADE (1346),abr,16,2024-04-15,"Optei o pagamento pela entrega mais rápida (em até 3 horas), mas só recebi o pedido no dia seguinte.;A qualidade do produto é boa, mas o que foi oferecido não foi entregue.",detrator,-1,"['Optei', 'o', 'pagamento', 'pela', 'entrega', 'mais', 'rápida', '(', 'em', 'até', '3', 'horas', ')', ',', 'mas', 'só', 'recebi', 'o', 'pedido', 'no', 'dia', 'seguinte', '.', ';', 'A', 'qualidade', 'do', 'produto', 'é', 'boa', ',', 'mas', 'o', 'que', 'foi', 'oferecido', 'não', 'foi', 'entregue', '.']","['optei', 'pagamento', 'entrega', 'rápida', 'horas', 'recebi', 'pedido', 'dia', 'seguinte', 'qualidade', 'produto', 'boa', 'oferecido', 'não', 'entregue']","['optar', 'pagamento', 'entregar', 'rápido', 'hora', 'recebi', 'pedir', 'dia', 'seguinte', 'qualidade', 'produto', 'boa', 'oferecer', 'não', 'entregar']",optei pagamento entrega rápida horas recebi pedido dia seguinte qualidade produto boa oferecido não entregue,optar pagamento entregar rápido hora recebi pedir dia seguinte qualidade produto boa oferecer não entregar,detrator
2024,L5082-VILA ANDRADE (1346),abr,16,2024-04-16,Bons produtos e bons preços,promotor,1,"['Bons', 'produtos', 'e', 'bons', 'preços']","['bons', 'produtos', 'bons', 'preços']","['bom', 'produto', 'bom', 'preço']",bons produtos bons preços,bom produto bom preço,promotor
2024,L5082-VILA ANDRADE (1346),abr,16,2024-04-18,Melhores promoções,promotor,1,"['Melhores', 'promoções']","['melhores', 'promoções']","['bom', 'promoção']",melhores promoções,bom promoção,promotor
2024,L5082-VILA ANDRADE (1346),abr,17,2024-04-22,"Honestamente , sou totalmente fã da Swift , ela levou a possibilidade para todos . Os preços são bons e os produtos de qualidade .  Nada a reclamar .",promotor,1,"['Honestamente', ',', 'sou', 'totalmente', 'fã', 'da', 'Swift', ',', 'ela', 'levou', 'a', 'possibilidade', 'para', 'todos', '.', 'Os', 'preços', 'são', 'bons', 'e', 'os', 'produtos', 'de', 'qualidade', '.', 'Nada', 'a', 'reclamar', '.']","['honestamente', 'totalmente', 'fã', 'swift', 'levou', 'possibilidade', 'todos', 'preços', 'bons', 'produtos', 'qualidade', 'nada', 'reclamar']","['honestamente', 'totalmente', 'fã', 'swift', 'levar', 'possibilidade', 'todo', 'preço', 'bom', 'produto', 'qualidade', 'nada', 'reclamar']",honestamente totalmente fã swift levou possibilidade todos preços bons produtos qualidade nada reclamar,honestamente totalmente fã swift levar possibilidade todo preço bom produto qualidade nada reclamar,promotor
2024,L5082-VILA ANDRADE (1346),abr,17,2024-04-23,"Criar um fidelidade melhor. Tipos quanto mais compras gera cashback que troca por produtos, bolsas térmicas, kits, etc",promotor,1,"['Criar', 'um', 'fidelidade', 'melhor', '.', 'Tipos', 'quanto', 'mais', 'compras', 'gera', 'cashback', 'que', 'troca', 'por', 'produtos', ',', 'bolsas', 'térmicas', ',', 'kits', ',', 'etc']","['criar', 'fidelidade', 'melhor', 'tipos', 'quanto', 'compras', 'gera', 'cashback', 'troca', 'produtos', 'bolsas', 'térmicas', 'kits', 'etc']","['criar', 'fidelidade', 'melhor', 'tipo', 'quanto', 'compra', 'gerar', 'cashback', 'troca', 'produto', 'bolsa', 'térmico', 'kits', 'etc']",criar fidelidade melhor tipos quanto compras gera cashback troca produtos bolsas térmicas kits etc,criar fidelidade melhor tipo quanto compra gerar cashback troca produto bolsa térmico kits etc,promotor
2024,L5082-VILA ANDRADE (1346),abr,17,2024-04-23,Mandando mimos kk,promotor,1,"['Mandando', 'mimos', 'kk']","['mandando', 'mimos', 'kk']","['mandar', 'mimo', 'kk']",mandando mimos kk,mandar mimo kk,promotor
2024,L5082-VILA ANDRADE (1346),abr,17,2024-04-24,Um segurança  em loja,promotor,1,"['Um', 'segurança', 'em', 'loja']","['segurança', 'loja']","['segurança', 'lojo']",segurança loja,segurança lojo,promotor
2024,L5082-VILA ANDRADE (1346),mai,18,2024-05-02,"As entregas estão demorando muito, tive um um pedido que fiz pela manhã entregaram a noite , tentei falar o dia todo com o suporte e não tive resposta.",detrator,-1,"['As', 'entregas', 'estão', 'demorando', 'muito', ',', 'tive', 'um', 'um', 'pedido', 'que', 'fiz', 'pela', 'manhã', 'entregaram', 'a', 'noite', ',', 'tentei', 'falar', 'o', 'dia', 'todo', 'com', 'o', 'suporte', 'e', 'não', 'tive', 'resposta', '.']","['entregas', 'demorando', 'pedido', 'fiz', 'manhã', 'entregaram', 'noite', 'tentei', 'falar', 'dia', 'todo', 'suporte', 'não', 'resposta']","['entrega', 'demorar', 'pedir', 'fiz', 'manhã', 'entregar', 'noite', 'tentar', 'falar', 'dia', 'todo', 'suporte', 'não', 'respostar']",entregas demorando pedido fiz manhã entregaram noite tentei falar dia todo suporte não resposta,entrega demorar pedir fiz manhã entregar noite tentar falar dia todo suporte não respostar,detrator
2024,L5082-VILA ANDRADE (1346),mai,18,2024-05-05,Aumentar variedade de produtos prontos,promotor,1,"['Aumentar', 'variedade', 'de', 'produtos', 'prontos']","['aumentar', 'variedade', 'produtos', 'prontos']","['aumentar', 'variedade', 'produto', 'pronto']",aumentar variedade produtos prontos,aumentar variedade produto pronto,promotor
2024,L5082-VILA ANDRADE (1346),mai,18,2024-05-05,Melhorando ainda mais os preços,promotor,1,"['Melhorando', 'ainda', 'mais', 'os', 'preços']","['melhorando', 'ainda', 'preços']","['melhorar', 'ainda', 'preço']",melhorando ainda preços,melhorar ainda preço,promotor
2024,L5082-VILA ANDRADE (1346),mai,19,2024-05-06,"Observar que os produtos expostos estejam na etiqueta de preço correto, pois isso induz o cliente pegar um produto e confundir o preço",neutro,0,"['Observar', 'que', 'os', 'produtos', 'expostos', 'estejam', 'na', 'etiqueta', 'de', 'preço', 'correto', ',', 'pois', 'isso', 'induz', 'o', 'cliente', 'pegar', 'um', 'produto', 'e', 'confundir', 'o', 'preço']","['observar', 'produtos', 'expostos', 'etiqueta', 'preço', 'correto', 'pois', 'induz', 'cliente', 'pegar', 'produto', 'confundir', 'preço']","['observar', 'produto', 'expor', 'etiqueta', 'preço', 'correto', 'pois', 'induzir', 'cliente', 'pegar', 'produto', 'confundir', 'preço']",observar produtos expostos etiqueta preço correto pois induz cliente pegar produto confundir preço,observar produto expor etiqueta preço correto pois induzir cliente pegar produto confundir preço,neutro
2024,L5082-VILA ANDRADE (1346),mai,19,2024-05-07,"O app estava com problemas,  só consegui fazer o pedido pelo WhatsApp",neutro,0,"['O', 'app', 'estava', 'com', 'problemas', ',', 'só', 'consegui', 'fazer', 'o', 'pedido', 'pelo', 'WhatsApp']","['app', 'problemas', 'consegui', 'fazer', 'pedido', 'whatsapp']","['app', 'problema', 'conseguir', 'fazer', 'pedir', 'whatsapp']",app problemas consegui fazer pedido whatsapp,app problema conseguir fazer pedir whatsapp,neutro
2024,L5082-VILA ANDRADE (1346),mai,19,2024-05-07,"Sempre comprei enunca tive problema, porem o ultimo pedido realizado não recebi.;Entrei em contato via e-mail e whats porem sem retorno algum.;;Existe um canal ""Resolve"" que não funciona e que não dão importancia alguma para o cliente.",detrator,-1,"['Sempre', 'comprei', 'enunca', 'tive', 'problema', ',', 'porem', 'o', 'ultimo', 'pedido', 'realizado', 'não', 'recebi', '.', ';', 'Entrei', 'em', 'contato', 'via', 'e-mail', 'e', 'whats', 'porem', 'sem', 'retorno', 'algum', '.', ';', ';', 'Existe', 'um', 'canal', '``', 'Resolve', ""''"", 'que', 'não', 'funciona', 'e', 'que', 'não', 'dão', 'importancia', 'alguma', 'para', 'o', 'cliente', '.']","['sempre', 'comprei', 'enunca', 'problema', 'porem', 'ultimo', 'pedido', 'realizado', 'não', 'recebi', 'entrei', 'contato', 'via', 'email', 'whats', 'porem', 'retorno', 'algum', 'existe', 'canal', 'resolve', 'não', 'funciona', 'não', 'dão', 'importancia', 'alguma', 'cliente']","['sempre', 'comprei', 'enunca', 'problema', 'por', 'ultimo', 'pedir', 'realizar', 'não', 'recebi', 'entrar', 'contato', 'ver', 'email', 'whats', 'por', 'retorno', 'algum', 'existir', 'canal', 'resolver', 'não', 'funcionar', 'não', 'dar', 'importancia', 'algum', 'cliente']",sempre comprei enunca problema porem ultimo pedido realizado não recebi entrei contato via email whats porem retorno algum existe canal resolve não funciona não dão importancia alguma cliente,sempre comprei enunca problema por ultimo pedir realizar não recebi entrar contato ver email whats por retorno algum existir canal resolver não funcionar não dar importancia algum cliente,detrator
2024,L5082-VILA ANDRADE (1346),mai,19,2024-05-10,"Toda vez que eu vou, os atendentes estão abastecendo as prateleiras ao mesmo tempo que os clientes tentam comprar e acabam atrapalhando um pouco a experiência",promotor,1,"['Toda', 'vez', 'que', 'eu', 'vou', ',', 'os', 'atendentes', 'estão', 'abastecendo', 'as', 'prateleiras', 'ao', 'mesmo', 'tempo', 'que', 'os', 'clientes', 'tentam', 'comprar', 'e', 'acabam', 'atrapalhando', 'um', 'pouco', 'a', 'experiência']","['toda', 'vez', 'vou', 'atendentes', 'abastecendo', 'prateleiras', 'tempo', 'clientes', 'tentam', 'comprar', 'acabam', 'atrapalhando', 'pouco', 'experiência']","['todo', 'vez', 'ir', 'atendente', 'abastecer', 'prateleira', 'tempo', 'cliente', 'tentar', 'comprar', 'acabar', 'atrapalhar', 'pouco', 'experiência']",toda vez vou atendentes abastecendo prateleiras tempo clientes tentam comprar acabam atrapalhando pouco experiência,todo vez ir atendente abastecer prateleira tempo cliente tentar comprar acabar atrapalhar pouco experiência,promotor
2024,L5082-VILA ANDRADE (1346),mai,19,2024-05-10,Tudo ok,promotor,1,"['Tudo', 'ok']","['tudo', 'ok']","['tudo', 'ok']",tudo ok,tudo ok,promotor
2024,L5082-VILA ANDRADE (1346),mai,20,2024-05-16,Parcelar no cartão foi excelente,promotor,1,"['Parcelar', 'no', 'cartão', 'foi', 'excelente']","['parcelar', 'cartão', 'excelente']","['parcelar', 'cartão', 'excelente']",parcelar cartão excelente,parcelar cartão excelente,promotor
2024,L5082-VILA ANDRADE (1346),mai,20,2024-05-17,Disponibilizar mais promoções para clientes cadastrados,promotor,1,"['Disponibilizar', 'mais', 'promoções', 'para', 'clientes', 'cadastrados']","['disponibilizar', 'promoções', 'clientes', 'cadastrados']","['disponibilizar', 'promoção', 'cliente', 'cadastrar']",disponibilizar promoções clientes cadastrados,disponibilizar promoção cliente cadastrar,promotor
2024,L5082-VILA ANDRADE (1346),mai,20,2024-05-17,Tem um cara que fica no porta pedindo comida e dinheiro. Só que ele tem um baseado de maconha na mão...ou seja pra droga tem dinheiro?? Isso acaba nos deixando constrangido e com medo.,neutro,0,"['Tem', 'um', 'cara', 'que', 'fica', 'no', 'porta', 'pedindo', 'comida', 'e', 'dinheiro', '.', 'Só', 'que', 'ele', 'tem', 'um', 'baseado', 'de', 'maconha', 'na', 'mão', '...', 'ou', 'seja', 'pra', 'droga', 'tem', 'dinheiro', '?', '?', 'Isso', 'acaba', 'nos', 'deixando', 'constrangido', 'e', 'com', 'medo', '.']","['cara', 'fica', 'porta', 'pedindo', 'comida', 'dinheiro', 'baseado', 'maconha', 'mão', 'pra', 'droga', 'dinheiro', 'acaba', 'deixando', 'constrangido', 'medo']","['cara', 'ficar', 'porta', 'pedir', 'comida', 'dinheiro', 'basear', 'maconha', 'mão', 'pra', 'droga', 'dinheiro', 'acabar', 'deixar', 'constrangido', 'medo']",cara fica porta pedindo comida dinheiro baseado maconha mão pra droga dinheiro acaba deixando constrangido medo,cara ficar porta pedir comida dinheiro basear maconha mão pra droga dinheiro acabar deixar constrangido medo,neutro
2024,L5082-VILA ANDRADE (1346),mai,20,2024-05-17,"Realizar a entrega 4 horas depois da compra utilizando o serviço de motoboy. Por duas vezes consecutivas a entrega ocorreu quase 12 horas depois e o entregador foi bastante mal educado, se recusou a entrar no condomínio. Precisei informar que se ele não entrasse iria cancelar a compra para que fosse entregue.",detrator,-1,"['Realizar', 'a', 'entrega', '4', 'horas', 'depois', 'da', 'compra', 'utilizando', 'o', 'serviço', 'de', 'motoboy', '.', 'Por', 'duas', 'vezes', 'consecutivas', 'a', 'entrega', 'ocorreu', 'quase', '12', 'horas', 'depois', 'e', 'o', 'entregador', 'foi', 'bastante', 'mal', 'educado', ',', 'se', 'recusou', 'a', 'entrar', 'no', 'condomínio', '.', 'Precisei', 'informar', 'que', 'se', 'ele', 'não', 'entrasse', 'iria', 'cancelar', 'a', 'compra', 'para', 'que', 'fosse', 'entregue', '.']","['realizar', 'entrega', 'horas', 'compra', 'utilizando', 'serviço', 'motoboy', 'duas', 'vezes', 'consecutivas', 'entrega', 'ocorreu', 'quase', 'horas', 'entregador', 'bastante', 'mal', 'educado', 'recusou', 'entrar', 'condomínio', 'precisei', 'informar', 'não', 'entrasse', 'iria', 'cancelar', 'compra', 'entregue']","['realizar', 'entregar', 'hora', 'compra', 'utilizar', 'serviço', 'motoboy', 'dois', 'vez', 'consecutivo', 'entregar', 'ocorrer', 'quase', 'hora', 'entregador', 'bastante', 'mal', 'educar', 'recusar', 'entrar', 'condomínio', 'precisar', 'informar', 'não', 'entrar', 'ir', 'cancelar', 'compra', 'entregar']",realizar entrega horas compra utilizando serviço motoboy duas vezes consecutivas entrega ocorreu quase horas entregador bastante mal educado recusou entrar condomínio precisei informar não entrasse iria cancelar compra entregue,realizar entregar hora compra utilizar serviço motoboy dois vez consecutivo entregar ocorrer quase hora entregador bastante mal educar recusar entrar condomínio precisar informar não entrar ir cancelar compra entregar,detrator
2024,L5082-VILA ANDRADE (1346),mai,20,2024-05-18,Existe uma observação na hora da minha entrega  que não foi feita pro mim. Eu não peço para que o entregador suba no meu apto. E tb o.kotoqurio diz que o endereço mandou ele para outro número. Qdo vejo meu cadastro esta td ok.;E tem mais já me machuquei diversas vezes nos grampos que são colocados para fechar a sacola de papelão e a mesma sempre chega com a alça estourada devido o peso.,promotor,1,"['Existe', 'uma', 'observação', 'na', 'hora', 'da', 'minha', 'entrega', 'que', 'não', 'foi', 'feita', 'pro', 'mim', '.', 'Eu', 'não', 'peço', 'para', 'que', 'o', 'entregador', 'suba', 'no', 'meu', 'apto', '.', 'E', 'tb', 'o.kotoqurio', 'diz', 'que', 'o', 'endereço', 'mandou', 'ele', 'para', 'outro', 'número', '.', 'Qdo', 'vejo', 'meu', 'cadastro', 'esta', 'td', 'ok.', ';', 'E', 'tem', 'mais', 'já', 'me', 'machuquei', 'diversas', 'vezes', 'nos', 'grampos', 'que', 'são', 'colocados', 'para', 'fechar', 'a', 'sacola', 'de', 'papelão', 'e', 'a', 'mesma', 'sempre', 'chega', 'com', 'a', 'alça', 'estourada', 'devido', 'o', 'peso', '.']","['existe', 'observação', 'hora', 'entrega', 'não', 'feita', 'pro', 'mim', 'não', 'peço', 'entregador', 'suba', 'apto', 'tb', 'okotoqurio', 'diz', 'endereço', 'mandou', 'outro', 'número', 'qdo', 'vejo', 'cadastro', 'td', 'ok', 'machuquei', 'diversas', 'vezes', 'grampos', 'colocados', 'fechar', 'sacola', 'papelão', 'mesma', 'sempre', 'chega', 'alça', 'estourada', 'devido', 'peso']","['existir', 'observação', 'hora', 'entregar', 'não', 'fazer', 'pro', 'eu', 'não', 'peçar', 'entregador', 'suba', 'apto', 'tb', 'okotoqurio', 'dizer', 'endereço', 'mandar', 'outro', 'número', 'qdo', 'vejo', 'cadastro', 'td', 'ok', 'machuquei', 'diversos', 'vez', 'grampo', 'colocar', 'fechar', 'sacola', 'papelão', 'mesmo', 'sempre', 'chegar', 'alça', 'estourar', 'devido', 'peso']",existe observação hora entrega não feita pro mim não peço entregador suba apto tb okotoqurio diz endereço mandou outro número qdo vejo cadastro td ok machuquei diversas vezes grampos colocados fechar sacola papelão mesma sempre chega alça estourada devido peso,existir observação hora entregar não fazer pro eu não peçar entregador suba apto tb okotoqurio dizer endereço mandar outro número qdo vejo cadastro td ok machuquei diversos vez grampo colocar fechar sacola papelão mesmo sempre chegar alça estourar devido peso,promotor
2024,L5082-VILA ANDRADE (1346),mai,20,2024-05-18,"Na retirada na loja demora um pouco, as atendentes falam que é porque tem muitos pedidos.;Precisam se organizar melhor.",promotor,1,"['Na', 'retirada', 'na', 'loja', 'demora', 'um', 'pouco', ',', 'as', 'atendentes', 'falam', 'que', 'é', 'porque', 'tem', 'muitos', 'pedidos', '.', ';', 'Precisam', 'se', 'organizar', 'melhor', '.']","['retirada', 'loja', 'demora', 'pouco', 'atendentes', 'falam', 'porque', 'muitos', 'pedidos', 'precisam', 'organizar', 'melhor']","['retirar', 'loja', 'demora', 'pouco', 'atendente', 'falar', 'porque', 'muito', 'pedido', 'precisar', 'organizar', 'bom']",retirada loja demora pouco atendentes falam porque muitos pedidos precisam organizar melhor,retirar loja demora pouco atendente falar porque muito pedido precisar organizar bom,promotor
2024,L5082-VILA ANDRADE (1346),mai,20,2024-05-18,Tudo ótimo,promotor,1,"['Tudo', 'ótimo']","['tudo', 'ótimo']","['tudo', 'bom']",tudo ótimo,tudo bom,promotor
2024,L5082-VILA ANDRADE (1346),mai,20,2024-05-18,Segunda fez que compro a carne de vcs péssimo primeiro foi contra filé e agora picanha fiquei muito chateada no dia das mães carne horrível,detrator,-1,"['Segunda', 'fez', 'que', 'compro', 'a', 'carne', 'de', 'vcs', 'péssimo', 'primeiro', 'foi', 'contra', 'filé', 'e', 'agora', 'picanha', 'fiquei', 'muito', 'chateada', 'no', 'dia', 'das', 'mães', 'carne', 'horrível']","['segunda', 'fez', 'compro', 'carne', 'vcs', 'péssimo', 'primeiro', 'contra', 'filé', 'agora', 'picanha', 'fiquei', 'chateada', 'dia', 'mães', 'carne', 'horrível']","['segundo', 'fazer', 'compro', 'carne', 'vcs', 'péssimo', 'primeiro', 'contra', 'filé', 'agora', 'picar', 'fiquei', 'chatear', 'dia', 'mães', 'carne', 'horrível']",segunda fez compro carne vcs péssimo primeiro contra filé agora picanha fiquei chateada dia mães carne horrível,segundo fazer compro carne vcs péssimo primeiro contra filé agora picar fiquei chatear dia mães carne horrível,detrator
2024,L5082-VILA ANDRADE (1346),mai,20,2024-05-19,O atendimento pós compra é terrível.;Demoram dias pra responder e mais dias para resolver o problema,neutro,0,"['O', 'atendimento', 'pós', 'compra', 'é', 'terrível', '.', ';', 'Demoram', 'dias', 'pra', 'responder', 'e', 'mais', 'dias', 'para', 'resolver', 'o', 'problema']","['atendimento', 'pós', 'compra', 'terrível', 'demoram', 'dias', 'pra', 'responder', 'dias', 'resolver', 'problema']","['atendimento', 'pós', 'compra', 'terrível', 'demorar', 'dia', 'pra', 'responder', 'dia', 'resolver', 'problema']",atendimento pós compra terrível demoram dias pra responder dias resolver problema,atendimento pós compra terrível demorar dia pra responder dia resolver problema,neutro
2024,L5082-VILA ANDRADE (1346),mai,21,2024-05-24,"Gostaria de dizer em relação ao atendimento nos caixas da unidade sito a rua jose da silva ribeiro, Vila Andrade,  morumbi.;;Geralmente,  fica só um funcionando.Num dia, esperei mais que normal do tempo, por um cliente na minha frente, com médio volume de compras para terminar . Mesmo que nao tenha fila enorme, seria bom atendimento rápido e prático.;Questionei pela falta de um caixa preferencial, infelizmente o colaborador não tinha informação correta. É  obrigatório e não opcional pela legislação com placa indicativa.;Outra questão que gostaria de ressaltar, é  sobre reposição do pão integral . Se tem muita demanda,  como disse o colaborador do caixa, seria interessante volume maior para reposição. ;;Atenciosamente,",detrator,-1,"['Gostaria', 'de', 'dizer', 'em', 'relação', 'ao', 'atendimento', 'nos', 'caixas', 'da', 'unidade', 'sito', 'a', 'rua', 'jose', 'da', 'silva', 'ribeiro', ',', 'Vila', 'Andrade', ',', 'morumbi', '.', ';', ';', 'Geralmente', ',', 'fica', 'só', 'um', 'funcionando.Num', 'dia', ',', 'esperei', 'mais', 'que', 'normal', 'do', 'tempo', ',', 'por', 'um', 'cliente', 'na', 'minha', 'frente', ',', 'com', 'médio', 'volume', 'de', 'compras', 'para', 'terminar', '.', 'Mesmo', 'que', 'nao', 'tenha', 'fila', 'enorme', ',', 'seria', 'bom', 'atendimento', 'rápido', 'e', 'prático', '.', ';', 'Questionei', 'pela', 'falta', 'de', 'um', 'caixa', 'preferencial', ',', 'infelizmente', 'o', 'colaborador', 'não', 'tinha', 'informação', 'correta', '.', 'É', 'obrigatório', 'e', 'não', 'opcional', 'pela', 'legislação', 'com', 'placa', 'indicativa', '.', ';', 'Outra', 'questão', 'que', 'gostaria', 'de', 'ressaltar', ',', 'é', 'sobre', 'reposição', 'do', 'pão', 'integral', '.', 'Se', 'tem', 'muita', 'demanda', ',', 'como', 'disse', 'o', 'colaborador', 'do', 'caixa', ',', 'seria', 'interessante', 'volume', 'maior', 'para', 'reposição', '.', ';', ';', 'Atenciosamente', ',']","['gostaria', 'dizer', 'relação', 'atendimento', 'caixas', 'unidade', 'sito', 'rua', 'jose', 'silva', 'ribeiro', 'vila', 'andrade', 'morumbi', 'geralmente', 'fica', 'funcionandonum', 'dia', 'esperei', 'normal', 'tempo', 'cliente', 'frente', 'médio', 'volume', 'compras', 'terminar', 'nao', 'fila', 'enorme', 'bom', 'atendimento', 'rápido', 'prático', 'questionei', 'falta', 'caixa', 'preferencial', 'infelizmente', 'colaborador', 'não', 'informação', 'correta', 'obrigatório', 'não', 'opcional', 'legislação', 'placa', 'indicativa', 'outra', 'questão', 'gostaria', 'ressaltar', 'sobre', 'reposição', 'pão', 'integral', 'muita', 'demanda', 'disse', 'colaborador', 'caixa', 'interessante', 'volume', 'maior', 'reposição', 'atenciosamente']","['gostar', 'dizer', 'relação', 'atendimento', 'caixa', 'unidade', 'sito', 'rua', 'jose', 'silva', 'ribeiro', 'vila', 'andrade', 'morumbi', 'geralmente', 'ficar', 'funcionandonum', 'dia', 'esperar', 'normal', 'tempo', 'cliente', 'frente', 'médio', 'volume', 'compra', 'terminar', 'nao', 'fila', 'enorme', 'bom', 'atendimento', 'rápido', 'prático', 'questionei', 'falta', 'caixo', 'preferencial', 'infelizmente', 'colaborador', 'não', 'informação', 'corretar', 'obrigatório', 'não', 'opcional', 'legislação', 'placo', 'indicativo', 'outro', 'questão', 'gostar', 'ressaltar', 'sobre', 'reposição', 'pão', 'integral', 'muito', 'demanda', 'dizer', 'colaborador', 'caixa', 'interessante', 'volume', 'grande', 'reposição', 'atenciosamente']",gostaria dizer relação atendimento caixas unidade sito rua jose silva ribeiro vila andrade morumbi geralmente fica funcionandonum dia esperei normal tempo cliente frente médio volume compras terminar nao fila enorme bom atendimento rápido prático questionei falta caixa preferencial infelizmente colaborador não informação correta obrigatório não opcional legislação placa indicativa outra questão gostaria ressaltar sobre reposição pão integral muita demanda disse colaborador caixa interessante volume maior reposição atenciosamente,gostar dizer relação atendimento caixa unidade sito rua jose silva ribeiro vila andrade morumbi geralmente ficar funcionandonum dia esperar normal tempo cliente frente médio volume compra terminar nao fila enorme bom atendimento rápido prático questionei falta caixo preferencial infelizmente colaborador não informação corretar obrigatório não opcional legislação placo indicativo outro questão gostar ressaltar sobre reposição pão integral muito demanda dizer colaborador caixa interessante volume grande reposição atenciosamente,detrator
2024,L5082-VILA ANDRADE (1346),mai,22,2024-05-27,Não saberia recomendar melhorias neste momento. Talvez facilitar o parcelamento em 2 ou mais  parcelas no cartão de crédito para compras acima de 50 reais.,promotor,1,"['Não', 'saberia', 'recomendar', 'melhorias', 'neste', 'momento', '.', 'Talvez', 'facilitar', 'o', 'parcelamento', 'em', '2', 'ou', 'mais', 'parcelas', 'no', 'cartão', 'de', 'crédito', 'para', 'compras', 'acima', 'de', '50', 'reais', '.']","['não', 'saberia', 'recomendar', 'melhorias', 'neste', 'momento', 'talvez', 'facilitar', 'parcelamento', 'parcelas', 'cartão', 'crédito', 'compras', 'acima', 'reais']","['não', 'saber', 'recomendar', 'melhoria', 'emeste', 'momento', 'talvez', 'facilitar', 'parcelamento', 'parcela', 'cartão', 'crédito', 'compra', 'acima', 'real']",não saberia recomendar melhorias neste momento talvez facilitar parcelamento parcelas cartão crédito compras acima reais,não saber recomendar melhoria emeste momento talvez facilitar parcelamento parcela cartão crédito compra acima real,promotor
2024,L5082-VILA ANDRADE (1346),mai,22,2024-05-27,Necessário  um segurança segurança para coibir furtos e assédio  de pedintes aos clientes.,promotor,1,"['Necessário', 'um', 'segurança', 'segurança', 'para', 'coibir', 'furtos', 'e', 'assédio', 'de', 'pedintes', 'aos', 'clientes', '.']","['necessário', 'segurança', 'segurança', 'coibir', 'furtos', 'assédio', 'pedintes', 'clientes']","['necessário', 'segurança', 'seguranço', 'coibir', 'furto', 'assédio', 'pedinte', 'cliente']",necessário segurança segurança coibir furtos assédio pedintes clientes,necessário segurança seguranço coibir furto assédio pedinte cliente,promotor
2024,L5082-VILA ANDRADE (1346),mai,22,2024-05-28,Poderia oferecer amostras dos produtos recém-lançados nas unidades.,promotor,1,"['Poderia', 'oferecer', 'amostras', 'dos', 'produtos', 'recém-lançados', 'nas', 'unidades', '.']","['poderia', 'oferecer', 'amostras', 'produtos', 'recémlançados', 'unidades']","['poder', 'oferecer', 'amostra', 'produto', 'recémlançar', 'unidade']",poderia oferecer amostras produtos recémlançados unidades,poder oferecer amostra produto recémlançar unidade,promotor
2024,L5082-VILA ANDRADE (1346),mai,22,2024-05-29,"Tem uma Picanha nova , o preço é até atraente, mas a qualidade horrível, vcs irão acabar com a reputação.;Tira essa picanha do mercado, o rótulo é vermelho, não me lembro o nome. Mas tem o nome na minha última compra",detrator,-1,"['Tem', 'uma', 'Picanha', 'nova', ',', 'o', 'preço', 'é', 'até', 'atraente', ',', 'mas', 'a', 'qualidade', 'horrível', ',', 'vcs', 'irão', 'acabar', 'com', 'a', 'reputação', '.', ';', 'Tira', 'essa', 'picanha', 'do', 'mercado', ',', 'o', 'rótulo', 'é', 'vermelho', ',', 'não', 'me', 'lembro', 'o', 'nome', '.', 'Mas', 'tem', 'o', 'nome', 'na', 'minha', 'última', 'compra']","['picanha', 'nova', 'preço', 'atraente', 'qualidade', 'horrível', 'vcs', 'irão', 'acabar', 'reputação', 'tira', 'picanha', 'mercado', 'rótulo', 'vermelho', 'não', 'lembro', 'nome', 'nome', 'última', 'compra']","['picanhar', 'novo', 'preço', 'atraente', 'qualidade', 'horrível', 'vcs', 'ir', 'acabar', 'reputação', 'tiro', 'picanhar', 'mercado', 'rótulo', 'vermelho', 'não', 'lembro', 'nome', 'nome', 'último', 'compra']",picanha nova preço atraente qualidade horrível vcs irão acabar reputação tira picanha mercado rótulo vermelho não lembro nome nome última compra,picanhar novo preço atraente qualidade horrível vcs ir acabar reputação tiro picanhar mercado rótulo vermelho não lembro nome nome último compra,detrator
2024,L5082-VILA ANDRADE (1346),mai,22,2024-05-31,"""Acho ,que dando desconto em mais produtos """,promotor,1,"['``', 'Acho', ',', 'que', 'dando', 'desconto', 'em', 'mais', 'produtos', '``']","['acho', 'dando', 'desconto', 'produtos']","['achar', 'dar', 'desconto', 'produto']",acho dando desconto produtos,achar dar desconto produto,promotor
2024,L5082-VILA ANDRADE (1346),jun,23,2024-06-03,Programa de pontos e cashback,promotor,1,"['Programa', 'de', 'pontos', 'e', 'cashback']","['programa', 'pontos', 'cashback']","['programa', 'ponto', 'cashback']",programa pontos cashback,programa ponto cashback,promotor
2024,L5082-VILA ANDRADE (1346),jun,23,2024-06-04,"""O preço de vcs já foi melhor! Hj não tem muito diferença dos concorrentes!""",promotor,1,"['``', 'O', 'preço', 'de', 'vcs', 'já', 'foi', 'melhor', '!', 'Hj', 'não', 'tem', 'muito', 'diferença', 'dos', 'concorrentes', '!', ""''""]","['preço', 'vcs', 'melhor', 'hj', 'não', 'diferença', 'concorrentes']","['preço', 'vcs', 'bom', 'hj', 'não', 'diferençar', 'concorrente']",preço vcs melhor hj não diferença concorrentes,preço vcs bom hj não diferençar concorrente,promotor
2024,L5082-VILA ANDRADE (1346),jun,23,2024-06-04,"A ultima peça de Picanha que comprei estava muito dura, intragável.   Primeira vez que isso ocorre.",promotor,1,"['A', 'ultima', 'peça', 'de', 'Picanha', 'que', 'comprei', 'estava', 'muito', 'dura', ',', 'intragável', '.', 'Primeira', 'vez', 'que', 'isso', 'ocorre', '.']","['ultima', 'peça', 'picanha', 'comprei', 'dura', 'intragável', 'primeira', 'vez', 'ocorre']","['ultimo', 'peça', 'picanha', 'comprei', 'dura', 'intragável', 'primeiro', 'vez', 'ocorrer']",ultima peça picanha comprei dura intragável primeira vez ocorre,ultimo peça picanha comprei dura intragável primeiro vez ocorrer,promotor
2024,L5082-VILA ANDRADE (1346),jun,23,2024-06-05,Achei prudente a iniciativa da moça em ver uma fila e somente um caixa ir imediatamente para outro caixa e reduzir a fila,neutro,0,"['Achei', 'prudente', 'a', 'iniciativa', 'da', 'moça', 'em', 'ver', 'uma', 'fila', 'e', 'somente', 'um', 'caixa', 'ir', 'imediatamente', 'para', 'outro', 'caixa', 'e', 'reduzir', 'a', 'fila']","['achei', 'prudente', 'iniciativa', 'moça', 'ver', 'fila', 'somente', 'caixa', 'ir', 'imediatamente', 'outro', 'caixa', 'reduzir', 'fila']","['achar', 'prudente', 'iniciativa', 'moçar', 'ver', 'fila', 'somente', 'caixa', 'ir', 'imediatamente', 'outro', 'caixa', 'reduzir', 'fila']",achei prudente iniciativa moça ver fila somente caixa ir imediatamente outro caixa reduzir fila,achar prudente iniciativa moçar ver fila somente caixa ir imediatamente outro caixa reduzir fila,neutro
2024,L5082-VILA ANDRADE (1346),jun,23,2024-06-06,"O aplicativo as vezes tem produtos iguais com preços diferentes, e preciso de várias tentativas para finalizar a compra. E meu último pedido veio faltando 2 itens, o telefone da Swift resolve diz no aplicativo que funciona no domingo até às 15 mas não é verdade reenviaram os itens que faltavam na versão normal e o meu pedido era apimentada!",neutro,0,"['O', 'aplicativo', 'as', 'vezes', 'tem', 'produtos', 'iguais', 'com', 'preços', 'diferentes', ',', 'e', 'preciso', 'de', 'várias', 'tentativas', 'para', 'finalizar', 'a', 'compra', '.', 'E', 'meu', 'último', 'pedido', 'veio', 'faltando', '2', 'itens', ',', 'o', 'telefone', 'da', 'Swift', 'resolve', 'diz', 'no', 'aplicativo', 'que', 'funciona', 'no', 'domingo', 'até', 'às', '15', 'mas', 'não', 'é', 'verdade', 'reenviaram', 'os', 'itens', 'que', 'faltavam', 'na', 'versão', 'normal', 'e', 'o', 'meu', 'pedido', 'era', 'apimentada', '!']","['aplicativo', 'vezes', 'produtos', 'iguais', 'preços', 'diferentes', 'preciso', 'várias', 'tentativas', 'finalizar', 'compra', 'último', 'pedido', 'veio', 'faltando', 'itens', 'telefone', 'swift', 'resolve', 'diz', 'aplicativo', 'funciona', 'domingo', 'não', 'verdade', 'reenviaram', 'itens', 'faltavam', 'versão', 'normal', 'pedido', 'apimentada']","['aplicativo', 'vez', 'produto', 'igual', 'preço', 'diferentes', 'preciso', 'várias', 'tentativa', 'finalizar', 'compra', 'último', 'pedir', 'vir', 'faltar', 'item', 'telefone', 'swift', 'resolver', 'dizer', 'aplicativo', 'funcionar', 'domingo', 'não', 'verdade', 'reenviar', 'item', 'faltar', 'versão', 'normal', 'pedido', 'apimentar']",aplicativo vezes produtos iguais preços diferentes preciso várias tentativas finalizar compra último pedido veio faltando itens telefone swift resolve diz aplicativo funciona domingo não verdade reenviaram itens faltavam versão normal pedido apimentada,aplicativo vez produto igual preço diferentes preciso várias tentativa finalizar compra último pedir vir faltar item telefone swift resolver dizer aplicativo funcionar domingo não verdade reenviar item faltar versão normal pedido apimentar,neutro
2024,L5082-VILA ANDRADE (1346),jun,23,2024-06-06,O item referente ao peixe porquinho estava estragado.,detrator,-1,"['O', 'item', 'referente', 'ao', 'peixe', 'porquinho', 'estava', 'estragado', '.']","['item', 'referente', 'peixe', 'porquinho', 'estragado']","['itar', 'referente', 'peixe', 'porquinho', 'estragar']",item referente peixe porquinho estragado,itar referente peixe porquinho estragar,detrator
2024,L5082-VILA ANDRADE (1346),jun,24,2024-06-10,Pra mim está tudo ótimo. Gosto da loja da variedade e atendimento. Poderiam ter cash back para próximas compras.,promotor,1,"['Pra', 'mim', 'está', 'tudo', 'ótimo', '.', 'Gosto', 'da', 'loja', 'da', 'variedade', 'e', 'atendimento', '.', 'Poderiam', 'ter', 'cash', 'back', 'para', 'próximas', 'compras', '.']","['pra', 'mim', 'tudo', 'ótimo', 'gosto', 'loja', 'variedade', 'atendimento', 'poderiam', 'cash', 'back', 'próximas', 'compras']","['pra', 'eu', 'tudo', 'bom', 'gostar', 'loja', 'variedade', 'atendimento', 'poder', 'cash', 'backr', 'próximo', 'compra']",pra mim tudo ótimo gosto loja variedade atendimento poderiam cash back próximas compras,pra eu tudo bom gostar loja variedade atendimento poder cash backr próximo compra,promotor
2024,L5082-VILA ANDRADE (1346),jun,24,2024-06-10,Fazendo mais promoçoes pontuais com preços imbatíveis!!,neutro,0,"['Fazendo', 'mais', 'promoçoes', 'pontuais', 'com', 'preços', 'imbatíveis', '!', '!']","['fazendo', 'promoçoes', 'pontuais', 'preços', 'imbatíveis']","['fazer', 'promoçoe', 'pontual', 'preço', 'imbatível']",fazendo promoçoes pontuais preços imbatíveis,fazer promoçoe pontual preço imbatível,neutro
2024,L5082-VILA ANDRADE (1346),jun,24,2024-06-11,Acho que deveria ter a mesma variedade em tds as lojas,promotor,1,"['Acho', 'que', 'deveria', 'ter', 'a', 'mesma', 'variedade', 'em', 'tds', 'as', 'lojas']","['acho', 'deveria', 'mesma', 'variedade', 'tds', 'lojas']","['achar', 'dever', 'mesmo', 'variedade', 'tds', 'loja']",acho deveria mesma variedade tds lojas,achar dever mesmo variedade tds loja,promotor
2024,L5082-VILA ANDRADE (1346),jun,24,2024-06-11,"Olá, dessa vez minha experiência não foi muito boa. O entregador se negou a entrar no condominio . A entrega já estava fora do horário do qual paguei o frete que seria as 12. Aí chega e não quer entrar. Tive que ligar e fazer uma reclamação.  Aí tiveram que esperar a devolução dos produtos para fazer uma joia entrega. Aí na segunda deu certo.  Pela cara do entregador talvez fosse o mesmo da primeira vez. Gostaria de ser avisada caso não estejam mais entrando no condomínio pois já não compro mais.",neutro,0,"['Olá', ',', 'dessa', 'vez', 'minha', 'experiência', 'não', 'foi', 'muito', 'boa', '.', 'O', 'entregador', 'se', 'negou', 'a', 'entrar', 'no', 'condominio', '.', 'A', 'entrega', 'já', 'estava', 'fora', 'do', 'horário', 'do', 'qual', 'paguei', 'o', 'frete', 'que', 'seria', 'as', '12', '.', 'Aí', 'chega', 'e', 'não', 'quer', 'entrar', '.', 'Tive', 'que', 'ligar', 'e', 'fazer', 'uma', 'reclamação', '.', 'Aí', 'tiveram', 'que', 'esperar', 'a', 'devolução', 'dos', 'produtos', 'para', 'fazer', 'uma', 'joia', 'entrega', '.', 'Aí', 'na', 'segunda', 'deu', 'certo', '.', 'Pela', 'cara', 'do', 'entregador', 'talvez', 'fosse', 'o', 'mesmo', 'da', 'primeira', 'vez', '.', 'Gostaria', 'de', 'ser', 'avisada', 'caso', 'não', 'estejam', 'mais', 'entrando', 'no', 'condomínio', 'pois', 'já', 'não', 'compro', 'mais', '.']","['olá', 'dessa', 'vez', 'experiência', 'não', 'boa', 'entregador', 'negou', 'entrar', 'condominio', 'entrega', 'horário', 'paguei', 'frete', 'aí', 'chega', 'não', 'quer', 'entrar', 'ligar', 'fazer', 'reclamação', 'aí', 'esperar', 'devolução', 'produtos', 'fazer', 'joia', 'entrega', 'aí', 'segunda', 'deu', 'certo', 'cara', 'entregador', 'talvez', 'primeira', 'vez', 'gostaria', 'avisada', 'caso', 'não', 'entrando', 'condomínio', 'pois', 'não', 'compro']","['olá', 'deesse', 'vez', 'experiência', 'não', 'bom', 'entregador', 'negar', 'entrar', 'condominio', 'entregar', 'horário', 'paguei', 'frete', 'aí', 'chegar', 'não', 'querer', 'entrar', 'ligar', 'fazer', 'reclamação', 'aí', 'esperar', 'devolução', 'produto', 'fazer', 'joia', 'entregar', 'aí', 'segundo', 'dar', 'certo', 'cara', 'entregador', 'talvez', 'primeiro', 'vez', 'gostar', 'avisar', 'caso', 'não', 'entrar', 'condomínio', 'pois', 'não', 'compro']",olá dessa vez experiência não boa entregador negou entrar condominio entrega horário paguei frete aí chega não quer entrar ligar fazer reclamação aí esperar devolução produtos fazer joia entrega aí segunda deu certo cara entregador talvez primeira vez gostaria avisada caso não entrando condomínio pois não compro,olá deesse vez experiência não bom entregador negar entrar condominio entregar horário paguei frete aí chegar não querer entrar ligar fazer reclamação aí esperar devolução produto fazer joia entregar aí segundo dar certo cara entregador talvez primeiro vez gostar avisar caso não entrar condomínio pois não compro,neutro
2024,L5082-VILA ANDRADE (1346),jun,24,2024-06-12,voltar a vender a calabresa cuiabana da seara,promotor,1,"['voltar', 'a', 'vender', 'a', 'calabresa', 'cuiabana', 'da', 'seara']","['voltar', 'vender', 'calabresa', 'cuiabana', 'seara']","['voltar', 'vender', 'calabresa', 'cuiabano', 'seara']",voltar vender calabresa cuiabana seara,voltar vender calabresa cuiabano seara,promotor
2024,L5082-VILA ANDRADE (1346),jun,24,2024-06-14,"tudo top, não precisa melhorar em nada! ♥️",promotor,1,"['tudo', 'top', ',', 'não', 'precisa', 'melhorar', 'em', 'nada', '!', '♥️']","['tudo', 'top', 'não', 'precisa', 'melhorar', 'nada']","['tudo', 'top', 'não', 'precisar', 'melhorar', 'nada']",tudo top não precisa melhorar nada,tudo top não precisar melhorar nada,promotor
2024,L5082-VILA ANDRADE (1346),jun,24,2024-06-14,Sheyla fez um bom atendimento.,neutro,0,"['Sheyla', 'fez', 'um', 'bom', 'atendimento', '.']","['sheyla', 'fez', 'bom', 'atendimento']","['sheyla', 'fazer', 'bom', 'atendimento']",sheyla fez bom atendimento,sheyla fazer bom atendimento,neutro
2024,L5082-VILA ANDRADE (1346),jun,25,2024-06-18,"Efetuei a compra e faltaram dois itens, um deles havia só um pacote no estoque e o outro não tinha no estoque. Neste caso, seria o ideal o APP permite em sei lá 30 min, escolher outro produto.;Via WhatsApp informaram que houve tentativa de contato via telefone, mas isso não ocorreu e via WhatsApp ao perguntar se poderia substituir, fui informado que eles só podem retirar itens, aí vem a controvérsia, no item que só tinha um pacote e eu havia comprado dois, removeram do pedido e adicionaram novamente com uma unidade.",neutro,0,"['Efetuei', 'a', 'compra', 'e', 'faltaram', 'dois', 'itens', ',', 'um', 'deles', 'havia', 'só', 'um', 'pacote', 'no', 'estoque', 'e', 'o', 'outro', 'não', 'tinha', 'no', 'estoque', '.', 'Neste', 'caso', ',', 'seria', 'o', 'ideal', 'o', 'APP', 'permite', 'em', 'sei', 'lá', '30', 'min', ',', 'escolher', 'outro', 'produto', '.', ';', 'Via', 'WhatsApp', 'informaram', 'que', 'houve', 'tentativa', 'de', 'contato', 'via', 'telefone', ',', 'mas', 'isso', 'não', 'ocorreu', 'e', 'via', 'WhatsApp', 'ao', 'perguntar', 'se', 'poderia', 'substituir', ',', 'fui', 'informado', 'que', 'eles', 'só', 'podem', 'retirar', 'itens', ',', 'aí', 'vem', 'a', 'controvérsia', ',', 'no', 'item', 'que', 'só', 'tinha', 'um', 'pacote', 'e', 'eu', 'havia', 'comprado', 'dois', ',', 'removeram', 'do', 'pedido', 'e', 'adicionaram', 'novamente', 'com', 'uma', 'unidade', '.']","['efetuei', 'compra', 'faltaram', 'dois', 'itens', 'havia', 'pacote', 'estoque', 'outro', 'não', 'estoque', 'neste', 'caso', 'ideal', 'app', 'permite', 'sei', 'lá', 'min', 'escolher', 'outro', 'produto', 'via', 'whatsapp', 'informaram', 'tentativa', 'contato', 'via', 'telefone', 'não', 'ocorreu', 'via', 'whatsapp', 'perguntar', 'poderia', 'substituir', 'informado', 'podem', 'retirar', 'itens', 'aí', 'vem', 'controvérsia', 'item', 'pacote', 'havia', 'comprado', 'dois', 'removeram', 'pedido', 'adicionaram', 'novamente', 'unidade']","['efetuei', 'compra', 'faltar', 'dois', 'item', 'haver', 'pacote', 'estoque', 'outro', 'não', 'estoque', 'emeste', 'caso', 'ideal', 'app', 'permitir', 'saber', 'lá', 'min', 'escolher', 'outro', 'produto', 'ver', 'whatsapp', 'informar', 'tentativo', 'contato', 'ver', 'telefone', 'não', 'ocorrer', 'ver', 'whatsapp', 'perguntar', 'poder', 'substituir', 'informar', 'poder', 'retirar', 'item', 'aí', 'vir', 'controvérsia', 'item', 'pacote', 'haver', 'comprar', 'dois', 'remover', 'pedir', 'adicionar', 'novamente', 'unidade']",efetuei compra faltaram dois itens havia pacote estoque outro não estoque neste caso ideal app permite sei lá min escolher outro produto via whatsapp informaram tentativa contato via telefone não ocorreu via whatsapp perguntar poderia substituir informado podem retirar itens aí vem controvérsia item pacote havia comprado dois removeram pedido adicionaram novamente unidade,efetuei compra faltar dois item haver pacote estoque outro não estoque emeste caso ideal app permitir saber lá min escolher outro produto ver whatsapp informar tentativo contato ver telefone não ocorrer ver whatsapp perguntar poder substituir informar poder retirar item aí vir controvérsia item pacote haver comprar dois remover pedir adicionar novamente unidade,neutro
2024,L5082-VILA ANDRADE (1346),jun,25,2024-06-18,"Costumava comprar uma picanha suina temperada com vocês.. de uma mesma mesma marca vocês vendem pancetta, costela e pernil... todos com um preço acessivel o suficiente para ganhar minha fidelidade. Em algum momento vocês introduziram uma picanha suína ao alho, de marca própria, a um preço muito mais alto e não necessariamente melhor. Não satisfeitos, retiraram a picanha suína mais acessível das prateleiras. É uma pena, defumo essas picanhas para meus amigos e costumava comprar 3 por vez.. Esta foi a última vez que tentei encontrar a versão mais em conta pois não estou disposto a comprar quase 50% mais caro por um produto igual e geralmente mal embalado....Sem comentários com relação a atitude de retirar o produto concorrente em detrimento de um de marca própria inferior, retirando assim o poder do cliente de escolher..;No meu caso escolho ir comprar os produtos em outro lugar..com isso minhas visitas a loja swift são bem menos frequentes e acabo não comprando outros produtos mais caros com vocês..;",detrator,-1,"['Costumava', 'comprar', 'uma', 'picanha', 'suina', 'temperada', 'com', 'vocês', '..', 'de', 'uma', 'mesma', 'mesma', 'marca', 'vocês', 'vendem', 'pancetta', ',', 'costela', 'e', 'pernil', '...', 'todos', 'com', 'um', 'preço', 'acessivel', 'o', 'suficiente', 'para', 'ganhar', 'minha', 'fidelidade', '.', 'Em', 'algum', 'momento', 'vocês', 'introduziram', 'uma', 'picanha', 'suína', 'ao', 'alho', ',', 'de', 'marca', 'própria', ',', 'a', 'um', 'preço', 'muito', 'mais', 'alto', 'e', 'não', 'necessariamente', 'melhor', '.', 'Não', 'satisfeitos', ',', 'retiraram', 'a', 'picanha', 'suína', 'mais', 'acessível', 'das', 'prateleiras', '.', 'É', 'uma', 'pena', ',', 'defumo', 'essas', 'picanhas', 'para', 'meus', 'amigos', 'e', 'costumava', 'comprar', '3', 'por', 'vez', '..', 'Esta', 'foi', 'a', 'última', 'vez', 'que', 'tentei', 'encontrar', 'a', 'versão', 'mais', 'em', 'conta', 'pois', 'não', 'estou', 'disposto', 'a', 'comprar', 'quase', '50', '%', 'mais', 'caro', 'por', 'um', 'produto', 'igual', 'e', 'geralmente', 'mal', 'embalado', '....', 'Sem', 'comentários', 'com', 'relação', 'a', 'atitude', 'de', 'retirar', 'o', 'produto', 'concorrente', 'em', 'detrimento', 'de', 'um', 'de', 'marca', 'própria', 'inferior', ',', 'retirando', 'assim', 'o', 'poder', 'do', 'cliente', 'de', 'escolher', '..', ';', 'No', 'meu', 'caso', 'escolho', 'ir', 'comprar', 'os', 'produtos', 'em', 'outro', 'lugar', '..', 'com', 'isso', 'minhas', 'visitas', 'a', 'loja', 'swift', 'são', 'bem', 'menos', 'frequentes', 'e', 'acabo', 'não', 'comprando', 'outros', 'produtos', 'mais', 'caros', 'com', 'vocês', '..', ';']","['costumava', 'comprar', 'picanha', 'suina', 'temperada', 'mesma', 'mesma', 'marca', 'vendem', 'pancetta', 'costela', 'pernil', 'todos', 'preço', 'acessivel', 'suficiente', 'ganhar', 'fidelidade', 'algum', 'momento', 'introduziram', 'picanha', 'suína', 'alho', 'marca', 'própria', 'preço', 'alto', 'não', 'necessariamente', 'melhor', 'não', 'satisfeitos', 'retiraram', 'picanha', 'suína', 'acessível', 'prateleiras', 'pena', 'defumo', 'picanhas', 'amigos', 'costumava', 'comprar', 'vez', 'última', 'vez', 'tentei', 'encontrar', 'versão', 'conta', 'pois', 'não', 'disposto', 'comprar', 'quase', 'caro', 'produto', 'igual', 'geralmente', 'mal', 'embalado', 'comentários', 'relação', 'atitude', 'retirar', 'produto', 'concorrente', 'detrimento', 'marca', 'própria', 'inferior', 'retirando', 'assim', 'poder', 'cliente', 'escolher', 'caso', 'escolho', 'ir', 'comprar', 'produtos', 'outro', 'lugar', 'visitas', 'loja', 'swift', 'bem', 'menos', 'frequentes', 'acabo', 'não', 'comprando', 'outros', 'produtos', 'caros']","['costumar', 'comprar', 'picanha', 'suino', 'temperar', 'mesmo', 'mesmo', 'marca', 'vender', 'pancetta', 'costela', 'pernil', 'todo', 'preço', 'acessivel', 'suficiente', 'ganhar', 'fidelidade', 'algum', 'momento', 'introduzir', 'picanha', 'suíno', 'alho', 'marca', 'próprio', 'preço', 'alto', 'não', 'necessariamente', 'bom', 'não', 'satisfeito', 'retirar', 'picanha', 'suíno', 'acessível', 'prateleira', 'pena', 'defumo', 'picanha', 'amigo', 'costumar', 'comprar', 'vez', 'último', 'vez', 'tentar', 'encontrar', 'versão', 'contar', 'pois', 'não', 'dispostar', 'comprar', 'quase', 'caro', 'produto', 'igual', 'geralmente', 'mal', 'embalar', 'comentário', 'relaçãor', 'atitude', 'retirar', 'produto', 'concorrente', 'detrimento', 'marcar', 'próprio', 'inferior', 'retirar', 'assim', 'poder', 'cliente', 'escolher', 'caso', 'escolher', 'ir', 'comprar', 'produto', 'outro', 'lugar', 'visita', 'loja', 'swift', 'bem', 'menos', 'frequente', 'acabo', 'não', 'comprar', 'outro', 'produto', 'caro']",costumava comprar picanha suina temperada mesma mesma marca vendem pancetta costela pernil todos preço acessivel suficiente ganhar fidelidade algum momento introduziram picanha suína alho marca própria preço alto não necessariamente melhor não satisfeitos retiraram picanha suína acessível prateleiras pena defumo picanhas amigos costumava comprar vez última vez tentei encontrar versão conta pois não disposto comprar quase caro produto igual geralmente mal embalado comentários relação atitude retirar produto concorrente detrimento marca própria inferior retirando assim poder cliente escolher caso escolho ir comprar produtos outro lugar visitas loja swift bem menos frequentes acabo não comprando outros produtos caros,costumar comprar picanha suino temperar mesmo mesmo marca vender pancetta costela pernil todo preço acessivel suficiente ganhar fidelidade algum momento introduzir picanha suíno alho marca próprio preço alto não necessariamente bom não satisfeito retirar picanha suíno acessível prateleira pena defumo picanha amigo costumar comprar vez último vez tentar encontrar versão contar pois não dispostar comprar quase caro produto igual geralmente mal embalar comentário relaçãor atitude retirar produto concorrente detrimento marcar próprio inferior retirar assim poder cliente escolher caso escolher ir comprar produto outro lugar visita loja swift bem menos frequente acabo não comprar outro produto caro,detrator
2024,L5082-VILA ANDRADE (1346),jun,25,2024-06-19,Mantendo sempre a qualidade e os preços dos produtos,promotor,1,"['Mantendo', 'sempre', 'a', 'qualidade', 'e', 'os', 'preços', 'dos', 'produtos']","['mantendo', 'sempre', 'qualidade', 'preços', 'produtos']","['manter', 'sempre', 'qualidade', 'preço', 'produto']",mantendo sempre qualidade preços produtos,manter sempre qualidade preço produto,promotor
2024,L5082-VILA ANDRADE (1346),jun,25,2024-06-21,Fazer promoções,promotor,1,"['Fazer', 'promoções']","['fazer', 'promoções']","['fazer', 'promoção']",fazer promoções,fazer promoção,promotor
2024,L5082-VILA ANDRADE (1346),jun,25,2024-06-21,Pessoal de atendimento efucados,promotor,1,"['Pessoal', 'de', 'atendimento', 'efucados']","['pessoal', 'atendimento', 'efucados']","['pessoal', 'atendimento', 'efucar']",pessoal atendimento efucados,pessoal atendimento efucar,promotor
2024,L5082-VILA ANDRADE (1346),jun,25,2024-06-21,"Achei o bife de patinho 1kg duro, sendo que essa carne é macia.",neutro,0,"['Achei', 'o', 'bife', 'de', 'patinho', '1kg', 'duro', ',', 'sendo', 'que', 'essa', 'carne', 'é', 'macia', '.']","['achei', 'bife', 'patinho', 'duro', 'sendo', 'carne', 'macia']","['achar', 'bife', 'patinho', 'duro', 'ser', 'carne', 'macio']",achei bife patinho duro sendo carne macia,achar bife patinho duro ser carne macio,neutro
2024,L5082-VILA ANDRADE (1346),jun,26,2024-06-24,Dando descontos de verdade no clube de fidelidade,promotor,1,"['Dando', 'descontos', 'de', 'verdade', 'no', 'clube', 'de', 'fidelidade']","['dando', 'descontos', 'verdade', 'clube', 'fidelidade']","['dar', 'desconto', 'verdade', 'clube', 'fidelidade']",dando descontos verdade clube fidelidade,dar desconto verdade clube fidelidade,promotor
2024,L5082-VILA ANDRADE (1346),jun,26,2024-06-24,Mais descontos para cliente VIP ♥️,promotor,1,"['Mais', 'descontos', 'para', 'cliente', 'VIP', '♥️']","['descontos', 'cliente', 'vip']","['desconto', 'cliente', 'vip']",descontos cliente vip,desconto cliente vip,promotor
2024,L5082-VILA ANDRADE (1346),jun,26,2024-06-25,"Fazendo mais promoção, os produtos são excelente",promotor,1,"['Fazendo', 'mais', 'promoção', ',', 'os', 'produtos', 'são', 'excelente']","['fazendo', 'promoção', 'produtos', 'excelente']","['fazer', 'promoção', 'produto', 'excelente']",fazendo promoção produtos excelente,fazer promoção produto excelente,promotor
2024,L5082-VILA ANDRADE (1346),jun,26,2024-06-25,Não tenho sugestão ! Acho a empresa impecável,promotor,1,"['Não', 'tenho', 'sugestão', '!', 'Acho', 'a', 'empresa', 'impecável']","['não', 'sugestão', 'acho', 'empresa', 'impecável']","['não', 'sugestão', 'achar', 'empresa', 'impecável']",não sugestão acho empresa impecável,não sugestão achar empresa impecável,promotor
2024,L5082-VILA ANDRADE (1346),jun,26,2024-06-26,"Carnes c mta gordura, sopas c mto sódio, preço nd acessíveis e sem segurança.",neutro,0,"['Carnes', 'c', 'mta', 'gordura', ',', 'sopas', 'c', 'mto', 'sódio', ',', 'preço', 'nd', 'acessíveis', 'e', 'sem', 'segurança', '.']","['carnes', 'mta', 'gordura', 'sopas', 'mto', 'sódio', 'preço', 'nd', 'acessíveis', 'segurança']","['carne', 'mta', 'gorduro', 'sopa', 'mto', 'sódio', 'preço', 'emd', 'acessível', 'segurança']",carnes mta gordura sopas mto sódio preço nd acessíveis segurança,carne mta gorduro sopa mto sódio preço emd acessível segurança,neutro
2024,L5082-VILA ANDRADE (1346),jun,26,2024-06-29,"No início das lojas de rua da Swift, eu comprava muito, mas vi a qualidade diminuindo e o preço aumentando muito, até que parei de comprar… voltei agora, na tentativa mesmo e, foi uma ótima experiência… produtos de boa qualidade e com preços competitivos… gostei muito!",promotor,1,"['No', 'início', 'das', 'lojas', 'de', 'rua', 'da', 'Swift', ',', 'eu', 'comprava', 'muito', ',', 'mas', 'vi', 'a', 'qualidade', 'diminuindo', 'e', 'o', 'preço', 'aumentando', 'muito', ',', 'até', 'que', 'parei', 'de', 'comprar…', 'voltei', 'agora', ',', 'na', 'tentativa', 'mesmo', 'e', ',', 'foi', 'uma', 'ótima', 'experiência…', 'produtos', 'de', 'boa', 'qualidade', 'e', 'com', 'preços', 'competitivos…', 'gostei', 'muito', '!']","['início', 'lojas', 'rua', 'swift', 'comprava', 'vi', 'qualidade', 'diminuindo', 'preço', 'aumentando', 'parei', 'comprar', 'voltei', 'agora', 'tentativa', 'ótima', 'experiência', 'produtos', 'boa', 'qualidade', 'preços', 'competitivos', 'gostei']","['início', 'lojo', 'rua', 'swift', 'comprar', 'ver', 'qualidade', 'diminuir', 'preço', 'aumentar', 'parar', 'comprar', 'voltar', 'agora', 'tentativo', 'ótimo', 'experiência', 'produto', 'bom', 'qualidade', 'preço', 'competitivo', 'gostar']",início lojas rua swift comprava vi qualidade diminuindo preço aumentando parei comprar voltei agora tentativa ótima experiência produtos boa qualidade preços competitivos gostei,início lojo rua swift comprar ver qualidade diminuir preço aumentar parar comprar voltar agora tentativo ótimo experiência produto bom qualidade preço competitivo gostar,promotor
2024,L5082-VILA ANDRADE (1346),jun,26,2024-06-30,Eu adoro os produtos e apresentação dos mesmos . Parabéns,promotor,1,"['Eu', 'adoro', 'os', 'produtos', 'e', 'apresentação', 'dos', 'mesmos', '.', 'Parabéns']","['adoro', 'produtos', 'apresentação', 'mesmos', 'parabéns']","['adorar', 'produto', 'apresentação', 'mesmo', 'parabéns']",adoro produtos apresentação mesmos parabéns,adorar produto apresentação mesmo parabéns,promotor
2024,L5082-VILA ANDRADE (1346),jul,27,2024-07-01,"Não  precisa melhorar nada, parra mim está ótimo",promotor,1,"['Não', 'precisa', 'melhorar', 'nada', ',', 'parra', 'mim', 'está', 'ótimo']","['não', 'precisa', 'melhorar', 'nada', 'parra', 'mim', 'ótimo']","['não', 'precisar', 'melhorar', 'nada', 'parra', 'eu', 'bom']",não precisa melhorar nada parra mim ótimo,não precisar melhorar nada parra eu bom,promotor
2024,L5082-VILA ANDRADE (1346),jul,27,2024-07-01,Preços mais em conta,promotor,1,"['Preços', 'mais', 'em', 'conta']","['preços', 'conta']","['preço', 'contar']",preços conta,preço contar,promotor
2024,L5082-VILA ANDRADE (1346),jul,27,2024-07-02,"Nada a declarar, excelente em tudo!",promotor,1,"['Nada', 'a', 'declarar', ',', 'excelente', 'em', 'tudo', '!']","['nada', 'declarar', 'excelente', 'tudo']","['nada', 'declarar', 'excelente', 'tudo']",nada declarar excelente tudo,nada declarar excelente tudo,promotor
2024,L5082-VILA ANDRADE (1346),jul,27,2024-07-02,Melhorando os preços,neutro,0,"['Melhorando', 'os', 'preços']","['melhorando', 'preços']","['melhorar', 'preço']",melhorando preços,melhorar preço,neutro
2024,L5082-VILA ANDRADE (1346),jul,27,2024-07-03,Melhores preços,promotor,1,"['Melhores', 'preços']","['melhores', 'preços']","['bom', 'preço']",melhores preços,bom preço,promotor
2024,L5082-VILA ANDRADE (1346),jul,27,2024-07-03,"O atendimento na loja de vocês , deixa muito a desejar. Pessoal sempre com a cara fechada, parece que estão ali por obrigação.",promotor,1,"['O', 'atendimento', 'na', 'loja', 'de', 'vocês', ',', 'deixa', 'muito', 'a', 'desejar', '.', 'Pessoal', 'sempre', 'com', 'a', 'cara', 'fechada', ',', 'parece', 'que', 'estão', 'ali', 'por', 'obrigação', '.']","['atendimento', 'loja', 'deixa', 'desejar', 'pessoal', 'sempre', 'cara', 'fechada', 'parece', 'ali', 'obrigação']","['atendimento', 'loja', 'deixar', 'desejar', 'pessoal', 'sempre', 'cara', 'fechar', 'parecer', 'ali', 'obrigação']",atendimento loja deixa desejar pessoal sempre cara fechada parece ali obrigação,atendimento loja deixar desejar pessoal sempre cara fechar parecer ali obrigação,promotor
2024,L5082-VILA ANDRADE (1346),jul,27,2024-07-03,Nao entregaram meus produtos por completo. Horrivel,detrator,-1,"['Nao', 'entregaram', 'meus', 'produtos', 'por', 'completo', '.', 'Horrivel']","['nao', 'entregaram', 'produtos', 'completo', 'horrivel']","['nao', 'entregar', 'produto', 'completo', 'horrivel']",nao entregaram produtos completo horrivel,nao entregar produto completo horrivel,detrator
2024,L5082-VILA ANDRADE (1346),jul,27,2024-07-03,"Tendo entrega própria, já tive problemas com entrega 3 vezes e agora falaram que entregaram e eu não recebi nada e nem meu estorno!",detrator,-1,"['Tendo', 'entrega', 'própria', ',', 'já', 'tive', 'problemas', 'com', 'entrega', '3', 'vezes', 'e', 'agora', 'falaram', 'que', 'entregaram', 'e', 'eu', 'não', 'recebi', 'nada', 'e', 'nem', 'meu', 'estorno', '!']","['entrega', 'própria', 'problemas', 'entrega', 'vezes', 'agora', 'falaram', 'entregaram', 'não', 'recebi', 'nada', 'estorno']","['entregar', 'próprio', 'problema', 'entregar', 'vez', 'agora', 'falar', 'entregar', 'não', 'recebi', 'nada', 'estorno']",entrega própria problemas entrega vezes agora falaram entregaram não recebi nada estorno,entregar próprio problema entregar vez agora falar entregar não recebi nada estorno,detrator
2024,L5082-VILA ANDRADE (1346),jul,27,2024-07-05,Fazer mais promoções,promotor,1,"['Fazer', 'mais', 'promoções']","['fazer', 'promoções']","['fazer', 'promoção']",fazer promoções,fazer promoção,promotor
2024,L5082-VILA ANDRADE (1346),jul,27,2024-07-05,nao entendo porque descontinuar as massas que eram otimas....  Espero que um dia voltem.... eram praticas saborosas e de preço justo...,promotor,1,"['nao', 'entendo', 'porque', 'descontinuar', 'as', 'massas', 'que', 'eram', 'otimas', '....', 'Espero', 'que', 'um', 'dia', 'voltem', '....', 'eram', 'praticas', 'saborosas', 'e', 'de', 'preço', 'justo', '...']","['nao', 'entendo', 'porque', 'descontinuar', 'massas', 'otimas', 'espero', 'dia', 'voltem', 'praticas', 'saborosas', 'preço', 'justo']","['nao', 'entendo', 'porque', 'descontinuar', 'massa', 'otima', 'esperar', 'dia', 'voltar', 'pratica', 'saboroso', 'preço', 'justo']",nao entendo porque descontinuar massas otimas espero dia voltem praticas saborosas preço justo,nao entendo porque descontinuar massa otima esperar dia voltar pratica saboroso preço justo,promotor
2024,L5082-VILA ANDRADE (1346),jul,27,2024-07-05,"Não gostei da almôndega, não tem gosto de nenhum tipo de carne, não tem tempero, gosto",neutro,0,"['Não', 'gostei', 'da', 'almôndega', ',', 'não', 'tem', 'gosto', 'de', 'nenhum', 'tipo', 'de', 'carne', ',', 'não', 'tem', 'tempero', ',', 'gosto']","['não', 'gostei', 'almôndega', 'não', 'gosto', 'nenhum', 'tipo', 'carne', 'não', 'tempero', 'gosto']","['não', 'gostar', 'almôndega', 'não', 'gostar', 'nenhum', 'tipo', 'carner', 'não', 'tempero', 'gosto']",não gostei almôndega não gosto nenhum tipo carne não tempero gosto,não gostar almôndega não gostar nenhum tipo carner não tempero gosto,neutro
2024,L5082-VILA ANDRADE (1346),jul,28,2024-07-10,Aumentando as porções de doces e sobremesas rs,promotor,1,"['Aumentando', 'as', 'porções', 'de', 'doces', 'e', 'sobremesas', 'rs']","['aumentando', 'porções', 'doces', 'sobremesas', 'rs']","['aumentar', 'porção', 'doce', 'sobremeso', 'rs']",aumentando porções doces sobremesas rs,aumentar porção doce sobremeso rs,promotor
2024,L5082-VILA ANDRADE (1346),jul,28,2024-07-10,Produtos faltando sem ter reposição na loja acima citada,promotor,1,"['Produtos', 'faltando', 'sem', 'ter', 'reposição', 'na', 'loja', 'acima', 'citada']","['produtos', 'faltando', 'reposição', 'loja', 'acima', 'citada']","['produto', 'faltar', 'reposição', 'lojo', 'acima', 'citar']",produtos faltando reposição loja acima citada,produto faltar reposição lojo acima citar,promotor
2024,L5082-VILA ANDRADE (1346),jul,28,2024-07-10,O atendimento ficou a desejar,neutro,0,"['O', 'atendimento', 'ficou', 'a', 'desejar']","['atendimento', 'ficou', 'desejar']","['atendimento', 'ficar', 'desejar']",atendimento ficou desejar,atendimento ficar desejar,neutro
2024,L5082-VILA ANDRADE (1346),jul,28,2024-07-10,"Carne moida de 1 kg a 20,00 é um péssimo produto, digno de estragar receitas.",detrator,-1,"['Carne', 'moida', 'de', '1', 'kg', 'a', '20,00', 'é', 'um', 'péssimo', 'produto', ',', 'digno', 'de', 'estragar', 'receitas', '.']","['carne', 'moida', 'kg', 'péssimo', 'produto', 'digno', 'estragar', 'receitas']","['carne', 'moir', 'kg', 'péssimo', 'produto', 'digno', 'estragar', 'receita']",carne moida kg péssimo produto digno estragar receitas,carne moir kg péssimo produto digno estragar receita,detrator
2024,L5082-VILA ANDRADE (1346),jul,28,2024-07-11,"Vocês já são maravilhosos, amo seus produtos!",promotor,1,"['Vocês', 'já', 'são', 'maravilhosos', ',', 'amo', 'seus', 'produtos', '!']","['maravilhosos', 'amo', 'produtos']","['maravilhoso', 'amo', 'produto']",maravilhosos amo produtos,maravilhoso amo produto,promotor
2024,L5082-VILA ANDRADE (1346),jul,28,2024-07-12,"Não houve atendimento. ;Sinceramente a empresa tem dificuldade de trabalhar com venda online. A maioria dos pedidos que realizei pelo site deram problema. Algo que é pra facilitar, sempre tenho que abrir um chamado.;Esse último pedido veio faltando dois itens, entrei em contato, foi dado a solução de entrega em até 2 dias, o que não ocorreu. Entrei em contaro novamente, com o passar de vários dias sem o item, optei na devolução do valor, que até o momento não aconteceu.;Novamente, terei que reclamar por algo que paguei, tentei solucionar por duas vezes, e vocês não conseguiram atender.;Me diga, todo esse rolo que comentei acima, podemos considerar uma boa experiência? O que dirá indicar para um amigo? Podemos repensar para um inimigo, né?;Sinto informar, mas vocês precisam evoluir muito para querer entrar nesse mercado. Os produtos são bons, atendimento loja física é ótimo. Mas não podemos contar com a compra no site.",detrator,-1,"['Não', 'houve', 'atendimento', '.', ';', 'Sinceramente', 'a', 'empresa', 'tem', 'dificuldade', 'de', 'trabalhar', 'com', 'venda', 'online', '.', 'A', 'maioria', 'dos', 'pedidos', 'que', 'realizei', 'pelo', 'site', 'deram', 'problema', '.', 'Algo', 'que', 'é', 'pra', 'facilitar', ',', 'sempre', 'tenho', 'que', 'abrir', 'um', 'chamado', '.', ';', 'Esse', 'último', 'pedido', 'veio', 'faltando', 'dois', 'itens', ',', 'entrei', 'em', 'contato', ',', 'foi', 'dado', 'a', 'solução', 'de', 'entrega', 'em', 'até', '2', 'dias', ',', 'o', 'que', 'não', 'ocorreu', '.', 'Entrei', 'em', 'contaro', 'novamente', ',', 'com', 'o', 'passar', 'de', 'vários', 'dias', 'sem', 'o', 'item', ',', 'optei', 'na', 'devolução', 'do', 'valor', ',', 'que', 'até', 'o', 'momento', 'não', 'aconteceu', '.', ';', 'Novamente', ',', 'terei', 'que', 'reclamar', 'por', 'algo', 'que', 'paguei', ',', 'tentei', 'solucionar', 'por', 'duas', 'vezes', ',', 'e', 'vocês', 'não', 'conseguiram', 'atender', '.', ';', 'Me', 'diga', ',', 'todo', 'esse', 'rolo', 'que', 'comentei', 'acima', ',', 'podemos', 'considerar', 'uma', 'boa', 'experiência', '?', 'O', 'que', 'dirá', 'indicar', 'para', 'um', 'amigo', '?', 'Podemos', 'repensar', 'para', 'um', 'inimigo', ',', 'né', '?', ';', 'Sinto', 'informar', ',', 'mas', 'vocês', 'precisam', 'evoluir', 'muito', 'para', 'querer', 'entrar', 'nesse', 'mercado', '.', 'Os', 'produtos', 'são', 'bons', ',', 'atendimento', 'loja', 'física', 'é', 'ótimo', '.', 'Mas', 'não', 'podemos', 'contar', 'com', 'a', 'compra', 'no', 'site', '.']","['não', 'atendimento', 'sinceramente', 'empresa', 'dificuldade', 'trabalhar', 'venda', 'online', 'maioria', 'pedidos', 'realizei', 'site', 'deram', 'problema', 'algo', 'pra', 'facilitar', 'sempre', 'abrir', 'chamado', 'último', 'pedido', 'veio', 'faltando', 'dois', 'itens', 'entrei', 'contato', 'dado', 'solução', 'entrega', 'dias', 'não', 'ocorreu', 'entrei', 'contaro', 'novamente', 'passar', 'vários', 'dias', 'item', 'optei', 'devolução', 'valor', 'momento', 'não', 'aconteceu', 'novamente', 'reclamar', 'algo', 'paguei', 'tentei', 'solucionar', 'duas', 'vezes', 'não', 'conseguiram', 'atender', 'diga', 'todo', 'rolo', 'comentei', 'acima', 'podemos', 'considerar', 'boa', 'experiência', 'dirá', 'indicar', 'amigo', 'podemos', 'repensar', 'inimigo', 'né', 'sinto', 'informar', 'precisam', 'evoluir', 'querer', 'entrar', 'nesse', 'mercado', 'produtos', 'bons', 'atendimento', 'loja', 'física', 'ótimo', 'não', 'podemos', 'contar', 'compra', 'site']","['não', 'atendimento', 'sinceramente', 'empreso', 'dificuldade', 'trabalhar', 'venda', 'onlinar', 'maioria', 'pedido', 'realizeir', 'site', 'dar', 'problema', 'algo', 'pra', 'facilitar', 'sempre', 'abrir', 'chamar', 'último', 'pedido', 'vir', 'faltar', 'dois', 'item', 'entrar', 'contato', 'dar', 'solução', 'entregar', 'dia', 'não', 'ocorrer', 'entrar', 'contaro', 'novamente', 'passar', 'vários', 'dia', 'item', 'optei', 'devolução', 'valor', 'momento', 'não', 'acontecer', 'novamente', 'reclamar', 'algo', 'paguei', 'tentar', 'solucionar', 'dois', 'vez', 'não', 'conseguir', 'atender', 'diga', 'todo', 'rolo', 'comentar', 'acima', 'poder', 'considerar', 'bom', 'experiência', 'dir', 'indicar', 'amigo', 'poder', 'repensar', 'inimigo', 'né', 'sinto', 'informar', 'precisar', 'evoluir', 'querer', 'entrar', 'emesse', 'mercado', 'produto', 'bons', 'atendimento', 'lojar', 'físico', 'ótimo', 'não', 'poder', 'contar', 'compra', 'site']",não atendimento sinceramente empresa dificuldade trabalhar venda online maioria pedidos realizei site deram problema algo pra facilitar sempre abrir chamado último pedido veio faltando dois itens entrei contato dado solução entrega dias não ocorreu entrei contaro novamente passar vários dias item optei devolução valor momento não aconteceu novamente reclamar algo paguei tentei solucionar duas vezes não conseguiram atender diga todo rolo comentei acima podemos considerar boa experiência dirá indicar amigo podemos repensar inimigo né sinto informar precisam evoluir querer entrar nesse mercado produtos bons atendimento loja física ótimo não podemos contar compra site,não atendimento sinceramente empreso dificuldade trabalhar venda onlinar maioria pedido realizeir site dar problema algo pra facilitar sempre abrir chamar último pedido vir faltar dois item entrar contato dar solução entregar dia não ocorrer entrar contaro novamente passar vários dia item optei devolução valor momento não acontecer novamente reclamar algo paguei tentar solucionar dois vez não conseguir atender diga todo rolo comentar acima poder considerar bom experiência dir indicar amigo poder repensar inimigo né sinto informar precisar evoluir querer entrar emesse mercado produto bons atendimento lojar físico ótimo não poder contar compra site,detrator
2024,L5082-VILA ANDRADE (1346),jul,28,2024-07-14,"O peixe veio em pedaços finíssimos praticamente desmanchou ao ser feito. O ossobuco veio praticamente sem carne, 80% era apenas osso mal deu uma porção juntando os 2 que vem na embalagem.",detrator,-1,"['O', 'peixe', 'veio', 'em', 'pedaços', 'finíssimos', 'praticamente', 'desmanchou', 'ao', 'ser', 'feito', '.', 'O', 'ossobuco', 'veio', 'praticamente', 'sem', 'carne', ',', '80', '%', 'era', 'apenas', 'osso', 'mal', 'deu', 'uma', 'porção', 'juntando', 'os', '2', 'que', 'vem', 'na', 'embalagem', '.']","['peixe', 'veio', 'pedaços', 'finíssimos', 'praticamente', 'desmanchou', 'feito', 'ossobuco', 'veio', 'praticamente', 'carne', 'apenas', 'osso', 'mal', 'deu', 'porção', 'juntando', 'vem', 'embalagem']","['peixe', 'vir', 'pedaço', 'finíssimos', 'praticamente', 'desmanchar', 'fazer', 'ossobuco', 'vir', 'praticamente', 'carne', 'apenas', 'osso', 'mal', 'dar', 'porção', 'juntar', 'vir', 'embalagem']",peixe veio pedaços finíssimos praticamente desmanchou feito ossobuco veio praticamente carne apenas osso mal deu porção juntando vem embalagem,peixe vir pedaço finíssimos praticamente desmanchar fazer ossobuco vir praticamente carne apenas osso mal dar porção juntar vir embalagem,detrator
2024,L5082-VILA ANDRADE (1346),jul,29,2024-07-15,Mais atenção à qualidade dos produtos enviados ao cliente.  Obrigada.,promotor,1,"['Mais', 'atenção', 'à', 'qualidade', 'dos', 'produtos', 'enviados', 'ao', 'cliente', '.', 'Obrigada', '.']","['atenção', 'qualidade', 'produtos', 'enviados', 'cliente', 'obrigada']","['atenção', 'qualidade', 'produto', 'enviar', 'cliente', 'obrigar']",atenção qualidade produtos enviados cliente obrigada,atenção qualidade produto enviar cliente obrigar,promotor
2024,L5082-VILA ANDRADE (1346),jul,29,2024-07-15,"Vendendo carne boa, sem enganar o consumidor.",detrator,-1,"['Vendendo', 'carne', 'boa', ',', 'sem', 'enganar', 'o', 'consumidor', '.']","['vendendo', 'carne', 'boa', 'enganar', 'consumidor']","['vender', 'carne', 'bom', 'enganar', 'consumidor']",vendendo carne boa enganar consumidor,vender carne bom enganar consumidor,detrator
2024,L5082-VILA ANDRADE (1346),jul,29,2024-07-19,Deixar os preços mais acessíveis para a realidade do povo brasileiro.,promotor,1,"['Deixar', 'os', 'preços', 'mais', 'acessíveis', 'para', 'a', 'realidade', 'do', 'povo', 'brasileiro', '.']","['deixar', 'preços', 'acessíveis', 'realidade', 'povo', 'brasileiro']","['deixar', 'preço', 'acessível', 'realidade', 'povo', 'brasileiro']",deixar preços acessíveis realidade povo brasileiro,deixar preço acessível realidade povo brasileiro,promotor
2024,L5082-VILA ANDRADE (1346),jul,30,2024-07-23,Esta Muito bom mas  melhorando preço e entrega sempre melhor para todos,promotor,1,"['Esta', 'Muito', 'bom', 'mas', 'melhorando', 'preço', 'e', 'entrega', 'sempre', 'melhor', 'para', 'todos']","['bom', 'melhorando', 'preço', 'entrega', 'sempre', 'melhor', 'todos']","['bom', 'melhorar', 'preço', 'entregar', 'sempre', 'melhor', 'todo']",bom melhorando preço entrega sempre melhor todos,bom melhorar preço entregar sempre melhor todo,promotor
2024,L5082-VILA ANDRADE (1346),jul,30,2024-07-23,"""Baixar os preços.""",neutro,0,"['``', 'Baixar', 'os', 'preços', '.', ""''""]","['baixar', 'preços']","['baixar', 'preço']",baixar preços,baixar preço,neutro
2024,L5082-VILA ANDRADE (1346),jul,30,2024-07-24,"""Tudo perfeito """,promotor,1,"['``', 'Tudo', 'perfeito', '``']","['tudo', 'perfeito']","['tudo', 'perfeito']",tudo perfeito,tudo perfeito,promotor
2024,L5082-VILA ANDRADE (1346),jul,30,2024-07-24,poderiam fazer algumas promoções de vez em qdo.;Não criar tantas restrições para a entrega de alguns produtos à domicílio,promotor,1,"['poderiam', 'fazer', 'algumas', 'promoções', 'de', 'vez', 'em', 'qdo', '.', ';', 'Não', 'criar', 'tantas', 'restrições', 'para', 'a', 'entrega', 'de', 'alguns', 'produtos', 'à', 'domicílio']","['poderiam', 'fazer', 'algumas', 'promoções', 'vez', 'qdo', 'não', 'criar', 'tantas', 'restrições', 'entrega', 'alguns', 'produtos', 'domicílio']","['poder', 'fazer', 'algum', 'promoção', 'vez', 'qdo', 'não', 'criar', 'tanto', 'restrição', 'entregar', 'algum', 'produto', 'domicílio']",poderiam fazer algumas promoções vez qdo não criar tantas restrições entrega alguns produtos domicílio,poder fazer algum promoção vez qdo não criar tanto restrição entregar algum produto domicílio,promotor
2024,L5082-VILA ANDRADE (1346),jul,30,2024-07-24,"A desconexão da entrega e da comunicação é algo horrível. Realizei a compra para entregar na minha mãe. Primeiro que não foi entregue na data estipulada, segundo que recebi uma mensagem de que não conseguiram entregar na data combinada, mas que tentariam entregar ainda no mesmo dia, se fosse conveniente para mim. Acontece que, no mesmo segundo que recebi essa msg, o pedido chegou. Que falha desnecessária, concordam?",neutro,0,"['A', 'desconexão', 'da', 'entrega', 'e', 'da', 'comunicação', 'é', 'algo', 'horrível', '.', 'Realizei', 'a', 'compra', 'para', 'entregar', 'na', 'minha', 'mãe', '.', 'Primeiro', 'que', 'não', 'foi', 'entregue', 'na', 'data', 'estipulada', ',', 'segundo', 'que', 'recebi', 'uma', 'mensagem', 'de', 'que', 'não', 'conseguiram', 'entregar', 'na', 'data', 'combinada', ',', 'mas', 'que', 'tentariam', 'entregar', 'ainda', 'no', 'mesmo', 'dia', ',', 'se', 'fosse', 'conveniente', 'para', 'mim', '.', 'Acontece', 'que', ',', 'no', 'mesmo', 'segundo', 'que', 'recebi', 'essa', 'msg', ',', 'o', 'pedido', 'chegou', '.', 'Que', 'falha', 'desnecessária', ',', 'concordam', '?']","['desconexão', 'entrega', 'comunicação', 'algo', 'horrível', 'realizei', 'compra', 'entregar', 'mãe', 'primeiro', 'não', 'entregue', 'data', 'estipulada', 'segundo', 'recebi', 'mensagem', 'não', 'conseguiram', 'entregar', 'data', 'combinada', 'tentariam', 'entregar', 'ainda', 'dia', 'conveniente', 'mim', 'acontece', 'segundo', 'recebi', 'msg', 'pedido', 'chegou', 'falha', 'desnecessária', 'concordam']","['desconexão', 'entregar', 'comunicaçãor', 'algo', 'horrível', 'realizeir', 'compra', 'entregar', 'mãe', 'primeiro', 'não', 'entregar', 'datar', 'estipular', 'segundo', 'recebi', 'mensagem', 'não', 'conseguir', 'entregar', 'data', 'combinar', 'tentarer', 'entregar', 'ainda', 'dia', 'conveniente', 'eu', 'acontecer', 'segundo', 'recebi', 'msg', 'pedir', 'chegar', 'falha', 'desnecessário', 'concordar']",desconexão entrega comunicação algo horrível realizei compra entregar mãe primeiro não entregue data estipulada segundo recebi mensagem não conseguiram entregar data combinada tentariam entregar ainda dia conveniente mim acontece segundo recebi msg pedido chegou falha desnecessária concordam,desconexão entregar comunicaçãor algo horrível realizeir compra entregar mãe primeiro não entregar datar estipular segundo recebi mensagem não conseguir entregar data combinar tentarer entregar ainda dia conveniente eu acontecer segundo recebi msg pedir chegar falha desnecessário concordar,neutro
2024,L5082-VILA ANDRADE (1346),jul,30,2024-07-24,"Infelizmente a entrega foi com muito atraso, 0k?",neutro,0,"['Infelizmente', 'a', 'entrega', 'foi', 'com', 'muito', 'atraso', ',', '0k', '?']","['infelizmente', 'entrega', 'atraso']","['infelizmente', 'entregar', 'atraso']",infelizmente entrega atraso,infelizmente entregar atraso,neutro
2024,L5082-VILA ANDRADE (1346),jul,30,2024-07-24,"o que me encomoda são as pessoas na porta da loja pedindo produtos e ficam bravos qdo nao ganham nada isso é muito chato, pessoas fortes para trabalhar e ficam enchendo a paciencia do cliente",neutro,0,"['o', 'que', 'me', 'encomoda', 'são', 'as', 'pessoas', 'na', 'porta', 'da', 'loja', 'pedindo', 'produtos', 'e', 'ficam', 'bravos', 'qdo', 'nao', 'ganham', 'nada', 'isso', 'é', 'muito', 'chato', ',', 'pessoas', 'fortes', 'para', 'trabalhar', 'e', 'ficam', 'enchendo', 'a', 'paciencia', 'do', 'cliente']","['encomoda', 'pessoas', 'porta', 'loja', 'pedindo', 'produtos', 'ficam', 'bravos', 'qdo', 'nao', 'ganham', 'nada', 'chato', 'pessoas', 'fortes', 'trabalhar', 'ficam', 'enchendo', 'paciencia', 'cliente']","['encomodo', 'pessoa', 'porta', 'lojar', 'pedir', 'produto', 'ficar', 'bravo', 'qdo', 'nao', 'ganhar', 'nada', 'chato', 'pessoa', 'forte', 'trabalhar', 'ficar', 'encher', 'paciencia', 'cliente']",encomoda pessoas porta loja pedindo produtos ficam bravos qdo nao ganham nada chato pessoas fortes trabalhar ficam enchendo paciencia cliente,encomodo pessoa porta lojar pedir produto ficar bravo qdo nao ganhar nada chato pessoa forte trabalhar ficar encher paciencia cliente,neutro
2024,L5082-VILA ANDRADE (1346),jul,30,2024-07-25,"É necessário ter itens totais dos produtos Swif nesta loja,  na compra do dia 23/07 não tinha todos os temperos que faz parte da grade de produtos.",promotor,1,"['É', 'necessário', 'ter', 'itens', 'totais', 'dos', 'produtos', 'Swif', 'nesta', 'loja', ',', 'na', 'compra', 'do', 'dia', '23/07', 'não', 'tinha', 'todos', 'os', 'temperos', 'que', 'faz', 'parte', 'da', 'grade', 'de', 'produtos', '.']","['necessário', 'itens', 'totais', 'produtos', 'swif', 'nesta', 'loja', 'compra', 'dia', 'não', 'todos', 'temperos', 'faz', 'parte', 'grade', 'produtos']","['necessário', 'item', 'total', 'produto', 'swif', 'emeste', 'loja', 'compro', 'dia', 'não', 'todo', 'tempero', 'fazer', 'parte', 'grader', 'produto']",necessário itens totais produtos swif nesta loja compra dia não todos temperos faz parte grade produtos,necessário item total produto swif emeste loja compro dia não todo tempero fazer parte grader produto,promotor
2024,L5082-VILA ANDRADE (1346),jul,30,2024-07-27,"Havia placa mencionando a oferta de um produto porém na gôndola havia produto semelhante com peso errado, maior e mais caro. Também estava faltando produto na loja como o pão de queijo coquetel e frango desfiado. Os atendentes foram bastante atenciosos, sobre eles não tenho reclamação.",promotor,1,"['Havia', 'placa', 'mencionando', 'a', 'oferta', 'de', 'um', 'produto', 'porém', 'na', 'gôndola', 'havia', 'produto', 'semelhante', 'com', 'peso', 'errado', ',', 'maior', 'e', 'mais', 'caro', '.', 'Também', 'estava', 'faltando', 'produto', 'na', 'loja', 'como', 'o', 'pão', 'de', 'queijo', 'coquetel', 'e', 'frango', 'desfiado', '.', 'Os', 'atendentes', 'foram', 'bastante', 'atenciosos', ',', 'sobre', 'eles', 'não', 'tenho', 'reclamação', '.']","['havia', 'placa', 'mencionando', 'oferta', 'produto', 'porém', 'gôndola', 'havia', 'produto', 'semelhante', 'peso', 'errado', 'maior', 'caro', 'faltando', 'produto', 'loja', 'pão', 'queijo', 'coquetel', 'frango', 'desfiado', 'atendentes', 'bastante', 'atenciosos', 'sobre', 'não', 'reclamação']","['haver', 'placar', 'mencionar', 'oferta', 'produto', 'porém', 'gôndola', 'haver', 'produto', 'semelhante', 'peso', 'errar', 'grande', 'caro', 'faltar', 'produto', 'lojar', 'pão', 'queijo', 'coquetel', 'frango', 'desfiar', 'atendente', 'bastante', 'atencioso', 'sobre', 'não', 'reclamaçãor']",havia placa mencionando oferta produto porém gôndola havia produto semelhante peso errado maior caro faltando produto loja pão queijo coquetel frango desfiado atendentes bastante atenciosos sobre não reclamação,haver placar mencionar oferta produto porém gôndola haver produto semelhante peso errar grande caro faltar produto lojar pão queijo coquetel frango desfiar atendente bastante atencioso sobre não reclamaçãor,promotor
2024,L5082-VILA ANDRADE (1346),jul,30,2024-07-28,Estou satisfeito com o atendimento e entrega da Swift,promotor,1,"['Estou', 'satisfeito', 'com', 'o', 'atendimento', 'e', 'entrega', 'da', 'Swift']","['satisfeito', 'atendimento', 'entrega', 'swift']","['satisfeito', 'atendimento', 'entregar', 'swift']",satisfeito atendimento entrega swift,satisfeito atendimento entregar swift,promotor
2024,L5082-VILA ANDRADE (1346),jul,31,2024-07-29,Confio plenamente  nos produtos,promotor,1,"['Confio', 'plenamente', 'nos', 'produtos']","['confio', 'plenamente', 'produtos']","['confiar', 'plenamente', 'produto']",confio plenamente produtos,confiar plenamente produto,promotor
2024,L5082-VILA ANDRADE (1346),jul,31,2024-07-29,deveriam fazer algumas promoções...............,promotor,1,"['deveriam', 'fazer', 'algumas', 'promoções', '...............']","['deveriam', 'fazer', 'algumas', 'promoções']","['dever', 'fazer', 'algum', 'promoção']",deveriam fazer algumas promoções,dever fazer algum promoção,promotor
2024,L5082-VILA ANDRADE (1346),jul,31,2024-07-31,Em nada pois está perfeito,promotor,1,"['Em', 'nada', 'pois', 'está', 'perfeito']","['nada', 'pois', 'perfeito']","['nada', 'pois', 'perfeitar']",nada pois perfeito,nada pois perfeitar,promotor
2024,L5082-VILA ANDRADE (1346),ago,31,2024-08-01,"Geralmente frequento a unidade da Vila Andrade. Frequentemente o caminhão q faz a reposição dos produtos está parado utilizando diversas vagas, ele estaciona na transversal e não dentro de uma das vagas.;Muitas vezes não há vaga para estacionar, mas vc entra dentro da loja e não há clientes. ;Acho q alguém deveria cuidar melhor deste detalhe, houve vezes q por falta de vagas, não fiz compra lá, fui até o Zaffari q tem preços competitivos e muitas vagas de estacionamento.",neutro,0,"['Geralmente', 'frequento', 'a', 'unidade', 'da', 'Vila', 'Andrade', '.', 'Frequentemente', 'o', 'caminhão', 'q', 'faz', 'a', 'reposição', 'dos', 'produtos', 'está', 'parado', 'utilizando', 'diversas', 'vagas', ',', 'ele', 'estaciona', 'na', 'transversal', 'e', 'não', 'dentro', 'de', 'uma', 'das', 'vagas', '.', ';', 'Muitas', 'vezes', 'não', 'há', 'vaga', 'para', 'estacionar', ',', 'mas', 'vc', 'entra', 'dentro', 'da', 'loja', 'e', 'não', 'há', 'clientes', '.', ';', 'Acho', 'q', 'alguém', 'deveria', 'cuidar', 'melhor', 'deste', 'detalhe', ',', 'houve', 'vezes', 'q', 'por', 'falta', 'de', 'vagas', ',', 'não', 'fiz', 'compra', 'lá', ',', 'fui', 'até', 'o', 'Zaffari', 'q', 'tem', 'preços', 'competitivos', 'e', 'muitas', 'vagas', 'de', 'estacionamento', '.']","['geralmente', 'frequento', 'unidade', 'vila', 'andrade', 'frequentemente', 'caminhão', 'faz', 'reposição', 'produtos', 'parado', 'utilizando', 'diversas', 'vagas', 'estaciona', 'transversal', 'não', 'dentro', 'vagas', 'muitas', 'vezes', 'não', 'vaga', 'estacionar', 'vc', 'entra', 'dentro', 'loja', 'não', 'clientes', 'acho', 'alguém', 'deveria', 'cuidar', 'melhor', 'deste', 'detalhe', 'vezes', 'falta', 'vagas', 'não', 'fiz', 'compra', 'lá', 'zaffari', 'preços', 'competitivos', 'muitas', 'vagas', 'estacionamento']","['geralmente', 'frequento', 'unidade', 'vila', 'andrade', 'frequentemente', 'caminhão', 'fazer', 'reposição', 'produto', 'parar', 'utilizar', 'diversos', 'vaga', 'estacionar', 'transversal', 'não', 'dentro', 'vaga', 'muitas', 'vez', 'não', 'vaga', 'estacionar', 'vc', 'entrar', 'dentro', 'loja', 'não', 'cliente', 'achar', 'alguém', 'dever', 'cuidar', 'bom', 'deeste', 'detalhe', 'vez', 'faltar', 'vaga', 'não', 'fiz', 'compra', 'lá', 'zaffari', 'preço', 'competitivo', 'muito', 'vaga', 'estacionamento']",geralmente frequento unidade vila andrade frequentemente caminhão faz reposição produtos parado utilizando diversas vagas estaciona transversal não dentro vagas muitas vezes não vaga estacionar vc entra dentro loja não clientes acho alguém deveria cuidar melhor deste detalhe vezes falta vagas não fiz compra lá zaffari preços competitivos muitas vagas estacionamento,geralmente frequento unidade vila andrade frequentemente caminhão fazer reposição produto parar utilizar diversos vaga estacionar transversal não dentro vaga muitas vez não vaga estacionar vc entrar dentro loja não cliente achar alguém dever cuidar bom deeste detalhe vez faltar vaga não fiz compra lá zaffari preço competitivo muito vaga estacionamento,neutro
2024,L5082-VILA ANDRADE (1346),ago,32,2024-08-05,"Olá, os produtos ótimos, atendimento excelente mas os preços não. Aumento toda a semana, chegou no preço dos mercados, onde como cliente fidelidade, tenho desconto. Então mais fácil comprar no mercado, tudo junto.;Obrigada pela atenção.",neutro,0,"['Olá', ',', 'os', 'produtos', 'ótimos', ',', 'atendimento', 'excelente', 'mas', 'os', 'preços', 'não', '.', 'Aumento', 'toda', 'a', 'semana', ',', 'chegou', 'no', 'preço', 'dos', 'mercados', ',', 'onde', 'como', 'cliente', 'fidelidade', ',', 'tenho', 'desconto', '.', 'Então', 'mais', 'fácil', 'comprar', 'no', 'mercado', ',', 'tudo', 'junto', '.', ';', 'Obrigada', 'pela', 'atenção', '.']","['olá', 'produtos', 'ótimos', 'atendimento', 'excelente', 'preços', 'não', 'aumento', 'toda', 'semana', 'chegou', 'preço', 'mercados', 'onde', 'cliente', 'fidelidade', 'desconto', 'então', 'fácil', 'comprar', 'mercado', 'tudo', 'junto', 'obrigada', 'atenção']","['olá', 'produto', 'ótimos', 'atendimento', 'excelente', 'preço', 'não', 'aumento', 'toda', 'semana', 'chegar', 'preço', 'mercado', 'onde', 'cliente', 'fidelidade', 'desconto', 'então', 'fácil', 'comprar', 'mercado', 'tudo', 'junto', 'obrigar', 'atenção']",olá produtos ótimos atendimento excelente preços não aumento toda semana chegou preço mercados onde cliente fidelidade desconto então fácil comprar mercado tudo junto obrigada atenção,olá produto ótimos atendimento excelente preço não aumento toda semana chegar preço mercado onde cliente fidelidade desconto então fácil comprar mercado tudo junto obrigar atenção,neutro
2024,L5082-VILA ANDRADE (1346),ago,32,2024-08-06,Aceitar VR,promotor,1,"['Aceitar', 'VR']","['aceitar', 'vr']","['aceitar', 'vr']",aceitar vr,aceitar vr,promotor
2024,L5082-VILA ANDRADE (1346),ago,32,2024-08-07,Ter um cartão exclusivo para uso nas lojas,promotor,1,"['Ter', 'um', 'cartão', 'exclusivo', 'para', 'uso', 'nas', 'lojas']","['cartão', 'exclusivo', 'uso', 'lojas']","['cartão', 'exclusivo', 'uso', 'loja']",cartão exclusivo uso lojas,cartão exclusivo uso loja,promotor
2024,L5082-VILA ANDRADE (1346),ago,32,2024-08-10,Preço mais baixo,promotor,1,"['Preço', 'mais', 'baixo']","['preço', 'baixo']","['preço', 'baixo']",preço baixo,preço baixo,promotor
2024,L5082-VILA ANDRADE (1346),ago,33,2024-08-12,"""Ao menos um dos produtos que comprei ficou aquém do esperado. """,neutro,0,"['``', 'Ao', 'menos', 'um', 'dos', 'produtos', 'que', 'comprei', 'ficou', 'aquém', 'do', 'esperado.', '``']","['menos', 'produtos', 'comprei', 'ficou', 'aquém', 'esperado']","['pouco', 'produto', 'compr', 'ficar', 'aquém', 'esperar']",menos produtos comprei ficou aquém esperado,pouco produto compr ficar aquém esperar,neutro
2024,L5082-VILA ANDRADE (1346),ago,33,2024-08-15,"Ainda nao recebi este pedido, apesar de já ter ligado duas vezes para a swift e sempre prometem entregar no dia seguinte",detrator,-1,"['Ainda', 'nao', 'recebi', 'este', 'pedido', ',', 'apesar', 'de', 'já', 'ter', 'ligado', 'duas', 'vezes', 'para', 'a', 'swift', 'e', 'sempre', 'prometem', 'entregar', 'no', 'dia', 'seguinte']","['ainda', 'nao', 'recebi', 'pedido', 'apesar', 'ligado', 'duas', 'vezes', 'swift', 'sempre', 'prometem', 'entregar', 'dia', 'seguinte']","['ainda', 'nao', 'recebi', 'pedir', 'apesar', 'ligar', 'dois', 'vez', 'swift', 'sempre', 'prometer', 'entregar', 'dia', 'seguinte']",ainda nao recebi pedido apesar ligado duas vezes swift sempre prometem entregar dia seguinte,ainda nao recebi pedir apesar ligar dois vez swift sempre prometer entregar dia seguinte,detrator
2024,L5082-VILA ANDRADE (1346),ago,33,2024-08-18,"Cumprindo suas obrigações, tendo respeito e ;consideração  pelos clientes.",detrator,-1,"['Cumprindo', 'suas', 'obrigações', ',', 'tendo', 'respeito', 'e', ';', 'consideração', 'pelos', 'clientes', '.']","['cumprindo', 'obrigações', 'respeito', 'consideração', 'clientes']","['cumprir', 'obrigação', 'respeito', 'consideraçãor', 'cliente']",cumprindo obrigações respeito consideração clientes,cumprir obrigação respeito consideraçãor cliente,detrator
2024,L5082-VILA ANDRADE (1346),ago,34,2024-08-19,"""Moro na rua de uma das lojas e vcs não têm tudo que há no site na loja física... e qdo peço para entregar dizem que não pode nesse endereço... rua José da Silva Ribeiro """,detrator,-1,"['``', 'Moro', 'na', 'rua', 'de', 'uma', 'das', 'lojas', 'e', 'vcs', 'não', 'têm', 'tudo', 'que', 'há', 'no', 'site', 'na', 'loja', 'física', '...', 'e', 'qdo', 'peço', 'para', 'entregar', 'dizem', 'que', 'não', 'pode', 'nesse', 'endereço', '...', 'rua', 'José', 'da', 'Silva', 'Ribeiro', '``']","['moro', 'rua', 'lojas', 'vcs', 'não', 'tudo', 'site', 'loja', 'física', 'qdo', 'peço', 'entregar', 'dizem', 'não', 'pode', 'nesse', 'endereço', 'rua', 'josé', 'silva', 'ribeiro']","['morar', 'rua', 'lojas', 'vcs', 'não', 'tudo', 'site', 'loja', 'físico', 'qdo', 'peço', 'entregar', 'dizer', 'não', 'poder', 'emesse', 'endereço', 'rua', 'josé', 'silva', 'ribeiro']",moro rua lojas vcs não tudo site loja física qdo peço entregar dizem não pode nesse endereço rua josé silva ribeiro,morar rua lojas vcs não tudo site loja físico qdo peço entregar dizer não poder emesse endereço rua josé silva ribeiro,detrator
2024,L5082-VILA ANDRADE (1346),ago,34,2024-08-19,Não cumpriram o prazo de entrega;Eu tive que ligar para que efetuassem a entrega;Demoraram 2 dias a mais para entregar;Não retornaram o reclame aqui;Picanha fibrosa,detrator,-1,"['Não', 'cumpriram', 'o', 'prazo', 'de', 'entrega', ';', 'Eu', 'tive', 'que', 'ligar', 'para', 'que', 'efetuassem', 'a', 'entrega', ';', 'Demoraram', '2', 'dias', 'a', 'mais', 'para', 'entregar', ';', 'Não', 'retornaram', 'o', 'reclame', 'aqui', ';', 'Picanha', 'fibrosa']","['não', 'cumpriram', 'prazo', 'entrega', 'ligar', 'efetuassem', 'entrega', 'demoraram', 'dias', 'entregar', 'não', 'retornaram', 'reclame', 'aqui', 'picanha', 'fibrosa']","['não', 'cumprir', 'prazo', 'entregar', 'ligar', 'efetuassem', 'entrega', 'demorar', 'dia', 'entregar', 'não', 'retornar', 'reclame', 'aqui', 'picanha', 'fibroso']",não cumpriram prazo entrega ligar efetuassem entrega demoraram dias entregar não retornaram reclame aqui picanha fibrosa,não cumprir prazo entregar ligar efetuassem entrega demorar dia entregar não retornar reclame aqui picanha fibroso,detrator
2024,L5082-VILA ANDRADE (1346),ago,34,2024-08-23,Melhoraria o tempo de entrega e colocaria promoções,promotor,1,"['Melhoraria', 'o', 'tempo', 'de', 'entrega', 'e', 'colocaria', 'promoções']","['melhoraria', 'tempo', 'entrega', 'colocaria', 'promoções']","['melhoraria', 'tempo', 'entregar', 'colocar', 'promoção']",melhoraria tempo entrega colocaria promoções,melhoraria tempo entregar colocar promoção,promotor
2024,L5082-VILA ANDRADE (1346),ago,34,2024-08-23,"Não vendendo barriga com gordura saturada para fazer banha, recebi uma visita em minha casa de Lisboa Portugal, se recusaram a comer o produto enviado, disse q era lixo, sei que não será publicado, vou avaliar sem ser anônimo.",detrator,-1,"['Não', 'vendendo', 'barriga', 'com', 'gordura', 'saturada', 'para', 'fazer', 'banha', ',', 'recebi', 'uma', 'visita', 'em', 'minha', 'casa', 'de', 'Lisboa', 'Portugal', ',', 'se', 'recusaram', 'a', 'comer', 'o', 'produto', 'enviado', ',', 'disse', 'q', 'era', 'lixo', ',', 'sei', 'que', 'não', 'será', 'publicado', ',', 'vou', 'avaliar', 'sem', 'ser', 'anônimo', '.']","['não', 'vendendo', 'barriga', 'gordura', 'saturada', 'fazer', 'banha', 'recebi', 'visita', 'casa', 'lisboa', 'portugal', 'recusaram', 'comer', 'produto', 'enviado', 'disse', 'lixo', 'sei', 'não', 'publicado', 'vou', 'avaliar', 'anônimo']","['não', 'vender', 'barriga', 'gorduro', 'saturar', 'fazer', 'banha', 'recebi', 'visitar', 'casa', 'lisboa', 'portugal', 'recusar', 'comer', 'produto', 'enviar', 'dizer', 'lixo', 'saber', 'não', 'publicar', 'ir', 'avaliar', 'anônimo']",não vendendo barriga gordura saturada fazer banha recebi visita casa lisboa portugal recusaram comer produto enviado disse lixo sei não publicado vou avaliar anônimo,não vender barriga gorduro saturar fazer banha recebi visitar casa lisboa portugal recusar comer produto enviar dizer lixo saber não publicar ir avaliar anônimo,detrator
2024,L5082-VILA ANDRADE (1346),ago,35,2024-08-27,"Está tudo relativamente em ordem. As queixas são para o preço dos produtos ordinários que são bastante acima do que deveriam, porém os produtos premium me parecem estar com os preços adequados.",neutro,0,"['Está', 'tudo', 'relativamente', 'em', 'ordem', '.', 'As', 'queixas', 'são', 'para', 'o', 'preço', 'dos', 'produtos', 'ordinários', 'que', 'são', 'bastante', 'acima', 'do', 'que', 'deveriam', ',', 'porém', 'os', 'produtos', 'premium', 'me', 'parecem', 'estar', 'com', 'os', 'preços', 'adequados', '.']","['tudo', 'relativamente', 'ordem', 'queixas', 'preço', 'produtos', 'ordinários', 'bastante', 'acima', 'deveriam', 'porém', 'produtos', 'premium', 'parecem', 'preços', 'adequados']","['tudo', 'relativamente', 'ordir', 'queixa', 'preço', 'produto', 'ordinário', 'bastante', 'acima', 'dever', 'porém', 'produto', 'premium', 'parecer', 'preço', 'adequar']",tudo relativamente ordem queixas preço produtos ordinários bastante acima deveriam porém produtos premium parecem preços adequados,tudo relativamente ordir queixa preço produto ordinário bastante acima dever porém produto premium parecer preço adequar,neutro
2024,L5082-VILA ANDRADE (1346),ago,35,2024-08-27,"Os produtos caiu a qualidade, e tem alguns produtos que nunca acho quando vou na loja.",detrator,-1,"['Os', 'produtos', 'caiu', 'a', 'qualidade', ',', 'e', 'tem', 'alguns', 'produtos', 'que', 'nunca', 'acho', 'quando', 'vou', 'na', 'loja', '.']","['produtos', 'caiu', 'qualidade', 'alguns', 'produtos', 'nunca', 'acho', 'vou', 'loja']","['produto', 'cair', 'qualidade', 'algum', 'produto', 'nunca', 'achar', 'ir', 'loja']",produtos caiu qualidade alguns produtos nunca acho vou loja,produto cair qualidade algum produto nunca achar ir loja,detrator
2024,L5082-VILA ANDRADE (1346),ago,35,2024-08-28,"""Aumentar a variedade sempre é bom""",promotor,1,"['``', 'Aumentar', 'a', 'variedade', 'sempre', 'é', 'bom', ""''""]","['aumentar', 'variedade', 'sempre', 'bom']","['aumentar', 'variedade', 'sempre', 'bom']",aumentar variedade sempre bom,aumentar variedade sempre bom,promotor
2024,L5082-VILA ANDRADE (1346),ago,35,2024-08-29,Todo processo tem espaço para melhorias,neutro,0,"['Todo', 'processo', 'tem', 'espaço', 'para', 'melhorias']","['todo', 'processo', 'espaço', 'melhorias']","['todo', 'processo', 'espaço', 'melhoria']",todo processo espaço melhorias,todo processo espaço melhoria,neutro
2024,L5082-VILA ANDRADE (1346),set,36,2024-09-02,Lançar  mais massas;;;CONCHIGLIONE UM POUCO CARO ACIMA MEDIA,promotor,1,"['Lançar', 'mais', 'massas', ';', ';', ';', 'CONCHIGLIONE', 'UM', 'POUCO', 'CARO', 'ACIMA', 'MEDIA']","['lançar', 'massas', 'conchiglione', 'pouco', 'caro', 'acima', 'media']","['lançar', 'massa', 'conchiglione', 'pouco', 'caro', 'acima', 'media']",lançar massas conchiglione pouco caro acima media,lançar massa conchiglione pouco caro acima media,promotor
2024,L5082-VILA ANDRADE (1346),set,36,2024-09-02,Ganhei um crédito que não consigo usar. Já peguei carne de pessima qualidade. Acho que a swift caiu muito,detrator,-1,"['Ganhei', 'um', 'crédito', 'que', 'não', 'consigo', 'usar', '.', 'Já', 'peguei', 'carne', 'de', 'pessima', 'qualidade', '.', 'Acho', 'que', 'a', 'swift', 'caiu', 'muito']","['ganhei', 'crédito', 'não', 'consigo', 'usar', 'peguei', 'carne', 'pessima', 'qualidade', 'acho', 'swift', 'caiu']","['ganhar', 'crédito', 'não', 'comsi', 'usar', 'peguei', 'carne', 'pessimo', 'qualidade', 'achar', 'swift', 'cair']",ganhei crédito não consigo usar peguei carne pessima qualidade acho swift caiu,ganhar crédito não comsi usar peguei carne pessimo qualidade achar swift cair,detrator
2024,L5082-VILA ANDRADE (1346),set,36,2024-09-03,ótimos produtos com preços razoáveis e entrega perfeito.........parabéns,promotor,1,"['ótimos', 'produtos', 'com', 'preços', 'razoáveis', 'e', 'entrega', 'perfeito', '.........', 'parabéns']","['ótimos', 'produtos', 'preços', 'razoáveis', 'entrega', 'perfeito', 'parabéns']","['ótimo', 'produto', 'preço', 'razoável', 'entrega', 'perfeito', 'parabéns']",ótimos produtos preços razoáveis entrega perfeito parabéns,ótimo produto preço razoável entrega perfeito parabéns,promotor
2024,L5082-VILA ANDRADE (1346),set,36,2024-09-05,"São produtos ótimos, porém acho que poderia melhorar um pouco nos preços, está difícil de comprar.",promotor,1,"['São', 'produtos', 'ótimos', ',', 'porém', 'acho', 'que', 'poderia', 'melhorar', 'um', 'pouco', 'nos', 'preços', ',', 'está', 'difícil', 'de', 'comprar', '.']","['produtos', 'ótimos', 'porém', 'acho', 'poderia', 'melhorar', 'pouco', 'preços', 'difícil', 'comprar']","['produto', 'ótimos', 'porém', 'achar', 'poder', 'melhorar', 'pouco', 'preço', 'difícil', 'comprar']",produtos ótimos porém acho poderia melhorar pouco preços difícil comprar,produto ótimos porém achar poder melhorar pouco preço difícil comprar,promotor
2024,L5082-VILA ANDRADE (1346),set,36,2024-09-06,"Tem porções fracionadas em 500grs ,que os valores superam até 20% mais que o kg nos concorrentes ! ;Independente do processo de produção e acondicionamento,  é  um tanto abusivo o preço!",neutro,0,"['Tem', 'porções', 'fracionadas', 'em', '500grs', ',', 'que', 'os', 'valores', 'superam', 'até', '20', '%', 'mais', 'que', 'o', 'kg', 'nos', 'concorrentes', '!', ';', 'Independente', 'do', 'processo', 'de', 'produção', 'e', 'acondicionamento', ',', 'é', 'um', 'tanto', 'abusivo', 'o', 'preço', '!']","['porções', 'fracionadas', 'valores', 'superam', 'kg', 'concorrentes', 'independente', 'processo', 'produção', 'acondicionamento', 'tanto', 'abusivo', 'preço']","['porção', 'fracionar', 'valor', 'superar', 'kg', 'concorrente', 'independente', 'processo', 'produção', 'acondicionamento', 'tanto', 'abusivo', 'preço']",porções fracionadas valores superam kg concorrentes independente processo produção acondicionamento tanto abusivo preço,porção fracionar valor superar kg concorrente independente processo produção acondicionamento tanto abusivo preço,neutro
2024,L5082-VILA ANDRADE (1346),set,36,2024-09-06,Como já tinha falado inúmeras outras vezes. Alguns produtos são descongelados / congelados.,detrator,-1,"['Como', 'já', 'tinha', 'falado', 'inúmeras', 'outras', 'vezes', '.', 'Alguns', 'produtos', 'são', 'descongelados', '/', 'congelados', '.']","['falado', 'inúmeras', 'outras', 'vezes', 'alguns', 'produtos', 'descongelados', 'congelados']","['falar', 'inúmero', 'outro', 'vez', 'algum', 'produto', 'descongelar', 'congelado']",falado inúmeras outras vezes alguns produtos descongelados congelados,falar inúmero outro vez algum produto descongelar congelado,detrator
2024,L5082-VILA ANDRADE (1346),set,37,2024-09-10,Gostaria que vcs vendessem o filé de sobrecoxa sem pele e sem a coxa,promotor,1,"['Gostaria', 'que', 'vcs', 'vendessem', 'o', 'filé', 'de', 'sobrecoxa', 'sem', 'pele', 'e', 'sem', 'a', 'coxa']","['gostaria', 'vcs', 'vendessem', 'filé', 'sobrecoxa', 'pele', 'coxa']","['gostar', 'vcs', 'vender', 'filé', 'sobrecoxa', 'pele', 'coxo']",gostaria vcs vendessem filé sobrecoxa pele coxa,gostar vcs vender filé sobrecoxa pele coxo,promotor
2024,L5082-VILA ANDRADE (1346),set,37,2024-09-10,"Voltando com os descontos exclusivos pra cadastro, porque não tem mais vantagem em colocar.",promotor,1,"['Voltando', 'com', 'os', 'descontos', 'exclusivos', 'pra', 'cadastro', ',', 'porque', 'não', 'tem', 'mais', 'vantagem', 'em', 'colocar', '.']","['voltando', 'descontos', 'exclusivos', 'pra', 'cadastro', 'porque', 'não', 'vantagem', 'colocar']","['voltar', 'desconto', 'exclusivo', 'pra', 'cadastro', 'porque', 'não', 'vantagem', 'colocar']",voltando descontos exclusivos pra cadastro porque não vantagem colocar,voltar desconto exclusivo pra cadastro porque não vantagem colocar,promotor
2024,L5082-VILA ANDRADE (1346),set,37,2024-09-10,"Melhorar na logística, pois tive um item cancelado antes da entrega, por falta de estoque.",detrator,-1,"['Melhorar', 'na', 'logística', ',', 'pois', 'tive', 'um', 'item', 'cancelado', 'antes', 'da', 'entrega', ',', 'por', 'falta', 'de', 'estoque', '.']","['melhorar', 'logística', 'pois', 'item', 'cancelado', 'antes', 'entrega', 'falta', 'estoque']","['melhorar', 'logística', 'pois', 'item', 'cancelar', 'antes', 'entregar', 'faltar', 'estoque']",melhorar logística pois item cancelado antes entrega falta estoque,melhorar logística pois item cancelar antes entregar faltar estoque,detrator
2024,L5082-VILA ANDRADE (1346),set,37,2024-09-11,"Eu queria comprar mais coisas no dia, mas o APP estava com bug e excluindo produtos da minha cesta. Fiquei com medo de não conseguir receber no mesmo dia, então comprei só o que tinha conseguido incluir na lista. O Contra-file ao invés de vir com gordura, veio com muito nervo. Já foi melhor...",neutro,0,"['Eu', 'queria', 'comprar', 'mais', 'coisas', 'no', 'dia', ',', 'mas', 'o', 'APP', 'estava', 'com', 'bug', 'e', 'excluindo', 'produtos', 'da', 'minha', 'cesta', '.', 'Fiquei', 'com', 'medo', 'de', 'não', 'conseguir', 'receber', 'no', 'mesmo', 'dia', ',', 'então', 'comprei', 'só', 'o', 'que', 'tinha', 'conseguido', 'incluir', 'na', 'lista', '.', 'O', 'Contra-file', 'ao', 'invés', 'de', 'vir', 'com', 'gordura', ',', 'veio', 'com', 'muito', 'nervo', '.', 'Já', 'foi', 'melhor', '...']","['queria', 'comprar', 'coisas', 'dia', 'app', 'bug', 'excluindo', 'produtos', 'cesta', 'fiquei', 'medo', 'não', 'conseguir', 'receber', 'dia', 'então', 'comprei', 'conseguido', 'incluir', 'lista', 'contrafile', 'invés', 'vir', 'gordura', 'veio', 'nervo', 'melhor']","['querer', 'comprar', 'coisa', 'dia', 'app', 'bug', 'excluir', 'produto', 'cesta', 'fiquei', 'medo', 'não', 'conseguir', 'receber', 'dia', 'então', 'compr', 'conseguir', 'incluir', 'lista', 'contrafile', 'invés', 'vir', 'gordura', 'vir', 'nervo', 'bom']",queria comprar coisas dia app bug excluindo produtos cesta fiquei medo não conseguir receber dia então comprei conseguido incluir lista contrafile invés vir gordura veio nervo melhor,querer comprar coisa dia app bug excluir produto cesta fiquei medo não conseguir receber dia então compr conseguir incluir lista contrafile invés vir gordura vir nervo bom,neutro
2024,L5082-VILA ANDRADE (1346),set,37,2024-09-13,Gosto muito dos produtos,promotor,1,"['Gosto', 'muito', 'dos', 'produtos']","['gosto', 'produtos']","['gostar', 'produto']",gosto produtos,gostar produto,promotor
2024,L5082-VILA ANDRADE (1346),set,38,2024-09-16,"Colocando seus especialistas para dar um dica, tipo não esperar o cliente ir até eles e sim eles irem até o cliente, pq o produto é expetacular",promotor,1,"['Colocando', 'seus', 'especialistas', 'para', 'dar', 'um', 'dica', ',', 'tipo', 'não', 'esperar', 'o', 'cliente', 'ir', 'até', 'eles', 'e', 'sim', 'eles', 'irem', 'até', 'o', 'cliente', ',', 'pq', 'o', 'produto', 'é', 'expetacular']","['colocando', 'especialistas', 'dar', 'dica', 'tipo', 'não', 'esperar', 'cliente', 'ir', 'sim', 'irem', 'cliente', 'pq', 'produto', 'expetacular']","['colocar', 'especialista', 'dar', 'dica', 'tipo', 'não', 'esperar', 'cliente', 'ir', 'sim', 'ir', 'cliente', 'pq', 'produto', 'expetacular']",colocando especialistas dar dica tipo não esperar cliente ir sim irem cliente pq produto expetacular,colocar especialista dar dica tipo não esperar cliente ir sim ir cliente pq produto expetacular,promotor
2024,L5082-VILA ANDRADE (1346),set,38,2024-09-16,"Não deixando o cliente a desejar, na falta de alguns produtos.",promotor,1,"['Não', 'deixando', 'o', 'cliente', 'a', 'desejar', ',', 'na', 'falta', 'de', 'alguns', 'produtos', '.']","['não', 'deixando', 'cliente', 'desejar', 'falta', 'alguns', 'produtos']","['não', 'deixar', 'cliente', 'desejar', 'falta', 'algum', 'produto']",não deixando cliente desejar falta alguns produtos,não deixar cliente desejar falta algum produto,promotor
2024,L5082-VILA ANDRADE (1346),set,38,2024-09-16,"O pedido foi entregue incompleto. Faltou um pacote de Filet Mignon.;;Detalhe: Os dois pedidos anteriores, enviados por entregador, foram extraviados. Tive que refazer o pedido.;;Favor processar o reembolso:;;Rogerio K Hiramoto (COF: 216.536.438-89)",detrator,-1,"['O', 'pedido', 'foi', 'entregue', 'incompleto', '.', 'Faltou', 'um', 'pacote', 'de', 'Filet', 'Mignon', '.', ';', ';', 'Detalhe', ':', 'Os', 'dois', 'pedidos', 'anteriores', ',', 'enviados', 'por', 'entregador', ',', 'foram', 'extraviados', '.', 'Tive', 'que', 'refazer', 'o', 'pedido', '.', ';', ';', 'Favor', 'processar', 'o', 'reembolso', ':', ';', ';', 'Rogerio', 'K', 'Hiramoto', '(', 'COF', ':', '216.536.438-89', ')']","['pedido', 'entregue', 'incompleto', 'faltou', 'pacote', 'filet', 'mignon', 'detalhe', 'dois', 'pedidos', 'anteriores', 'enviados', 'entregador', 'extraviados', 'refazer', 'pedido', 'favor', 'processar', 'reembolso', 'rogerio', 'hiramoto', 'cof']","['pedir', 'entregue', 'incompleto', 'faltar', 'pacote', 'filet', 'mignon', 'detalhe', 'dois', 'pedido', 'anterior', 'enviar', 'entregador', 'extraviar', 'refazer', 'pedir', 'favor', 'processar', 'reembolso', 'rogerio', 'hiramoto', 'cof']",pedido entregue incompleto faltou pacote filet mignon detalhe dois pedidos anteriores enviados entregador extraviados refazer pedido favor processar reembolso rogerio hiramoto cof,pedir entregue incompleto faltar pacote filet mignon detalhe dois pedido anterior enviar entregador extraviar refazer pedir favor processar reembolso rogerio hiramoto cof,detrator
2024,L5082-VILA ANDRADE (1346),set,38,2024-09-19,"Minha nota foi 9, porque após muitas entregas bem sucedidas, a ultima feita em 14/09 (sábado) para entrega em 04 horas não ocorreu, liguei para o sac e pediram para aguardar e realmente não ocorreu. ;No domingo fui ate a loja da Swift e notifiquei o ocorrido ao funcionário, muito solicito verificou e prontamente me entregou pessoalmente meu pedido. Apesar do inconveniente, fiquei agradecida pelo excelente atendimento na loja.",promotor,1,"['Minha', 'nota', 'foi', '9', ',', 'porque', 'após', 'muitas', 'entregas', 'bem', 'sucedidas', ',', 'a', 'ultima', 'feita', 'em', '14/09', '(', 'sábado', ')', 'para', 'entrega', 'em', '04', 'horas', 'não', 'ocorreu', ',', 'liguei', 'para', 'o', 'sac', 'e', 'pediram', 'para', 'aguardar', 'e', 'realmente', 'não', 'ocorreu', '.', ';', 'No', 'domingo', 'fui', 'ate', 'a', 'loja', 'da', 'Swift', 'e', 'notifiquei', 'o', 'ocorrido', 'ao', 'funcionário', ',', 'muito', 'solicito', 'verificou', 'e', 'prontamente', 'me', 'entregou', 'pessoalmente', 'meu', 'pedido', '.', 'Apesar', 'do', 'inconveniente', ',', 'fiquei', 'agradecida', 'pelo', 'excelente', 'atendimento', 'na', 'loja', '.']","['nota', 'porque', 'após', 'muitas', 'entregas', 'bem', 'sucedidas', 'ultima', 'feita', 'sábado', 'entrega', 'horas', 'não', 'ocorreu', 'liguei', 'sac', 'pediram', 'aguardar', 'realmente', 'não', 'ocorreu', 'domingo', 'ate', 'loja', 'swift', 'notifiquei', 'ocorrido', 'funcionário', 'solicito', 'verificou', 'prontamente', 'entregou', 'pessoalmente', 'pedido', 'apesar', 'inconveniente', 'fiquei', 'agradecida', 'excelente', 'atendimento', 'loja']","['nota', 'porque', 'após', 'muito', 'entrega', 'bem', 'sucedido', 'ultima', 'fazer', 'sábado', 'entregar', 'hora', 'não', 'ocorrer', 'liguar', 'sac', 'pedir', 'aguardar', 'realmente', 'não', 'ocorrer', 'domingo', 'ate', 'loja', 'swift', 'notifiqueir', 'ocorrer', 'funcionário', 'solicito', 'verificar', 'prontamente', 'entregar', 'pessoalmente', 'pedir', 'apesar', 'inconveniente', 'fiquei', 'agradecidir', 'excelente', 'atendimento', 'lojar']",nota porque após muitas entregas bem sucedidas ultima feita sábado entrega horas não ocorreu liguei sac pediram aguardar realmente não ocorreu domingo ate loja swift notifiquei ocorrido funcionário solicito verificou prontamente entregou pessoalmente pedido apesar inconveniente fiquei agradecida excelente atendimento loja,nota porque após muito entrega bem sucedido ultima fazer sábado entregar hora não ocorrer liguar sac pedir aguardar realmente não ocorrer domingo ate loja swift notifiqueir ocorrer funcionário solicito verificar prontamente entregar pessoalmente pedir apesar inconveniente fiquei agradecidir excelente atendimento lojar,promotor
2024,L5082-VILA ANDRADE (1346),set,38,2024-09-20,entrega horrível...chegou depois de 24 hs e seria para entregar em 4 hs ... me complicou muito ... nunca mais compro nem indico,detrator,-1,"['entrega', 'horrível', '...', 'chegou', 'depois', 'de', '24', 'hs', 'e', 'seria', 'para', 'entregar', 'em', '4', 'hs', '...', 'me', 'complicou', 'muito', '...', 'nunca', 'mais', 'compro', 'nem', 'indico']","['entrega', 'horrível', 'chegou', 'hs', 'entregar', 'hs', 'complicou', 'nunca', 'compro', 'indico']","['entregar', 'horrível', 'chegar', 'hs', 'entregar', 'hs', 'complicar', 'nunca', 'compro', 'indico']",entrega horrível chegou hs entregar hs complicou nunca compro indico,entregar horrível chegar hs entregar hs complicar nunca compro indico,detrator
2024,L5082-VILA ANDRADE (1346),set,39,2024-09-23,Gosto muito dos produtos da Swift. Entregaram no prazo. A pessoa que entregou foi super gentil.,promotor,1,"['Gosto', 'muito', 'dos', 'produtos', 'da', 'Swift', '.', 'Entregaram', 'no', 'prazo', '.', 'A', 'pessoa', 'que', 'entregou', 'foi', 'super', 'gentil', '.']","['gosto', 'produtos', 'swift', 'entregaram', 'prazo', 'pessoa', 'entregou', 'super', 'gentil']","['gostar', 'produto', 'swift', 'entregar', 'prazo', 'pessoa', 'entregar', 'super', 'gentil']",gosto produtos swift entregaram prazo pessoa entregou super gentil,gostar produto swift entregar prazo pessoa entregar super gentil,promotor
2024,L5082-VILA ANDRADE (1346),set,39,2024-09-23,Sempre com um ótimo atendimento!,promotor,1,"['Sempre', 'com', 'um', 'ótimo', 'atendimento', '!']","['sempre', 'ótimo', 'atendimento']","['sempre', 'bom', 'atendimento']",sempre ótimo atendimento,sempre bom atendimento,promotor
2024,L5082-VILA ANDRADE (1346),set,39,2024-09-23,"Os espetinho vendido por vocês são péssimo, carne de péssima qualidade é muito produto conservante.",neutro,0,"['Os', 'espetinho', 'vendido', 'por', 'vocês', 'são', 'péssimo', ',', 'carne', 'de', 'péssima', 'qualidade', 'é', 'muito', 'produto', 'conservante', '.']","['espetinho', 'vendido', 'péssimo', 'carne', 'péssima', 'qualidade', 'produto', 'conservante']","['espetinho', 'vender', 'péssimo', 'carne', 'péssimo', 'qualidade', 'produto', 'conservante']",espetinho vendido péssimo carne péssima qualidade produto conservante,espetinho vender péssimo carne péssimo qualidade produto conservante,neutro
2024,L5082-VILA ANDRADE (1346),set,39,2024-09-23,"Fiz um pedido com entrega até 4 horas e recebi meu pedido 3 dias depois pois o entregador sumiu com meu pedido e simplesmente não tive nenhum retorno. A Swift teve uma grande falta de consideração com o cliente, pois deveriam ter resolvido muito antes e não ter esperado 3 dias. Não tive nenhuma compensação e vou pensar duas vezes antes de pedir novamente ou recomendar para alguém. Irei registar também no Reclame Aqui.",detrator,-1,"['Fiz', 'um', 'pedido', 'com', 'entrega', 'até', '4', 'horas', 'e', 'recebi', 'meu', 'pedido', '3', 'dias', 'depois', 'pois', 'o', 'entregador', 'sumiu', 'com', 'meu', 'pedido', 'e', 'simplesmente', 'não', 'tive', 'nenhum', 'retorno', '.', 'A', 'Swift', 'teve', 'uma', 'grande', 'falta', 'de', 'consideração', 'com', 'o', 'cliente', ',', 'pois', 'deveriam', 'ter', 'resolvido', 'muito', 'antes', 'e', 'não', 'ter', 'esperado', '3', 'dias', '.', 'Não', 'tive', 'nenhuma', 'compensação', 'e', 'vou', 'pensar', 'duas', 'vezes', 'antes', 'de', 'pedir', 'novamente', 'ou', 'recomendar', 'para', 'alguém', '.', 'Irei', 'registar', 'também', 'no', 'Reclame', 'Aqui', '.']","['fiz', 'pedido', 'entrega', 'horas', 'recebi', 'pedido', 'dias', 'pois', 'entregador', 'sumiu', 'pedido', 'simplesmente', 'não', 'nenhum', 'retorno', 'swift', 'grande', 'falta', 'consideração', 'cliente', 'pois', 'deveriam', 'resolvido', 'antes', 'não', 'esperado', 'dias', 'não', 'nenhuma', 'compensação', 'vou', 'pensar', 'duas', 'vezes', 'antes', 'pedir', 'novamente', 'recomendar', 'alguém', 'irei', 'registar', 'reclame', 'aqui']","['fiz', 'pedir', 'entregar', 'horas', 'recebi', 'pedir', 'dia', 'pois', 'entregador', 'sumir', 'pedir', 'simplesmente', 'não', 'nenhum', 'retorno', 'swift', 'grande', 'falta', 'consideraçãor', 'cliente', 'pois', 'dever', 'resolver', 'antes', 'não', 'esperar', 'dia', 'não', 'nenhum', 'compensação', 'ir', 'pensar', 'dois', 'vez', 'antes', 'pedir', 'novamente', 'recomendar', 'alguém', 'irar', 'registar', 'reclame', 'aqui']",fiz pedido entrega horas recebi pedido dias pois entregador sumiu pedido simplesmente não nenhum retorno swift grande falta consideração cliente pois deveriam resolvido antes não esperado dias não nenhuma compensação vou pensar duas vezes antes pedir novamente recomendar alguém irei registar reclame aqui,fiz pedir entregar horas recebi pedir dia pois entregador sumir pedir simplesmente não nenhum retorno swift grande falta consideraçãor cliente pois dever resolver antes não esperar dia não nenhum compensação ir pensar dois vez antes pedir novamente recomendar alguém irar registar reclame aqui,detrator
2024,L5082-VILA ANDRADE (1346),set,39,2024-09-23,"Quando cliente reclamar , receber resposta",detrator,-1,"['Quando', 'cliente', 'reclamar', ',', 'receber', 'resposta']","['cliente', 'reclamar', 'receber', 'resposta']","['cliente', 'reclamar', 'receber', 'resposta']",cliente reclamar receber resposta,cliente reclamar receber resposta,detrator
2024,L5082-VILA ANDRADE (1346),set,39,2024-09-24,"Eu gosto de tudo. Atendimento,valor,qualidade.;Atendentes muito educados. Parabéns 👏",promotor,1,"['Eu', 'gosto', 'de', 'tudo', '.', 'Atendimento', ',', 'valor', ',', 'qualidade', '.', ';', 'Atendentes', 'muito', 'educados', '.', 'Parabéns', '👏']","['gosto', 'tudo', 'atendimento', 'valor', 'qualidade', 'atendentes', 'educados', 'parabéns']","['gostar', 'tudo', 'atendimento', 'valor', 'qualidade', 'atendente', 'educar', 'parabéns']",gosto tudo atendimento valor qualidade atendentes educados parabéns,gostar tudo atendimento valor qualidade atendente educar parabéns,promotor
2024,L5082-VILA ANDRADE (1346),set,39,2024-09-27,"Bom dia! faz um tempo que vou a esta loja e estou vendo cada vez menos produtos, premium como os gran reserva... fraudinhas acho que é valido dar este toque, se não terei que ir em outra unidade no portal do Morumbi e um pouco mas longe mas tem maior variedade.;;Obrigado",neutro,0,"['Bom', 'dia', '!', 'faz', 'um', 'tempo', 'que', 'vou', 'a', 'esta', 'loja', 'e', 'estou', 'vendo', 'cada', 'vez', 'menos', 'produtos', ',', 'premium', 'como', 'os', 'gran', 'reserva', '...', 'fraudinhas', 'acho', 'que', 'é', 'valido', 'dar', 'este', 'toque', ',', 'se', 'não', 'terei', 'que', 'ir', 'em', 'outra', 'unidade', 'no', 'portal', 'do', 'Morumbi', 'e', 'um', 'pouco', 'mas', 'longe', 'mas', 'tem', 'maior', 'variedade', '.', ';', ';', 'Obrigado']","['bom', 'dia', 'faz', 'tempo', 'vou', 'loja', 'vendo', 'cada', 'vez', 'menos', 'produtos', 'premium', 'gran', 'reserva', 'fraudinhas', 'acho', 'valido', 'dar', 'toque', 'não', 'ir', 'outra', 'unidade', 'portal', 'morumbi', 'pouco', 'longe', 'maior', 'variedade', 'obrigado']","['bom', 'dia', 'fazer', 'tempo', 'ir', 'lojar', 'ver', 'cada', 'vez', 'menos', 'produto', 'premiumr', 'gran', 'reserva', 'fraudinho', 'achar', 'valir', 'dar', 'toque', 'não', 'ir', 'outro', 'unidade', 'portal', 'morumbi', 'pouco', 'longe', 'grande', 'variedade', 'obrigar']",bom dia faz tempo vou loja vendo cada vez menos produtos premium gran reserva fraudinhas acho valido dar toque não ir outra unidade portal morumbi pouco longe maior variedade obrigado,bom dia fazer tempo ir lojar ver cada vez menos produto premiumr gran reserva fraudinho achar valir dar toque não ir outro unidade portal morumbi pouco longe grande variedade obrigar,neutro
2024,L5082-VILA ANDRADE (1346),set,39,2024-09-29,Preços mais acessíveis!!!! ????❤️,promotor,1,"['Preços', 'mais', 'acessíveis', '!', '!', '!', '!', '?', '?', '?', '?', '❤️']","['preços', 'acessíveis']","['preço', 'acessível']",preços acessíveis,preço acessível,promotor
2024,L5082-VILA ANDRADE (1346),out,40,2024-10-01,fazendo algumas promoções ou combo de produtos..........,promotor,1,"['fazendo', 'algumas', 'promoções', 'ou', 'combo', 'de', 'produtos', '..........']","['fazendo', 'algumas', 'promoções', 'combo', 'produtos']","['fazer', 'algum', 'promoção', 'combo', 'produto']",fazendo algumas promoções combo produtos,fazer algum promoção combo produto,promotor
2024,L5082-VILA ANDRADE (1346),out,40,2024-10-01,"A entrega foi excelente . O problema é que a Swift não permite agendamento de horário . Não precisa ser horário específico , pode ser por exemplo período da manhã (das 09:00 até 12:00) e da tarde (das 12:00 até 18:00). Dificulta muito dizer que entrega em 01 dia útil . Tem períodos em que não tenho ninguém em casa para receber . Para não correr o risco , muitas vezes deixo de comprar de vcs .",neutro,0,"['A', 'entrega', 'foi', 'excelente', '.', 'O', 'problema', 'é', 'que', 'a', 'Swift', 'não', 'permite', 'agendamento', 'de', 'horário', '.', 'Não', 'precisa', 'ser', 'horário', 'específico', ',', 'pode', 'ser', 'por', 'exemplo', 'período', 'da', 'manhã', '(', 'das', '09:00', 'até', '12:00', ')', 'e', 'da', 'tarde', '(', 'das', '12:00', 'até', '18:00', ')', '.', 'Dificulta', 'muito', 'dizer', 'que', 'entrega', 'em', '01', 'dia', 'útil', '.', 'Tem', 'períodos', 'em', 'que', 'não', 'tenho', 'ninguém', 'em', 'casa', 'para', 'receber', '.', 'Para', 'não', 'correr', 'o', 'risco', ',', 'muitas', 'vezes', 'deixo', 'de', 'comprar', 'de', 'vcs', '.']","['entrega', 'excelente', 'problema', 'swift', 'não', 'permite', 'agendamento', 'horário', 'não', 'precisa', 'horário', 'específico', 'pode', 'exemplo', 'período', 'manhã', 'tarde', 'dificulta', 'dizer', 'entrega', 'dia', 'útil', 'períodos', 'não', 'ninguém', 'casa', 'receber', 'não', 'correr', 'risco', 'muitas', 'vezes', 'deixo', 'comprar', 'vcs']","['entregar', 'excelente', 'problema', 'swift', 'não', 'permitir', 'agendamento', 'horário', 'não', 'precisar', 'horário', 'específico', 'poder', 'exemplo', 'período', 'manhã', 'tarde', 'dificultar', 'dizer', 'entregar', 'dia', 'útil', 'período', 'não', 'ninguém', 'casa', 'receber', 'não', 'correr', 'risco', 'muitas', 'vez', 'deixo', 'comprar', 'vcs']",entrega excelente problema swift não permite agendamento horário não precisa horário específico pode exemplo período manhã tarde dificulta dizer entrega dia útil períodos não ninguém casa receber não correr risco muitas vezes deixo comprar vcs,entregar excelente problema swift não permitir agendamento horário não precisar horário específico poder exemplo período manhã tarde dificultar dizer entregar dia útil período não ninguém casa receber não correr risco muitas vez deixo comprar vcs,neutro
2024,L5082-VILA ANDRADE (1346),out,40,2024-10-01,"Qualidade dos produtos ,variedade.",neutro,0,"['Qualidade', 'dos', 'produtos', ',', 'variedade', '.']","['qualidade', 'produtos', 'variedade']","['qualidade', 'produto', 'variedade']",qualidade produtos variedade,qualidade produto variedade,neutro
2024,L5082-VILA ANDRADE (1346),out,40,2024-10-01,"Boa noite, neste domingo visitei a loja ao lado da minha casa na Vila Andrade, Rua José da Silva Ribeiro para realizar as compras rotineiras. Infelizmente encontrei um pacote de frango desfiado no freezer com um cabelo por dentro da embalagem lacrada. Informei a atendente que me orientou que iria encaminhar o ocorrido a adm. Mas eu realmente fiquei desconfortável imaginando como um cabelo comprido estaria dentro do pacote lacrado. Como essa falha aconteceria em um processo abril controlado. Enfim, infelizmente fiquei desapontada.",detrator,-1,"['Boa', 'noite', ',', 'neste', 'domingo', 'visitei', 'a', 'loja', 'ao', 'lado', 'da', 'minha', 'casa', 'na', 'Vila', 'Andrade', ',', 'Rua', 'José', 'da', 'Silva', 'Ribeiro', 'para', 'realizar', 'as', 'compras', 'rotineiras', '.', 'Infelizmente', 'encontrei', 'um', 'pacote', 'de', 'frango', 'desfiado', 'no', 'freezer', 'com', 'um', 'cabelo', 'por', 'dentro', 'da', 'embalagem', 'lacrada', '.', 'Informei', 'a', 'atendente', 'que', 'me', 'orientou', 'que', 'iria', 'encaminhar', 'o', 'ocorrido', 'a', 'adm.', 'Mas', 'eu', 'realmente', 'fiquei', 'desconfortável', 'imaginando', 'como', 'um', 'cabelo', 'comprido', 'estaria', 'dentro', 'do', 'pacote', 'lacrado', '.', 'Como', 'essa', 'falha', 'aconteceria', 'em', 'um', 'processo', 'abril', 'controlado', '.', 'Enfim', ',', 'infelizmente', 'fiquei', 'desapontada', '.']","['boa', 'noite', 'neste', 'domingo', 'visitei', 'loja', 'lado', 'casa', 'vila', 'andrade', 'rua', 'josé', 'silva', 'ribeiro', 'realizar', 'compras', 'rotineiras', 'infelizmente', 'encontrei', 'pacote', 'frango', 'desfiado', 'freezer', 'cabelo', 'dentro', 'embalagem', 'lacrada', 'informei', 'atendente', 'orientou', 'iria', 'encaminhar', 'ocorrido', 'adm', 'realmente', 'fiquei', 'desconfortável', 'imaginando', 'cabelo', 'comprido', 'estaria', 'dentro', 'pacote', 'lacrado', 'falha', 'aconteceria', 'processo', 'abril', 'controlado', 'enfim', 'infelizmente', 'fiquei', 'desapontada']","['bom', 'noite', 'emeste', 'domingo', 'visitei', 'loja', 'lado', 'casa', 'vila', 'andrade', 'rua', 'josé', 'silva', 'ribeiro', 'realizar', 'compra', 'rotineira', 'infelizmente', 'encontrar', 'pacote', 'frango', 'desfiar', 'freezer', 'cabelo', 'dentro', 'embalagem', 'lacrar', 'informei', 'atendente', 'orientar', 'ir', 'encaminhar', 'ocorrer', 'adm', 'realmente', 'fiquei', 'desconfortável', 'imaginar', 'cabelo', 'comprido', 'estar', 'dentro', 'pacote', 'lacrar', 'falha', 'aconteceriar', 'processo', 'abril', 'controlar', 'enfim', 'infelizmente', 'fiquei', 'desapontar']",boa noite neste domingo visitei loja lado casa vila andrade rua josé silva ribeiro realizar compras rotineiras infelizmente encontrei pacote frango desfiado freezer cabelo dentro embalagem lacrada informei atendente orientou iria encaminhar ocorrido adm realmente fiquei desconfortável imaginando cabelo comprido estaria dentro pacote lacrado falha aconteceria processo abril controlado enfim infelizmente fiquei desapontada,bom noite emeste domingo visitei loja lado casa vila andrade rua josé silva ribeiro realizar compra rotineira infelizmente encontrar pacote frango desfiar freezer cabelo dentro embalagem lacrar informei atendente orientar ir encaminhar ocorrer adm realmente fiquei desconfortável imaginar cabelo comprido estar dentro pacote lacrar falha aconteceriar processo abril controlar enfim infelizmente fiquei desapontar,detrator
2024,L5082-VILA ANDRADE (1346),out,40,2024-10-02,"Por ser uma segunda-feira, senti falta de alguns produtos. Frango, por exemplo quase não tinha. Obrigada por perguntar.",neutro,0,"['Por', 'ser', 'uma', 'segunda-feira', ',', 'senti', 'falta', 'de', 'alguns', 'produtos', '.', 'Frango', ',', 'por', 'exemplo', 'quase', 'não', 'tinha', '.', 'Obrigada', 'por', 'perguntar', '.']","['segundafeira', 'senti', 'falta', 'alguns', 'produtos', 'frango', 'exemplo', 'quase', 'não', 'obrigada', 'perguntar']","['segundafeira', 'sentir', 'falta', 'algum', 'produto', 'frango', 'exemplo', 'quase', 'não', 'obrigar', 'perguntar']",segundafeira senti falta alguns produtos frango exemplo quase não obrigada perguntar,segundafeira sentir falta algum produto frango exemplo quase não obrigar perguntar,neutro
2024,L5082-VILA ANDRADE (1346),out,40,2024-10-04,"A “peça” do Baby Beef não estou encontrando na unidade da Vila Andrade. Olho toda a parte, e pela 2a. vez, nada. Só tem coração de alcatra e tenho que levar no lugar. O que houve com a comercialização da peça do Baby Beef?",neutro,0,"['A', '“', 'peça', '”', 'do', 'Baby', 'Beef', 'não', 'estou', 'encontrando', 'na', 'unidade', 'da', 'Vila', 'Andrade', '.', 'Olho', 'toda', 'a', 'parte', ',', 'e', 'pela', '2a', '.', 'vez', ',', 'nada', '.', 'Só', 'tem', 'coração', 'de', 'alcatra', 'e', 'tenho', 'que', 'levar', 'no', 'lugar', '.', 'O', 'que', 'houve', 'com', 'a', 'comercialização', 'da', 'peça', 'do', 'Baby', 'Beef', '?']","['peça', 'baby', 'beef', 'não', 'encontrando', 'unidade', 'vila', 'andrade', 'olho', 'toda', 'parte', 'vez', 'nada', 'coração', 'alcatra', 'levar', 'lugar', 'comercialização', 'peça', 'baby', 'beef']","['peçar', 'baby', 'beef', 'não', 'encontrar', 'unidade', 'vila', 'andrade', 'olho', 'todo', 'parte', 'vez', 'nada', 'coração', 'alcatrar', 'levar', 'lugar', 'comercialização', 'peçar', 'baby', 'beef']",peça baby beef não encontrando unidade vila andrade olho toda parte vez nada coração alcatra levar lugar comercialização peça baby beef,peçar baby beef não encontrar unidade vila andrade olho todo parte vez nada coração alcatrar levar lugar comercialização peçar baby beef,neutro
2024,L5082-VILA ANDRADE (1346),out,41,2024-10-07,"Eu adoro a Swift, para meu gosto esta excelente.",promotor,1,"['Eu', 'adoro', 'a', 'Swift', ',', 'para', 'meu', 'gosto', 'esta', 'excelente', '.']","['adoro', 'swift', 'gosto', 'excelente']","['adorar', 'swift', 'gostar', 'excelente']",adoro swift gosto excelente,adorar swift gostar excelente,promotor
2024,L5082-VILA ANDRADE (1346),out,41,2024-10-07,"Tendo mais variedades, que tem em outras lojas",promotor,1,"['Tendo', 'mais', 'variedades', ',', 'que', 'tem', 'em', 'outras', 'lojas']","['variedades', 'outras', 'lojas']","['variedade', 'outro', 'loja']",variedades outras lojas,variedade outro loja,promotor
2024,L5082-VILA ANDRADE (1346),out,41,2024-10-07,"Este último pedido foi tudo horrível. Não entregaram no prazo correto (comprei 27, para entregar até 28), tive que ligar para reclamar, o atendimento telefônico tem uma espera enorme e lenta, novamente o prazo dado não foi cumprido e quando o pedido foi finalmente entregue, só no dia 1 à noite, faltaram produtos da lista. Com base no meu último pedido não indico a swift para ninguém. Horrível a experiência.",detrator,-1,"['Este', 'último', 'pedido', 'foi', 'tudo', 'horrível', '.', 'Não', 'entregaram', 'no', 'prazo', 'correto', '(', 'comprei', '27', ',', 'para', 'entregar', 'até', '28', ')', ',', 'tive', 'que', 'ligar', 'para', 'reclamar', ',', 'o', 'atendimento', 'telefônico', 'tem', 'uma', 'espera', 'enorme', 'e', 'lenta', ',', 'novamente', 'o', 'prazo', 'dado', 'não', 'foi', 'cumprido', 'e', 'quando', 'o', 'pedido', 'foi', 'finalmente', 'entregue', ',', 'só', 'no', 'dia', '1', 'à', 'noite', ',', 'faltaram', 'produtos', 'da', 'lista', '.', 'Com', 'base', 'no', 'meu', 'último', 'pedido', 'não', 'indico', 'a', 'swift', 'para', 'ninguém', '.', 'Horrível', 'a', 'experiência', '.']","['último', 'pedido', 'tudo', 'horrível', 'não', 'entregaram', 'prazo', 'correto', 'comprei', 'entregar', 'ligar', 'reclamar', 'atendimento', 'telefônico', 'espera', 'enorme', 'lenta', 'novamente', 'prazo', 'dado', 'não', 'cumprido', 'pedido', 'finalmente', 'entregue', 'dia', 'noite', 'faltaram', 'produtos', 'lista', 'base', 'último', 'pedido', 'não', 'indico', 'swift', 'ninguém', 'horrível', 'experiência']","['último', 'pedir', 'tudo', 'horrível', 'não', 'entregar', 'prazo', 'correto', 'comprei', 'entregar', 'ligar', 'reclamar', 'atendimento', 'telefônico', 'esperar', 'enorme', 'lenta', 'novamente', 'prazo', 'dar', 'não', 'cumprir', 'pedir', 'finalmente', 'entregar', 'dia', 'noite', 'faltar', 'produto', 'listar', 'base', 'último', 'pedir', 'não', 'indico', 'swift', 'ninguém', 'horrível', 'experiência']",último pedido tudo horrível não entregaram prazo correto comprei entregar ligar reclamar atendimento telefônico espera enorme lenta novamente prazo dado não cumprido pedido finalmente entregue dia noite faltaram produtos lista base último pedido não indico swift ninguém horrível experiência,último pedir tudo horrível não entregar prazo correto comprei entregar ligar reclamar atendimento telefônico esperar enorme lenta novamente prazo dar não cumprir pedir finalmente entregar dia noite faltar produto listar base último pedir não indico swift ninguém horrível experiência,detrator
2024,L5082-VILA ANDRADE (1346),out,41,2024-10-07,Só pude conferir meu pedido no final de semana! Vieram faltando itens.,detrator,-1,"['Só', 'pude', 'conferir', 'meu', 'pedido', 'no', 'final', 'de', 'semana', '!', 'Vieram', 'faltando', 'itens', '.']","['pude', 'conferir', 'pedido', 'final', 'semana', 'vieram', 'faltando', 'itens']","['pude', 'conferir', 'pedir', 'final', 'semana', 'vier', 'faltar', 'item']",pude conferir pedido final semana vieram faltando itens,pude conferir pedir final semana vier faltar item,detrator
2024,L5082-VILA ANDRADE (1346),out,41,2024-10-08,"Gosto muito da loja e os produtos 



",promotor,1,"['Gosto', 'muito', 'da', 'loja', 'e', 'os', 'produtos']","['gosto', 'loja', 'produtos']","['gostar', 'lojar', 'produto']",gosto loja produtos,gostar lojar produto,promotor
2024,L5082-VILA ANDRADE (1346),out,41,2024-10-08,Pra mim está tudo bom 👏🏼👏🏼👏🏼,promotor,1,"['Pra', 'mim', 'está', 'tudo', 'bom', '👏🏼👏🏼👏🏼']","['pra', 'mim', 'tudo', 'bom']","['pra', 'eu', 'tudo', 'bom']",pra mim tudo bom,pra eu tudo bom,promotor
2024,L5082-VILA ANDRADE (1346),out,41,2024-10-08,das duas ultimas vezes que fui estava faltando alguns produtos que costumo comprar,neutro,0,"['das', 'duas', 'ultimas', 'vezes', 'que', 'fui', 'estava', 'faltando', 'alguns', 'produtos', 'que', 'costumo', 'comprar']","['duas', 'ultimas', 'vezes', 'faltando', 'alguns', 'produtos', 'costumo', 'comprar']","['dois', 'ultima', 'vez', 'faltar', 'algum', 'produto', 'costumo', 'comprar']",duas ultimas vezes faltando alguns produtos costumo comprar,dois ultima vez faltar algum produto costumo comprar,neutro
2024,L5082-VILA ANDRADE (1346),out,41,2024-10-08,"A loja que fui estava com problema na geladeira, o que causou a desorganização dos produtos.",detrator,-1,"['A', 'loja', 'que', 'fui', 'estava', 'com', 'problema', 'na', 'geladeira', ',', 'o', 'que', 'causou', 'a', 'desorganização', 'dos', 'produtos', '.']","['loja', 'problema', 'geladeira', 'causou', 'desorganização', 'produtos']","['loja', 'problema', 'geladeirar', 'causar', 'desorganização', 'produto']",loja problema geladeira causou desorganização produtos,loja problema geladeirar causar desorganização produto,detrator
2024,L5082-VILA ANDRADE (1346),out,41,2024-10-08,Melhorar os canais de atendimento ao cliente.,detrator,-1,"['Melhorar', 'os', 'canais', 'de', 'atendimento', 'ao', 'cliente', '.']","['melhorar', 'canais', 'atendimento', 'cliente']","['melhorar', 'canal', 'atendimento', 'cliente']",melhorar canais atendimento cliente,melhorar canal atendimento cliente,detrator
2024,L5082-VILA ANDRADE (1346),out,41,2024-10-09,"Infelizmente o a app nao funcionou para mim, e a tive que usar o site.",promotor,1,"['Infelizmente', 'o', 'a', 'app', 'nao', 'funcionou', 'para', 'mim', ',', 'e', 'a', 'tive', 'que', 'usar', 'o', 'site', '.']","['infelizmente', 'app', 'nao', 'funcionou', 'mim', 'usar', 'site']","['infelizmente', 'app', 'nao', 'funcionar', 'eu', 'usar', 'site']",infelizmente app nao funcionou mim usar site,infelizmente app nao funcionar eu usar site,promotor
2024,L5082-VILA ANDRADE (1346),out,41,2024-10-09,"Comprometimento com a realização da entrega, sinto muito, mas os entregadores no meu caso, deixou à desejar. Compro desde 06/2024 , mas no mês dez deu problema, está como se tivesse entregue. Até agora não solucionaram o meu problema. Já é dia 09/10, a entrega estava como dia 04/10. Já liguei, entrei em contato pelo whatsapp e nada.",detrator,-1,"['Comprometimento', 'com', 'a', 'realização', 'da', 'entrega', ',', 'sinto', 'muito', ',', 'mas', 'os', 'entregadores', 'no', 'meu', 'caso', ',', 'deixou', 'à', 'desejar', '.', 'Compro', 'desde', '06/2024', ',', 'mas', 'no', 'mês', 'dez', 'deu', 'problema', ',', 'está', 'como', 'se', 'tivesse', 'entregue', '.', 'Até', 'agora', 'não', 'solucionaram', 'o', 'meu', 'problema', '.', 'Já', 'é', 'dia', '09/10', ',', 'a', 'entrega', 'estava', 'como', 'dia', '04/10', '.', 'Já', 'liguei', ',', 'entrei', 'em', 'contato', 'pelo', 'whatsapp', 'e', 'nada', '.']","['comprometimento', 'realização', 'entrega', 'sinto', 'entregadores', 'caso', 'deixou', 'desejar', 'compro', 'desde', 'mês', 'dez', 'deu', 'problema', 'entregue', 'agora', 'não', 'solucionaram', 'problema', 'dia', 'entrega', 'dia', 'liguei', 'entrei', 'contato', 'whatsapp', 'nada']","['comprometimento', 'realização', 'entregar', 'sinto', 'entregador', 'caso', 'deixar', 'desejar', 'compro', 'desde', 'mês', 'dez', 'dar', 'problema', 'entregar', 'agora', 'não', 'solucionar', 'problema', 'dia', 'entregar', 'dia', 'liguei', 'entrar', 'contato', 'whatsapp', 'nada']",comprometimento realização entrega sinto entregadores caso deixou desejar compro desde mês dez deu problema entregue agora não solucionaram problema dia entrega dia liguei entrei contato whatsapp nada,comprometimento realização entregar sinto entregador caso deixar desejar compro desde mês dez dar problema entregar agora não solucionar problema dia entregar dia liguei entrar contato whatsapp nada,detrator
2024,L5082-VILA ANDRADE (1346),out,41,2024-10-09,"Não entendo bem por isso acontece, mas as vezes quando seleciono algum produto não habilita a entrega qdo vou finalizar, aí tenho que retirar o produto para que a entrada seja habilitada.",detrator,-1,"['Não', 'entendo', 'bem', 'por', 'isso', 'acontece', ',', 'mas', 'as', 'vezes', 'quando', 'seleciono', 'algum', 'produto', 'não', 'habilita', 'a', 'entrega', 'qdo', 'vou', 'finalizar', ',', 'aí', 'tenho', 'que', 'retirar', 'o', 'produto', 'para', 'que', 'a', 'entrada', 'seja', 'habilitada', '.']","['não', 'entendo', 'bem', 'acontece', 'vezes', 'seleciono', 'algum', 'produto', 'não', 'habilita', 'entrega', 'qdo', 'vou', 'finalizar', 'aí', 'retirar', 'produto', 'entrada', 'habilitada']","['não', 'enter', 'bem', 'acontecer', 'vez', 'seleciono', 'algum', 'produto', 'não', 'habilitar', 'entregar', 'qdo', 'ir', 'finalizar', 'aí', 'retirar', 'produto', 'entrada', 'habilitado']",não entendo bem acontece vezes seleciono algum produto não habilita entrega qdo vou finalizar aí retirar produto entrada habilitada,não enter bem acontecer vez seleciono algum produto não habilitar entregar qdo ir finalizar aí retirar produto entrada habilitado,detrator
2024,L5082-VILA ANDRADE (1346),out,41,2024-10-10,"atendimento horrível e vcs nao atendem quando precisamos de ajuda ...
 péssimo e não indico",detrator,-1,"['atendimento', 'horrível', 'e', 'vcs', 'nao', 'atendem', 'quando', 'precisamos', 'de', 'ajuda', '...', 'péssimo', 'e', 'não', 'indico']","['atendimento', 'horrível', 'vcs', 'nao', 'atendem', 'precisamos', 'ajuda', 'péssimo', 'não', 'indico']","['atendimento', 'horrível', 'vcs', 'nao', 'atendir', 'precisamo', 'ajudar', 'péssimo', 'não', 'indico']",atendimento horrível vcs nao atendem precisamos ajuda péssimo não indico,atendimento horrível vcs nao atendir precisamo ajudar péssimo não indico,detrator
2024,L5082-VILA ANDRADE (1346),out,41,2024-10-10,Falta produto e variedade comparando com outras lojas,detrator,-1,"['Falta', 'produto', 'e', 'variedade', 'comparando', 'com', 'outras', 'lojas']","['falta', 'produto', 'variedade', 'comparando', 'outras', 'lojas']","['faltar', 'produto', 'variedade', 'comparar', 'outro', 'loja']",falta produto variedade comparando outras lojas,faltar produto variedade comparar outro loja,detrator
2024,L5082-VILA ANDRADE (1346),out,41,2024-10-11,"A cidade, como um todo, teve infelizmente uma explosão de moradores de rua e pedintes, entretanto, como vou com minha filha pequena aí, fico muito vulnerável, e na última vez tive uma abordagem muito desagradável.
E como todas as vezes tem pedintes, estou começando a não frequentar com a mesma frequência pq estou com minha filha.",detrator,-1,"['A', 'cidade', ',', 'como', 'um', 'todo', ',', 'teve', 'infelizmente', 'uma', 'explosão', 'de', 'moradores', 'de', 'rua', 'e', 'pedintes', ',', 'entretanto', ',', 'como', 'vou', 'com', 'minha', 'filha', 'pequena', 'aí', ',', 'fico', 'muito', 'vulnerável', ',', 'e', 'na', 'última', 'vez', 'tive', 'uma', 'abordagem', 'muito', 'desagradável', '.', 'E', 'como', 'todas', 'as', 'vezes', 'tem', 'pedintes', ',', 'estou', 'começando', 'a', 'não', 'frequentar', 'com', 'a', 'mesma', 'frequência', 'pq', 'estou', 'com', 'minha', 'filha', '.']","['cidade', 'todo', 'infelizmente', 'explosão', 'moradores', 'rua', 'pedintes', 'entretanto', 'vou', 'filha', 'pequena', 'aí', 'fico', 'vulnerável', 'última', 'vez', 'abordagem', 'desagradável', 'todas', 'vezes', 'pedintes', 'começando', 'não', 'frequentar', 'mesma', 'frequência', 'pq', 'filha']","['cidade', 'todo', 'infelizmente', 'explosão', 'morador', 'rua', 'pedinte', 'entretanto', 'ir', 'filha', 'pequeno', 'aí', 'fico', 'vulnerável', 'último', 'vez', 'abordagem', 'desagradável', 'todo', 'vez', 'pedinte', 'começar', 'não', 'frequentar', 'mesmo', 'frequência', 'pq', 'filha']",cidade todo infelizmente explosão moradores rua pedintes entretanto vou filha pequena aí fico vulnerável última vez abordagem desagradável todas vezes pedintes começando não frequentar mesma frequência pq filha,cidade todo infelizmente explosão morador rua pedinte entretanto ir filha pequeno aí fico vulnerável último vez abordagem desagradável todo vez pedinte começar não frequentar mesmo frequência pq filha,detrator
2024,L5082-VILA ANDRADE (1346),out,41,2024-10-11,Pela segunda vez faço compra e não entregam todos os produtos que escolhi,detrator,-1,"['Pela', 'segunda', 'vez', 'faço', 'compra', 'e', 'não', 'entregam', 'todos', 'os', 'produtos', 'que', 'escolhi']","['segunda', 'vez', 'faço', 'compra', 'não', 'entregam', 'todos', 'produtos', 'escolhi']","['segundo', 'vez', 'fazer', 'compra', 'não', 'entregar', 'todo', 'produto', 'escolher']",segunda vez faço compra não entregam todos produtos escolhi,segundo vez fazer compra não entregar todo produto escolher,detrator
2024,L5082-VILA ANDRADE (1346),out,43,2024-10-23,"Deixar os produtos sempre no
Mesmo local, pra que mudar tanto!
    A mudança de funcionário também é frequente, você se acostuma com a pessoa ela sai! Muda de loja etc!",detrator,-1,"['Deixar', 'os', 'produtos', 'sempre', 'no', 'Mesmo', 'local', ',', 'pra', 'que', 'mudar', 'tanto', '!', 'A', 'mudança', 'de', 'funcionário', 'também', 'é', 'frequente', ',', 'você', 'se', 'acostuma', 'com', 'a', 'pessoa', 'ela', 'sai', '!', 'Muda', 'de', 'loja', 'etc', '!']","['deixar', 'produtos', 'sempre', 'local', 'pra', 'mudar', 'tanto', 'mudança', 'funcionário', 'frequente', 'acostuma', 'pessoa', 'sai', 'muda', 'loja', 'etc']","['deixar', 'produto', 'sempre', 'local', 'pra', 'mudar', 'tanto', 'mudança', 'funcionário', 'frequente', 'acostum', 'pessoa', 'sair', 'mudar', 'loja', 'etc']",deixar produtos sempre local pra mudar tanto mudança funcionário frequente acostuma pessoa sai muda loja etc,deixar produto sempre local pra mudar tanto mudança funcionário frequente acostum pessoa sair mudar loja etc,detrator
2024,L5082-VILA ANDRADE (1346),out,43,2024-10-24,"Olá 
Estive ontem na loja. Estava vazia. Não encontrei o produto que precisava e outros 2 clientes que estavam na loja também não.
Os preços estão subindo todas as semanas.
O que continua excelente na loja é o atendimento ????
",neutro,0,"['Olá', 'Estive', 'ontem', 'na', 'loja', '.', 'Estava', 'vazia', '.', 'Não', 'encontrei', 'o', 'produto', 'que', 'precisava', 'e', 'outros', '2', 'clientes', 'que', 'estavam', 'na', 'loja', 'também', 'não', '.', 'Os', 'preços', 'estão', 'subindo', 'todas', 'as', 'semanas', '.', 'O', 'que', 'continua', 'excelente', 'na', 'loja', 'é', 'o', 'atendimento', '?', '?', '?', '?']","['olá', 'ontem', 'loja', 'vazia', 'não', 'encontrei', 'produto', 'precisava', 'outros', 'clientes', 'loja', 'não', 'preços', 'subindo', 'todas', 'semanas', 'continua', 'excelente', 'loja', 'atendimento']","['olá', 'ontem', 'loja', 'vazer', 'não', 'encontrar', 'produto', 'precisar', 'outro', 'cliente', 'lojar', 'não', 'preço', 'subir', 'todo', 'semana', 'continuar', 'excelente', 'loja', 'atendimento']",olá ontem loja vazia não encontrei produto precisava outros clientes loja não preços subindo todas semanas continua excelente loja atendimento,olá ontem loja vazer não encontrar produto precisar outro cliente lojar não preço subir todo semana continuar excelente loja atendimento,neutro
2024,L5082-VILA ANDRADE (1346),out,43,2024-10-27,A peça do “Baby Beef” não está mais disponível na unidade da Vila Andrade. Ela é melhor do que o coração de alcatra e precisa voltar a ser comercializada.,promotor,1,"['A', 'peça', 'do', '“', 'Baby', 'Beef', '”', 'não', 'está', 'mais', 'disponível', 'na', 'unidade', 'da', 'Vila', 'Andrade', '.', 'Ela', 'é', 'melhor', 'do', 'que', 'o', 'coração', 'de', 'alcatra', 'e', 'precisa', 'voltar', 'a', 'ser', 'comercializada', '.']","['peça', 'baby', 'beef', 'não', 'disponível', 'unidade', 'vila', 'andrade', 'melhor', 'coração', 'alcatra', 'precisa', 'voltar', 'comercializada']","['peçar', 'baby', 'beef', 'não', 'disponível', 'unidade', 'vila', 'andrade', 'bom', 'coração', 'alcatrar', 'precisar', 'voltar', 'comercializar']",peça baby beef não disponível unidade vila andrade melhor coração alcatra precisa voltar comercializada,peçar baby beef não disponível unidade vila andrade bom coração alcatrar precisar voltar comercializar,promotor
2024,L5082-VILA ANDRADE (1346),out,43,2024-10-27,"No quesito ""encontrou todos os produtos"" marquei JOINHA mas nesta última vez que fui não tinha a farofa sem pimenta. Mas para mim não é depreciativo, só como onde moro não há loja Swift gostaria de trazer. Tudo ótimo, parabéns.",promotor,1,"['No', 'quesito', '``', 'encontrou', 'todos', 'os', 'produtos', ""''"", 'marquei', 'JOINHA', 'mas', 'nesta', 'última', 'vez', 'que', 'fui', 'não', 'tinha', 'a', 'farofa', 'sem', 'pimenta', '.', 'Mas', 'para', 'mim', 'não', 'é', 'depreciativo', ',', 'só', 'como', 'onde', 'moro', 'não', 'há', 'loja', 'Swift', 'gostaria', 'de', 'trazer', '.', 'Tudo', 'ótimo', ',', 'parabéns', '.']","['quesito', 'encontrou', 'todos', 'produtos', 'marquei', 'joinha', 'nesta', 'última', 'vez', 'não', 'farofa', 'pimenta', 'mim', 'não', 'depreciativo', 'onde', 'moro', 'não', 'loja', 'swift', 'gostaria', 'trazer', 'tudo', 'ótimo', 'parabéns']","['quesito', 'encontrar', 'todo', 'produto', 'marquei', 'joer', 'emeste', 'último', 'vez', 'não', 'farofa', 'pimentar', 'eu', 'não', 'depreciativo', 'onde', 'moro', 'não', 'lojar', 'swift', 'gostar', 'trazer', 'tudo', 'bom', 'parabéns']",quesito encontrou todos produtos marquei joinha nesta última vez não farofa pimenta mim não depreciativo onde moro não loja swift gostaria trazer tudo ótimo parabéns,quesito encontrar todo produto marquei joer emeste último vez não farofa pimentar eu não depreciativo onde moro não lojar swift gostar trazer tudo bom parabéns,promotor
2024,L5082-VILA ANDRADE (1346),out,44,2024-10-31,"Faz algum tempo que nao tenho encontrado File de Tilapia 800 gramas, somente tem sido enviado de 400 gramas.

Outro produto nao encontrado é o pao integral.",neutro,0,"['Faz', 'algum', 'tempo', 'que', 'nao', 'tenho', 'encontrado', 'File', 'de', 'Tilapia', '800', 'gramas', ',', 'somente', 'tem', 'sido', 'enviado', 'de', '400', 'gramas', '.', 'Outro', 'produto', 'nao', 'encontrado', 'é', 'o', 'pao', 'integral', '.']","['faz', 'algum', 'tempo', 'nao', 'encontrado', 'file', 'tilapia', 'gramas', 'somente', 'sido', 'enviado', 'gramas', 'outro', 'produto', 'nao', 'encontrado', 'pao', 'integral']","['fazer', 'algum', 'tempo', 'nao', 'encontrar', 'file', 'tilapia', 'grama', 'somente', 'ser', 'enviar', 'grama', 'outro', 'produto', 'nao', 'encontrar', 'pao', 'integral']",faz algum tempo nao encontrado file tilapia gramas somente sido enviado gramas outro produto nao encontrado pao integral,fazer algum tempo nao encontrar file tilapia grama somente ser enviar grama outro produto nao encontrar pao integral,neutro
2024,L5082-VILA ANDRADE (1346),nov,44,2024-11-01,"Está muito bom, mas sempre pode melhorar.",promotor,1,"['Está', 'muito', 'bom', ',', 'mas', 'sempre', 'pode', 'melhorar', '.']","['bom', 'sempre', 'pode', 'melhorar']","['bom', 'sempre', 'poder', 'melhorar']",bom sempre pode melhorar,bom sempre poder melhorar,promotor
2024,L5082-VILA ANDRADE (1346),nov,45,2024-11-08,nada a melhorar,promotor,1,"['nada', 'a', 'melhorar']","['nada', 'melhorar']","['nada', 'melhorar']",nada melhorar,nada melhorar,promotor
2024,L5082-VILA ANDRADE (1346),nov,46,2024-11-12,Está unidade em pleno domingo cedo parecia estar saqueada. Não tinha nada quase. Principalmente peixes. Molhos tipo maionese pronta. Chimichurri em saché,detrator,-1,"['Está', 'unidade', 'em', 'pleno', 'domingo', 'cedo', 'parecia', 'estar', 'saqueada', '.', 'Não', 'tinha', 'nada', 'quase', '.', 'Principalmente', 'peixes', '.', 'Molhos', 'tipo', 'maionese', 'pronta', '.', 'Chimichurri', 'em', 'saché']","['unidade', 'pleno', 'domingo', 'cedo', 'parecia', 'saqueada', 'não', 'nada', 'quase', 'principalmente', 'peixes', 'molhos', 'tipo', 'maionese', 'pronta', 'chimichurri', 'saché']","['unidade', 'pleno', 'domingo', 'cedo', 'parecer', 'saquear', 'não', 'nada', 'quase', 'principalmente', 'peixe', 'molho', 'tipo', 'maionese', 'pronto', 'chimichurri', 'saché']",unidade pleno domingo cedo parecia saqueada não nada quase principalmente peixes molhos tipo maionese pronta chimichurri saché,unidade pleno domingo cedo parecer saquear não nada quase principalmente peixe molho tipo maionese pronto chimichurri saché,detrator
2024,L5082-VILA ANDRADE (1346),nov,46,2024-11-13,"Poderia acrescentar em suas lojas mais produtos como: Alho triturado, vegetais industrializado, temperos industrializado que usamos em nosso dia dia.",promotor,1,"['Poderia', 'acrescentar', 'em', 'suas', 'lojas', 'mais', 'produtos', 'como', ':', 'Alho', 'triturado', ',', 'vegetais', 'industrializado', ',', 'temperos', 'industrializado', 'que', 'usamos', 'em', 'nosso', 'dia', 'dia', '.']","['poderia', 'acrescentar', 'lojas', 'produtos', 'alho', 'triturado', 'vegetais', 'industrializado', 'temperos', 'industrializado', 'usamos', 'dia', 'dia']","['poder', 'acrescentar', 'loja', 'produto', 'alho', 'triturar', 'vegetal', 'industrializar', 'temperos', 'industrializar', 'usar', 'dia', 'dia']",poderia acrescentar lojas produtos alho triturado vegetais industrializado temperos industrializado usamos dia dia,poder acrescentar loja produto alho triturar vegetal industrializar temperos industrializar usar dia dia,promotor
2024,L5082-VILA ANDRADE (1346),nov,47,2024-11-19,O atendimento já foi melhor!!,neutro,0,"['O', 'atendimento', 'já', 'foi', 'melhor', '!', '!']","['atendimento', 'melhor']","['atendimento', 'melhor']",atendimento melhor,atendimento melhor,neutro
2024,L5082-VILA ANDRADE (1346),nov,47,2024-11-21,"Não encontro o mousse de chocolate de vcs uma pena, muito gostoso",neutro,0,"['Não', 'encontro', 'o', 'mousse', 'de', 'chocolate', 'de', 'vcs', 'uma', 'pena', ',', 'muito', 'gostoso']","['não', 'encontro', 'mousse', 'chocolate', 'vcs', 'pena', 'gostoso']","['não', 'encontro', 'mour', 'chocolate', 'vcs', 'pena', 'gostoso']",não encontro mousse chocolate vcs pena gostoso,não encontro mour chocolate vcs pena gostoso,neutro
2024,L5082-VILA ANDRADE (1346),nov,47,2024-11-22,"O pedido original que fiz pelo site não pode ser entregue por vocês e o alteraram.

Quanto a qualidade gosto muito dos produtos de vocês",neutro,0,"['O', 'pedido', 'original', 'que', 'fiz', 'pelo', 'site', 'não', 'pode', 'ser', 'entregue', 'por', 'vocês', 'e', 'o', 'alteraram', '.', 'Quanto', 'a', 'qualidade', 'gosto', 'muito', 'dos', 'produtos', 'de', 'vocês']","['pedido', 'original', 'fiz', 'site', 'não', 'pode', 'entregue', 'alteraram', 'quanto', 'qualidade', 'gosto', 'produtos']","['pedir', 'original', 'fiz', 'site', 'não', 'poder', 'entregar', 'alterar', 'quanto', 'qualidade', 'gostar', 'produto']",pedido original fiz site não pode entregue alteraram quanto qualidade gosto produtos,pedir original fiz site não poder entregar alterar quanto qualidade gostar produto,neutro
2024,L5082-VILA ANDRADE (1346),dez,48,2024-12-01,No sábado não tinha quase nada na loja,neutro,0,"['No', 'sábado', 'não', 'tinha', 'quase', 'nada', 'na', 'loja']","['sábado', 'não', 'quase', 'nada', 'loja']","['sábado', 'não', 'quase', 'nada', 'lojar']",sábado não quase nada loja,sábado não quase nada lojar,neutro
2024,L5082-VILA ANDRADE (1346),dez,49,2024-12-02,"Não tinha o frango desfiado, nem as tulipas e coxinhas da asa.",neutro,0,"['Não', 'tinha', 'o', 'frango', 'desfiado', ',', 'nem', 'as', 'tulipas', 'e', 'coxinhas', 'da', 'asa', '.']","['não', 'frango', 'desfiado', 'tulipas', 'coxinhas', 'asa']","['não', 'frango', 'desfiar', 'tulipa', 'coxinha', 'asa']",não frango desfiado tulipas coxinhas asa,não frango desfiar tulipa coxinha asa,neutro
2024,L5082-VILA ANDRADE (1346),dez,49,2024-12-02,Pedido teve muito atraso e não foi possível entrar em contato com o suporte após as 19h,detrator,-1,"['Pedido', 'teve', 'muito', 'atraso', 'e', 'não', 'foi', 'possível', 'entrar', 'em', 'contato', 'com', 'o', 'suporte', 'após', 'as', '19h']","['pedido', 'atraso', 'não', 'possível', 'entrar', 'contato', 'suporte', 'após']","['pedir', 'atraso', 'não', 'possível', 'entrar', 'contato', 'suporte', 'após']",pedido atraso não possível entrar contato suporte após,pedir atraso não possível entrar contato suporte após,detrator
2024,L5082-VILA ANDRADE (1346),dez,49,2024-12-04,"Ta tudo ótimo 
Se baixar taxa de entrega melhor ainda",promotor,1,"['Ta', 'tudo', 'ótimo', 'Se', 'baixar', 'taxa', 'de', 'entrega', 'melhor', 'ainda']","['ta', 'tudo', 'ótimo', 'baixar', 'taxa', 'entrega', 'melhor', 'ainda']","['ta', 'tudo', 'bom', 'baixar', 'taxa', 'entregar', 'bom', 'ainda']",ta tudo ótimo baixar taxa entrega melhor ainda,ta tudo bom baixar taxa entregar bom ainda,promotor
2024,L5082-VILA ANDRADE (1346),dez,50,2024-12-09,"O site buga completamente se um produto não está disponivel. Não da pra saber qual é o produto que está faltando. Descobri que se o valor do pedido não alterar ao adicionar o produto no carrinho, é esse qu está faltando, mesmo indicando que está disponível no site. 
Fiz o pedido pelo whatsapp, porque pelo site está impossível... Solicitei a entrega em 3 horas, e tive que entrar em contato para confirmar a entrega, pois ja se aproximava do prazo final e não tinha nem sido faturado. Ao entrar em contato, fui muito bem atendido e a analista entrou em contato com a loja, que somente então começou a preparar meu pedido e faturar. Se eu tiver que entrar em contato com a loja pra isso toda vez (não é a primeira vez que ocorre), melhor eu ir pessoalmente a loja.",detrator,-1,"['O', 'site', 'buga', 'completamente', 'se', 'um', 'produto', 'não', 'está', 'disponivel', '.', 'Não', 'da', 'pra', 'saber', 'qual', 'é', 'o', 'produto', 'que', 'está', 'faltando', '.', 'Descobri', 'que', 'se', 'o', 'valor', 'do', 'pedido', 'não', 'alterar', 'ao', 'adicionar', 'o', 'produto', 'no', 'carrinho', ',', 'é', 'esse', 'qu', 'está', 'faltando', ',', 'mesmo', 'indicando', 'que', 'está', 'disponível', 'no', 'site', '.', 'Fiz', 'o', 'pedido', 'pelo', 'whatsapp', ',', 'porque', 'pelo', 'site', 'está', 'impossível', '...', 'Solicitei', 'a', 'entrega', 'em', '3', 'horas', ',', 'e', 'tive', 'que', 'entrar', 'em', 'contato', 'para', 'confirmar', 'a', 'entrega', ',', 'pois', 'ja', 'se', 'aproximava', 'do', 'prazo', 'final', 'e', 'não', 'tinha', 'nem', 'sido', 'faturado', '.', 'Ao', 'entrar', 'em', 'contato', ',', 'fui', 'muito', 'bem', 'atendido', 'e', 'a', 'analista', 'entrou', 'em', 'contato', 'com', 'a', 'loja', ',', 'que', 'somente', 'então', 'começou', 'a', 'preparar', 'meu', 'pedido', 'e', 'faturar', '.', 'Se', 'eu', 'tiver', 'que', 'entrar', 'em', 'contato', 'com', 'a', 'loja', 'pra', 'isso', 'toda', 'vez', '(', 'não', 'é', 'a', 'primeira', 'vez', 'que', 'ocorre', ')', ',', 'melhor', 'eu', 'ir', 'pessoalmente', 'a', 'loja', '.']","['site', 'buga', 'completamente', 'produto', 'não', 'disponivel', 'não', 'pra', 'saber', 'produto', 'faltando', 'descobri', 'valor', 'pedido', 'não', 'alterar', 'adicionar', 'produto', 'carrinho', 'qu', 'faltando', 'indicando', 'disponível', 'site', 'fiz', 'pedido', 'whatsapp', 'porque', 'site', 'impossível', 'solicitei', 'entrega', 'horas', 'entrar', 'contato', 'confirmar', 'entrega', 'pois', 'ja', 'aproximava', 'prazo', 'final', 'não', 'sido', 'faturado', 'entrar', 'contato', 'bem', 'atendido', 'analista', 'entrou', 'contato', 'loja', 'somente', 'então', 'começou', 'preparar', 'pedido', 'faturar', 'entrar', 'contato', 'loja', 'pra', 'toda', 'vez', 'não', 'primeira', 'vez', 'ocorre', 'melhor', 'ir', 'pessoalmente', 'loja']","['site', 'buga', 'completamente', 'produto', 'não', 'disponivel', 'não', 'pra', 'saber', 'produto', 'faltar', 'descobrir', 'valor', 'pedir', 'não', 'alterar', 'adicionar', 'produto', 'carrinho', 'qu', 'faltar', 'indicar', 'disponível', 'site', 'fiz', 'pedir', 'whatsapp', 'porque', 'site', 'impossível', 'solicitar', 'entrega', 'hora', 'entrar', 'contato', 'confirmar', 'entregar', 'pois', 'ja', 'aproximar', 'prazo', 'final', 'não', 'ser', 'faturar', 'entrar', 'contato', 'bem', 'atender', 'analista', 'entrar', 'contato', 'loja', 'somente', 'então', 'começar', 'preparar', 'pedir', 'faturar', 'entrar', 'contato', 'loja', 'pra', 'todo', 'vez', 'não', 'primeiro', 'vez', 'ocorrer', 'bom', 'ir', 'pessoalmente', 'loja']",site buga completamente produto não disponivel não pra saber produto faltando descobri valor pedido não alterar adicionar produto carrinho qu faltando indicando disponível site fiz pedido whatsapp porque site impossível solicitei entrega horas entrar contato confirmar entrega pois ja aproximava prazo final não sido faturado entrar contato bem atendido analista entrou contato loja somente então começou preparar pedido faturar entrar contato loja pra toda vez não primeira vez ocorre melhor ir pessoalmente loja,site buga completamente produto não disponivel não pra saber produto faltar descobrir valor pedir não alterar adicionar produto carrinho qu faltar indicar disponível site fiz pedir whatsapp porque site impossível solicitar entrega hora entrar contato confirmar entregar pois ja aproximar prazo final não ser faturar entrar contato bem atender analista entrar contato loja somente então começar preparar pedir faturar entrar contato loja pra todo vez não primeiro vez ocorrer bom ir pessoalmente loja,detrator
2024,L5082-VILA ANDRADE (1346),dez,50,2024-12-10,Colocar  alguns  itens  com maior peso..,promotor,1,"['Colocar', 'alguns', 'itens', 'com', 'maior', 'peso', '..']","['colocar', 'alguns', 'itens', 'maior', 'peso']","['colocar', 'algum', 'item', 'grande', 'peso']",colocar alguns itens maior peso,colocar algum item grande peso,promotor
2024,L5082-VILA ANDRADE (1346),dez,50,2024-12-10,3 vez que agendo a entrega e não entrega,detrator,-1,"['3', 'vez', 'que', 'agendo', 'a', 'entrega', 'e', 'não', 'entrega']","['vez', 'agendo', 'entrega', 'não', 'entrega']","['vez', 'ager', 'entrega', 'não', 'entregar']",vez agendo entrega não entrega,vez ager entrega não entregar,detrator
2024,L5082-VILA ANDRADE (1346),dez,50,2024-12-11,Subiu um pouco os preços ! Poderiam manter,promotor,1,"['Subiu', 'um', 'pouco', 'os', 'preços', '!', 'Poderiam', 'manter']","['subiu', 'pouco', 'preços', 'poderiam', 'manter']","['subir', 'pouco', 'preço', 'poder', 'manter']",subiu pouco preços poderiam manter,subir pouco preço poder manter,promotor
2024,L5082-VILA ANDRADE (1346),dez,50,2024-12-13,"Algum programa de fidelidade, com descontos progressivos",promotor,1,"['Algum', 'programa', 'de', 'fidelidade', ',', 'com', 'descontos', 'progressivos']","['algum', 'programa', 'fidelidade', 'descontos', 'progressivos']","['algum', 'programa', 'fidelidade', 'desconto', 'progressivo']",algum programa fidelidade descontos progressivos,algum programa fidelidade desconto progressivo,promotor
2024,L5082-VILA ANDRADE (1346),dez,51,2024-12-16,Estender um pouco o horário nos finais de semana.,promotor,1,"['Estender', 'um', 'pouco', 'o', 'horário', 'nos', 'finais', 'de', 'semana', '.']","['estender', 'pouco', 'horário', 'finais', 'semana']","['estender', 'pouco', 'horário', 'final', 'semana']",estender pouco horário finais semana,estender pouco horário final semana,promotor
2024,L5082-VILA ANDRADE (1346),dez,51,2024-12-16,"Houve um atraso significativo da minha compra. Se não ligo para entender o que estava acontecendo, não sei se hoje, 4 dias depois da data prevista para entrega, estaria com minha encomenda.",detrator,-1,"['Houve', 'um', 'atraso', 'significativo', 'da', 'minha', 'compra', '.', 'Se', 'não', 'ligo', 'para', 'entender', 'o', 'que', 'estava', 'acontecendo', ',', 'não', 'sei', 'se', 'hoje', ',', '4', 'dias', 'depois', 'da', 'data', 'prevista', 'para', 'entrega', ',', 'estaria', 'com', 'minha', 'encomenda', '.']","['atraso', 'significativo', 'compra', 'não', 'ligo', 'entender', 'acontecendo', 'não', 'sei', 'hoje', 'dias', 'data', 'prevista', 'entrega', 'estaria', 'encomenda']","['atraso', 'significativo', 'compra', 'não', 'ligo', 'entender', 'acontecer', 'não', 'saber', 'hoje', 'dias', 'data', 'prever', 'entrega', 'estar', 'encomendo']",atraso significativo compra não ligo entender acontecendo não sei hoje dias data prevista entrega estaria encomenda,atraso significativo compra não ligo entender acontecer não saber hoje dias data prever entrega estar encomendo,detrator
2024,L5082-VILA ANDRADE (1346),dez,51,2024-12-17,"Acredito ser muito bom ter sempre um gerente e ou supervisor na loja, assim o cliente se sente bem melhor...",promotor,1,"['Acredito', 'ser', 'muito', 'bom', 'ter', 'sempre', 'um', 'gerente', 'e', 'ou', 'supervisor', 'na', 'loja', ',', 'assim', 'o', 'cliente', 'se', 'sente', 'bem', 'melhor', '...']","['acredito', 'bom', 'sempre', 'gerente', 'supervisor', 'loja', 'assim', 'cliente', 'sente', 'bem', 'melhor']","['acreditar', 'bom', 'sempre', 'gerente', 'supervisor', 'loja', 'assim', 'cliente', 'sentir', 'bem', 'bom']",acredito bom sempre gerente supervisor loja assim cliente sente bem melhor,acreditar bom sempre gerente supervisor loja assim cliente sentir bem bom,promotor
2024,L5082-VILA ANDRADE (1346),dez,51,2024-12-18,"Se atentar aos horários estipulados. Se não há contingente para realizar a entrega no horário dado ao cliente, então não colocar um horário e sim dias, pois há a possibilidade do cliente se programar para receber ""até 12h"" e isso não acontecer, ou seja, se tornando uma espera indesejada.",neutro,0,"['Se', 'atentar', 'aos', 'horários', 'estipulados', '.', 'Se', 'não', 'há', 'contingente', 'para', 'realizar', 'a', 'entrega', 'no', 'horário', 'dado', 'ao', 'cliente', ',', 'então', 'não', 'colocar', 'um', 'horário', 'e', 'sim', 'dias', ',', 'pois', 'há', 'a', 'possibilidade', 'do', 'cliente', 'se', 'programar', 'para', 'receber', '``', 'até', '12h', ""''"", 'e', 'isso', 'não', 'acontecer', ',', 'ou', 'seja', ',', 'se', 'tornando', 'uma', 'espera', 'indesejada', '.']","['atentar', 'horários', 'estipulados', 'não', 'contingente', 'realizar', 'entrega', 'horário', 'dado', 'cliente', 'então', 'não', 'colocar', 'horário', 'sim', 'dias', 'pois', 'possibilidade', 'cliente', 'programar', 'receber', 'não', 'acontecer', 'tornando', 'espera', 'indesejada']","['atentar', 'horário', 'estipular', 'não', 'contingente', 'realizar', 'entrega', 'horário', 'dar', 'cliente', 'então', 'não', 'colocar', 'horário', 'sim', 'dia', 'pois', 'possibilidade', 'cliente', 'programar', 'receber', 'não', 'acontecer', 'tornar', 'esperar', 'indesejar']",atentar horários estipulados não contingente realizar entrega horário dado cliente então não colocar horário sim dias pois possibilidade cliente programar receber não acontecer tornando espera indesejada,atentar horário estipular não contingente realizar entrega horário dar cliente então não colocar horário sim dia pois possibilidade cliente programar receber não acontecer tornar esperar indesejar,neutro
2024,L5082-VILA ANDRADE (1346),dez,51,2024-12-19,"Empresa altamente confiável e competente, parabéns!!!",promotor,1,"['Empresa', 'altamente', 'confiável', 'e', 'competente', ',', 'parabéns', '!', '!', '!']","['empresa', 'altamente', 'confiável', 'competente', 'parabéns']","['empresa', 'altamente', 'confiável', 'competente', 'parabéns']",empresa altamente confiável competente parabéns,empresa altamente confiável competente parabéns,promotor
2024,L5082-VILA ANDRADE (1346),dez,51,2024-12-20,Infelizmente não tinha medalhão em bifes.,neutro,0,"['Infelizmente', 'não', 'tinha', 'medalhão', 'em', 'bifes', '.']","['infelizmente', 'não', 'medalhão', 'bifes']","['infelizmente', 'não', 'medalhão', 'bife']",infelizmente não medalhão bifes,infelizmente não medalhão bife,neutro
2024,L5082-VILA ANDRADE (1346),dez,51,2024-12-22,"Muito bom,mas sempre é possível melhorar",promotor,1,"['Muito', 'bom', ',', 'mas', 'sempre', 'é', 'possível', 'melhorar']","['bom', 'sempre', 'possível', 'melhorar']","['bom', 'sempre', 'possível', 'melhorar']",bom sempre possível melhorar,bom sempre possível melhorar,promotor
2024,L5082-VILA ANDRADE (1346),dez,51,2024-12-22,"O que está acontecendo com a carne moída da Swift está intragável ,tive que jogar metade do saco fora porque não conseguimos comer em casa,está com um gosto muito ruim.",neutro,0,"['O', 'que', 'está', 'acontecendo', 'com', 'a', 'carne', 'moída', 'da', 'Swift', 'está', 'intragável', ',', 'tive', 'que', 'jogar', 'metade', 'do', 'saco', 'fora', 'porque', 'não', 'conseguimos', 'comer', 'em', 'casa', ',', 'está', 'com', 'um', 'gosto', 'muito', 'ruim', '.']","['acontecendo', 'carne', 'moída', 'swift', 'intragável', 'jogar', 'metade', 'saco', 'porque', 'não', 'conseguimos', 'comer', 'casa', 'gosto', 'ruim']","['acontecer', 'carne', 'moir', 'swift', 'intragável', 'jogar', 'metade', 'saco', 'porque', 'não', 'conseguir', 'comer', 'casa', 'gosto', 'ruim']",acontecendo carne moída swift intragável jogar metade saco porque não conseguimos comer casa gosto ruim,acontecer carne moir swift intragável jogar metade saco porque não conseguir comer casa gosto ruim,neutro
2024,L5082-VILA ANDRADE (1346),dez,52,2024-12-24,"Segunda vez que vou a loja e não encontro cupim e fralda sem gordura.
Loja do Jd Londrina",neutro,0,"['Segunda', 'vez', 'que', 'vou', 'a', 'loja', 'e', 'não', 'encontro', 'cupim', 'e', 'fralda', 'sem', 'gordura', '.', 'Loja', 'do', 'Jd', 'Londrina']","['segunda', 'vez', 'vou', 'loja', 'não', 'encontro', 'cupim', 'fralda', 'gordura', 'loja', 'jd', 'londrina']","['segundo', 'vez', 'ir', 'loja', 'não', 'encontro', 'cupim', 'fralda', 'gorduro', 'loja', 'jd', 'londrino']",segunda vez vou loja não encontro cupim fralda gordura loja jd londrina,segundo vez ir loja não encontro cupim fralda gorduro loja jd londrino,neutro
2024,L5082-VILA ANDRADE (1346),dez,52,2024-12-25,Promoções com preço bom.,promotor,1,"['Promoções', 'com', 'preço', 'bom', '.']","['promoções', 'preço', 'bom']","['promoção', 'preço', 'bom']",promoções preço bom,promoção preço bom,promotor
2024,L5082-VILA ANDRADE (1346),dez,52,2024-12-26,Espeto de frango intragável! Extremamente salgado,detrator,-1,"['Espeto', 'de', 'frango', 'intragável', '!', 'Extremamente', 'salgado']","['espeto', 'frango', 'intragável', 'extremamente', 'salgado']","['espeto', 'frango', 'intragável', 'extremamente', 'salgar']",espeto frango intragável extremamente salgado,espeto frango intragável extremamente salgar,detrator
2024,L5082-VILA ANDRADE (1346),dez,52,2024-12-27,Cada dia mais tenho observado a falta de produtos em loja.,detrator,-1,"['Cada', 'dia', 'mais', 'tenho', 'observado', 'a', 'falta', 'de', 'produtos', 'em', 'loja', '.']","['cada', 'dia', 'observado', 'falta', 'produtos', 'loja']","['cada', 'dia', 'observar', 'faltar', 'produto', 'lojar']",cada dia observado falta produtos loja,cada dia observar faltar produto lojar,detrator
2024,L5082-VILA ANDRADE (1346),dez,1,2024-12-30,Atendimento ao cliente e falta de reposição/organização no pfv.,detrator,-1,"['Atendimento', 'ao', 'cliente', 'e', 'falta', 'de', 'reposição/organização', 'no', 'pfv', '.']","['atendimento', 'cliente', 'falta', 'reposiçãoorganização', 'pfv']","['atendimento', 'cliente', 'faltar', 'reposiçãoorganização', 'pfv']",atendimento cliente falta reposiçãoorganização pfv,atendimento cliente faltar reposiçãoorganização pfv,detrator
2024,L5082-VILA ANDRADE (1346),dez,1,2024-12-30,Meu pedido foi roubado e estou até agora aguardando o novo prazo,detrator,-1,"['Meu', 'pedido', 'foi', 'roubado', 'e', 'estou', 'até', 'agora', 'aguardando', 'o', 'novo', 'prazo']","['pedido', 'roubado', 'agora', 'aguardando', 'novo', 'prazo']","['pedir', 'roubar', 'agora', 'aguardar', 'novo', 'prazo']",pedido roubado agora aguardando novo prazo,pedir roubar agora aguardar novo prazo,detrator
2024,L5082-VILA ANDRADE (1346),dez,1,2024-12-31,"Acho que deveria ter mais agilidade nas compras on line. Pois se só vamos para retirar, poderia ser mais rápido.",promotor,1,"['Acho', 'que', 'deveria', 'ter', 'mais', 'agilidade', 'nas', 'compras', 'on', 'line', '.', 'Pois', 'se', 'só', 'vamos', 'para', 'retirar', ',', 'poderia', 'ser', 'mais', 'rápido', '.']","['acho', 'deveria', 'agilidade', 'compras', 'on', 'line', 'pois', 'vamos', 'retirar', 'poderia', 'rápido']","['achar', 'dever', 'agilidade', 'compra', 'on', 'line', 'pois', 'ir', 'retirar', 'poder', 'rápido']",acho deveria agilidade compras on line pois vamos retirar poderia rápido,achar dever agilidade compra on line pois ir retirar poder rápido,promotor
2024,L5082-VILA ANDRADE (1346),dez,1,2024-12-31,"A maioria dos cortes de carne estava esgotada, incluindo picanha e espetinhos de coração, entre outros.",detrator,-1,"['A', 'maioria', 'dos', 'cortes', 'de', 'carne', 'estava', 'esgotada', ',', 'incluindo', 'picanha', 'e', 'espetinhos', 'de', 'coração', ',', 'entre', 'outros', '.']","['maioria', 'cortes', 'carne', 'esgotada', 'incluindo', 'picanha', 'espetinhos', 'coração', 'outros']","['maioria', 'cortes', 'carne', 'esgotar', 'incluir', 'picanha', 'espetinho', 'coração', 'outro']",maioria cortes carne esgotada incluindo picanha espetinhos coração outros,maioria cortes carne esgotar incluir picanha espetinho coração outro,detrator
2024,L5235-LOUVEIRA,jan,1,2024-01-02,"Achei ótimo, bom atendimento, muitas variedades e preço ótimo!",promotor,1,"['Achei', 'ótimo', ',', 'bom', 'atendimento', ',', 'muitas', 'variedades', 'e', 'preço', 'ótimo', '!']","['achei', 'ótimo', 'bom', 'atendimento', 'muitas', 'variedades', 'preço', 'ótimo']","['achar', 'ótimo', 'bom', 'atendimento', 'muitas', 'variedade', 'preço', 'ótimo']",achei ótimo bom atendimento muitas variedades preço ótimo,achar ótimo bom atendimento muitas variedade preço ótimo,promotor
2024,L5235-LOUVEIRA,jan,1,2024-01-02,"Conheci a loja de Louveira e achei bastante agradável, loja climatizada, grande variedade de produtos, excelente atendimento mas acho que com relação a preços ainda um elitista, esperava preços mais acessíveis.",promotor,1,"['Conheci', 'a', 'loja', 'de', 'Louveira', 'e', 'achei', 'bastante', 'agradável', ',', 'loja', 'climatizada', ',', 'grande', 'variedade', 'de', 'produtos', ',', 'excelente', 'atendimento', 'mas', 'acho', 'que', 'com', 'relação', 'a', 'preços', 'ainda', 'um', 'elitista', ',', 'esperava', 'preços', 'mais', 'acessíveis', '.']","['conheci', 'loja', 'louveira', 'achei', 'bastante', 'agradável', 'loja', 'climatizada', 'grande', 'variedade', 'produtos', 'excelente', 'atendimento', 'acho', 'relação', 'preços', 'ainda', 'elitista', 'esperava', 'preços', 'acessíveis']","['conheci', 'loja', 'louveira', 'achar', 'bastante', 'agradável', 'loja', 'climatizar', 'grande', 'variedade', 'produto', 'excelente', 'atendimento', 'achar', 'relação', 'preço', 'ainda', 'elitista', 'esperar', 'preço', 'acessível']",conheci loja louveira achei bastante agradável loja climatizada grande variedade produtos excelente atendimento acho relação preços ainda elitista esperava preços acessíveis,conheci loja louveira achar bastante agradável loja climatizar grande variedade produto excelente atendimento achar relação preço ainda elitista esperar preço acessível,promotor
2024,L5235-LOUVEIRA,jan,1,2024-01-02,Promoções  variadas,promotor,1,"['Promoções', 'variadas']","['promoções', 'variadas']","['promoção', 'variar']",promoções variadas,promoção variar,promotor
2024,L5235-LOUVEIRA,jan,1,2024-01-04,Baixar um pouco os preços dos produtos,neutro,0,"['Baixar', 'um', 'pouco', 'os', 'preços', 'dos', 'produtos']","['baixar', 'pouco', 'preços', 'produtos']","['baixar', 'pouco', 'preço', 'produto']",baixar pouco preços produtos,baixar pouco preço produto,neutro
2024,L5235-LOUVEIRA,jan,1,2024-01-05,No dia queria picanha Australiana mas não tinha.,promotor,1,"['No', 'dia', 'queria', 'picanha', 'Australiana', 'mas', 'não', 'tinha', '.']","['dia', 'queria', 'picanha', 'australiana', 'não']","['dia', 'querer', 'picanhar', 'australiano', 'não']",dia queria picanha australiana não,dia querer picanhar australiano não,promotor
2024,L5235-LOUVEIRA,jan,1,2024-01-05,Preço precisa de ótimas promoções.,promotor,1,"['Preço', 'precisa', 'de', 'ótimas', 'promoções', '.']","['preço', 'precisa', 'ótimas', 'promoções']","['preço', 'precisar', 'ótim', 'promoção']",preço precisa ótimas promoções,preço precisar ótim promoção,promotor
2024,L5235-LOUVEIRA,jan,2,2024-01-09,"só vou fazer uma observação.... falta com frequência o espetinho de carne bovina, loja de Vinhedo e Louveira, o estoque precisa ser maior para atender a demanda.",promotor,1,"['só', 'vou', 'fazer', 'uma', 'observação', '....', 'falta', 'com', 'frequência', 'o', 'espetinho', 'de', 'carne', 'bovina', ',', 'loja', 'de', 'Vinhedo', 'e', 'Louveira', ',', 'o', 'estoque', 'precisa', 'ser', 'maior', 'para', 'atender', 'a', 'demanda', '.']","['vou', 'fazer', 'observação', 'falta', 'frequência', 'espetinho', 'carne', 'bovina', 'loja', 'vinhedo', 'louveira', 'estoque', 'precisa', 'maior', 'atender', 'demanda']","['ir', 'fazer', 'observação', 'falta', 'frequência', 'espetinho', 'carne', 'bovino', 'loja', 'vinhedo', 'louveira', 'estoque', 'precisar', 'grande', 'atender', 'demanda']",vou fazer observação falta frequência espetinho carne bovina loja vinhedo louveira estoque precisa maior atender demanda,ir fazer observação falta frequência espetinho carne bovino loja vinhedo louveira estoque precisar grande atender demanda,promotor
2024,L5235-LOUVEIRA,jan,2,2024-01-10,Tá tudo bom!!,promotor,1,"['Tá', 'tudo', 'bom', '!', '!']","['tá', 'tudo', 'bom']","['tá', 'tudo', 'bom']",tá tudo bom,tá tudo bom,promotor
2024,L5235-LOUVEIRA,jan,2,2024-01-12,Melhorar em preço de alguns itens,promotor,1,"['Melhorar', 'em', 'preço', 'de', 'alguns', 'itens']","['melhorar', 'preço', 'alguns', 'itens']","['melhorar', 'preço', 'algum', 'item']",melhorar preço alguns itens,melhorar preço algum item,promotor
2024,L5235-LOUVEIRA,jan,3,2024-01-17,Funcionários atenciosos,promotor,1,"['Funcionários', 'atenciosos']","['funcionários', 'atenciosos']","['funcionário', 'atencioso']",funcionários atenciosos,funcionário atencioso,promotor
2024,L5235-LOUVEIRA,jan,3,2024-01-19,"Loja muito arrumada, atendimento excelente e variedade de produtos.",promotor,1,"['Loja', 'muito', 'arrumada', ',', 'atendimento', 'excelente', 'e', 'variedade', 'de', 'produtos', '.']","['loja', 'arrumada', 'atendimento', 'excelente', 'variedade', 'produtos']","['loja', 'arrumar', 'atendimento', 'excelente', 'variedade', 'produto']",loja arrumada atendimento excelente variedade produtos,loja arrumar atendimento excelente variedade produto,promotor
2024,L5235-LOUVEIRA,jan,3,2024-01-19,Pessoal da av 14 de dezembro jundiai sempre muito atencioso. Poderia ter mais frutas.,promotor,1,"['Pessoal', 'da', 'av', '14', 'de', 'dezembro', 'jundiai', 'sempre', 'muito', 'atencioso', '.', 'Poderia', 'ter', 'mais', 'frutas', '.']","['pessoal', 'av', 'dezembro', 'jundiai', 'sempre', 'atencioso', 'poderia', 'frutas']","['pessoal', 'av', 'dezembro', 'jundiai', 'sempre', 'atencioso', 'poder', 'fruta']",pessoal av dezembro jundiai sempre atencioso poderia frutas,pessoal av dezembro jundiai sempre atencioso poder fruta,promotor
2024,L5235-LOUVEIRA,jan,4,2024-01-22,"O atendimento é maravilhoso, as meninas sempre prontas para ajudar e dão dicas muito boas, a qualidade das carnes é excepcional, vou toda semana na Swift!",promotor,1,"['O', 'atendimento', 'é', 'maravilhoso', ',', 'as', 'meninas', 'sempre', 'prontas', 'para', 'ajudar', 'e', 'dão', 'dicas', 'muito', 'boas', ',', 'a', 'qualidade', 'das', 'carnes', 'é', 'excepcional', ',', 'vou', 'toda', 'semana', 'na', 'Swift', '!']","['atendimento', 'maravilhoso', 'meninas', 'sempre', 'prontas', 'ajudar', 'dão', 'dicas', 'boas', 'qualidade', 'carnes', 'excepcional', 'vou', 'toda', 'semana', 'swift']","['atendimento', 'maravilhoso', 'meninas', 'sempre', 'pronto', 'ajudar', 'dar', 'dica', 'bom', 'qualidade', 'carne', 'excepcional', 'ir', 'todo', 'semana', 'swift']",atendimento maravilhoso meninas sempre prontas ajudar dão dicas boas qualidade carnes excepcional vou toda semana swift,atendimento maravilhoso meninas sempre pronto ajudar dar dica bom qualidade carne excepcional ir todo semana swift,promotor
2024,L5235-LOUVEIRA,jan,4,2024-01-22,"Ótima atenção da Paola, a dany e a nova gerente. Parabéns",promotor,1,"['Ótima', 'atenção', 'da', 'Paola', ',', 'a', 'dany', 'e', 'a', 'nova', 'gerente', '.', 'Parabéns']","['ótima', 'atenção', 'paola', 'dany', 'nova', 'gerente', 'parabéns']","['ótimo', 'atenção', 'paol', 'dany', 'novo', 'gerente', 'parabéns']",ótima atenção paola dany nova gerente parabéns,ótimo atenção paol dany novo gerente parabéns,promotor
2024,L5235-LOUVEIRA,jan,4,2024-01-22,"variedade de produtos, ótimo atendimento, limpeza e organização dos produtos.",promotor,1,"['variedade', 'de', 'produtos', ',', 'ótimo', 'atendimento', ',', 'limpeza', 'e', 'organização', 'dos', 'produtos', '.']","['variedade', 'produtos', 'ótimo', 'atendimento', 'limpeza', 'organização', 'produtos']","['variedade', 'produto', 'ótimo', 'atendimento', 'limpezar', 'organização', 'produto']",variedade produtos ótimo atendimento limpeza organização produtos,variedade produto ótimo atendimento limpezar organização produto,promotor
2024,L5235-LOUVEIRA,jan,4,2024-01-23,"Td maravilhoso, organizado. Amooooo",promotor,1,"['Td', 'maravilhoso', ',', 'organizado', '.', 'Amooooo']","['td', 'maravilhoso', 'organizado', 'amooooo']","['td', 'maravilhoso', 'organizar', 'amooooo']",td maravilhoso organizado amooooo,td maravilhoso organizar amooooo,promotor
2024,L5235-LOUVEIRA,jan,4,2024-01-24,"Loja bem visível, produtos organizados e super limpo.",promotor,1,"['Loja', 'bem', 'visível', ',', 'produtos', 'organizados', 'e', 'super', 'limpo', '.']","['loja', 'bem', 'visível', 'produtos', 'organizados', 'super', 'limpo']","['loja', 'bem', 'visível', 'produto', 'organizar', 'super', 'limpo']",loja bem visível produtos organizados super limpo,loja bem visível produto organizar super limpo,promotor
2024,L5235-LOUVEIRA,jan,5,2024-01-30,"A loja estava ofertando como valor promocional um Kit de Picanha Gold + Pacote de frango + Pão de alho bolinha + Farofa tradicional por R$ 155,00 e suspeitando deste valor, pedi que montassem o Kit com os mesmos produtos sem contemplar a promoção, e o valor final foi de R$ 144,00 aprox.;Ou seja, a loja estava praticando propaganda enganosa...",detrator,-1,"['A', 'loja', 'estava', 'ofertando', 'como', 'valor', 'promocional', 'um', 'Kit', 'de', 'Picanha', 'Gold', '+', 'Pacote', 'de', 'frango', '+', 'Pão', 'de', 'alho', 'bolinha', '+', 'Farofa', 'tradicional', 'por', 'R', '$', '155,00', 'e', 'suspeitando', 'deste', 'valor', ',', 'pedi', 'que', 'montassem', 'o', 'Kit', 'com', 'os', 'mesmos', 'produtos', 'sem', 'contemplar', 'a', 'promoção', ',', 'e', 'o', 'valor', 'final', 'foi', 'de', 'R', '$', '144,00', 'aprox', '.', ';', 'Ou', 'seja', ',', 'a', 'loja', 'estava', 'praticando', 'propaganda', 'enganosa', '...']","['loja', 'ofertando', 'valor', 'promocional', 'kit', 'picanha', 'gold', 'pacote', 'frango', 'pão', 'alho', 'bolinha', 'farofa', 'tradicional', 'suspeitando', 'deste', 'valor', 'pedi', 'montassem', 'kit', 'mesmos', 'produtos', 'contemplar', 'promoção', 'valor', 'final', 'aprox', 'loja', 'praticando', 'propaganda', 'enganosa']","['lojar', 'ofertar', 'valor', 'promocional', 'kit', 'picanha', 'gold', 'pacote', 'frango', 'pão', 'alho', 'bolinho', 'farofa', 'tradicional', 'suspeitar', 'deeste', 'valor', 'pedir', 'montar', 'kit', 'mesmo', 'produto', 'contemplar', 'promoção', 'valor', 'final', 'aprox', 'loja', 'praticar', 'propaganda', 'enganoso']",loja ofertando valor promocional kit picanha gold pacote frango pão alho bolinha farofa tradicional suspeitando deste valor pedi montassem kit mesmos produtos contemplar promoção valor final aprox loja praticando propaganda enganosa,lojar ofertar valor promocional kit picanha gold pacote frango pão alho bolinho farofa tradicional suspeitar deeste valor pedir montar kit mesmo produto contemplar promoção valor final aprox loja praticar propaganda enganoso,detrator
2024,L5235-LOUVEIRA,jan,5,2024-01-31,Está ótima atendimento ótima;,promotor,1,"['Está', 'ótima', 'atendimento', 'ótima', ';']","['ótima', 'atendimento', 'ótima']","['ótima', 'atendimento', 'ótima']",ótima atendimento ótima,ótima atendimento ótima,promotor
2024,L5235-LOUVEIRA,jan,5,2024-01-31,Excelente atendimento,promotor,1,"['Excelente', 'atendimento']","['excelente', 'atendimento']","['excelente', 'atendimento']",excelente atendimento,excelente atendimento,promotor
2024,L5235-LOUVEIRA,fev,5,2024-02-02,não precisa   já é ´[otima assim   ...ok    parabéns    ;,promotor,1,"['não', 'precisa', 'já', 'é', '´', '[', 'otima', 'assim', '...', 'ok', 'parabéns', ';']","['não', 'precisa', 'otima', 'assim', 'ok', 'parabéns']","['não', 'precisar', 'otimo', 'assim', 'ok', 'parabéns']",não precisa otima assim ok parabéns,não precisar otimo assim ok parabéns,promotor
2024,L5235-LOUVEIRA,fev,6,2024-02-05,"Obrigado pela atenção da Paola, muita atenciosa a gerente nova.",promotor,1,"['Obrigado', 'pela', 'atenção', 'da', 'Paola', ',', 'muita', 'atenciosa', 'a', 'gerente', 'nova', '.']","['obrigado', 'atenção', 'paola', 'muita', 'atenciosa', 'gerente', 'nova']","['obrigar', 'atenção', 'paol', 'muito', 'atencioso', 'gerente', 'novo']",obrigado atenção paola muita atenciosa gerente nova,obrigar atenção paol muito atencioso gerente novo,promotor
2024,L5235-LOUVEIRA,fev,6,2024-02-08,Está ótima em qualidade e em atendimento !,promotor,1,"['Está', 'ótima', 'em', 'qualidade', 'e', 'em', 'atendimento', '!']","['ótima', 'qualidade', 'atendimento']","['ótimo', 'qualidade', 'atendimento']",ótima qualidade atendimento,ótimo qualidade atendimento,promotor
2024,L5235-LOUVEIRA,fev,6,2024-02-09,Fazendo entregas.,promotor,1,"['Fazendo', 'entregas', '.']","['fazendo', 'entregas']","['fazer', 'entrega']",fazendo entregas,fazer entrega,promotor
2024,L5235-LOUVEIRA,fev,6,2024-02-10,Promoção 😃;Atendimento ótimo das meninas,neutro,0,"['Promoção', '😃', ';', 'Atendimento', 'ótimo', 'das', 'meninas']","['promoção', 'atendimento', 'ótimo', 'meninas']","['promoção', 'atendimento', 'ótimo', 'meninas']",promoção atendimento ótimo meninas,promoção atendimento ótimo meninas,neutro
2024,L5235-LOUVEIRA,fev,6,2024-02-11,Picanha estava dura,neutro,0,"['Picanha', 'estava', 'dura']","['picanha', 'dura']","['picanha', 'duro']",picanha dura,picanha duro,neutro
2024,L5235-LOUVEIRA,fev,7,2024-02-12,"Excelente atendimento, ótimos produtos",promotor,1,"['Excelente', 'atendimento', ',', 'ótimos', 'produtos']","['excelente', 'atendimento', 'ótimos', 'produtos']","['excelente', 'atendimento', 'ótimos', 'produto']",excelente atendimento ótimos produtos,excelente atendimento ótimos produto,promotor
2024,L5235-LOUVEIRA,fev,7,2024-02-12,Melhor o preço e qualidade dos produtos pois este estáva duro demais,promotor,1,"['Melhor', 'o', 'preço', 'e', 'qualidade', 'dos', 'produtos', 'pois', 'este', 'estáva', 'duro', 'demais']","['melhor', 'preço', 'qualidade', 'produtos', 'pois', 'estáva', 'duro', 'demais']","['bom', 'preço', 'qualidade', 'produto', 'pois', 'estáve', 'duro', 'demais']",melhor preço qualidade produtos pois estáva duro demais,bom preço qualidade produto pois estáve duro demais,promotor
2024,L5235-LOUVEIRA,fev,7,2024-02-12,Trazer mais variedades para lanches e promoções. Já o antendimento da loja de Louveira é o que me mantém cliente 😍,promotor,1,"['Trazer', 'mais', 'variedades', 'para', 'lanches', 'e', 'promoções', '.', 'Já', 'o', 'antendimento', 'da', 'loja', 'de', 'Louveira', 'é', 'o', 'que', 'me', 'mantém', 'cliente', '😍']","['trazer', 'variedades', 'lanches', 'promoções', 'antendimento', 'loja', 'louveira', 'mantém', 'cliente']","['trazer', 'variedade', 'lanche', 'promoção', 'antendimento', 'loja', 'louveira', 'manter', 'cliente']",trazer variedades lanches promoções antendimento loja louveira mantém cliente,trazer variedade lanche promoção antendimento loja louveira manter cliente,promotor
2024,L5235-LOUVEIRA,fev,7,2024-02-15,Esta tudo ótimo !👍,promotor,1,"['Esta', 'tudo', 'ótimo', '!', '👍']","['tudo', 'ótimo']","['tudo', 'bom']",tudo ótimo,tudo bom,promotor
2024,L5235-LOUVEIRA,fev,7,2024-02-15,"Parem de alterar as mercadorias, temos que ficar procurando por minutos até achar. O atendimento é muito bom, principalmente na unidade de Louveira/SP.",promotor,1,"['Parem', 'de', 'alterar', 'as', 'mercadorias', ',', 'temos', 'que', 'ficar', 'procurando', 'por', 'minutos', 'até', 'achar', '.', 'O', 'atendimento', 'é', 'muito', 'bom', ',', 'principalmente', 'na', 'unidade', 'de', 'Louveira/SP', '.']","['parem', 'alterar', 'mercadorias', 'ficar', 'procurando', 'minutos', 'achar', 'atendimento', 'bom', 'principalmente', 'unidade', 'louveirasp']","['par', 'alterar', 'mercadoria', 'ficar', 'procurar', 'minuto', 'achar', 'atendimento', 'bom', 'principalmente', 'unidade', 'louveirasp']",parem alterar mercadorias ficar procurando minutos achar atendimento bom principalmente unidade louveirasp,par alterar mercadoria ficar procurar minuto achar atendimento bom principalmente unidade louveirasp,promotor
2024,L5235-LOUVEIRA,fev,7,2024-02-16,Atendimento da loja de Louveira sempre impecável!,promotor,1,"['Atendimento', 'da', 'loja', 'de', 'Louveira', 'sempre', 'impecável', '!']","['atendimento', 'loja', 'louveira', 'sempre', 'impecável']","['atendimento', 'lojar', 'louveira', 'sempre', 'impecável']",atendimento loja louveira sempre impecável,atendimento lojar louveira sempre impecável,promotor
2024,L5235-LOUVEIRA,fev,7,2024-02-16,"Eu sempre falo para todos, que a Swift é a melhor loja de Louveira.;Essa cidade estava precisando de vocês.;Muito bom atendimento, ótima qualidade e muita variedade também, excelentes!",promotor,1,"['Eu', 'sempre', 'falo', 'para', 'todos', ',', 'que', 'a', 'Swift', 'é', 'a', 'melhor', 'loja', 'de', 'Louveira', '.', ';', 'Essa', 'cidade', 'estava', 'precisando', 'de', 'vocês', '.', ';', 'Muito', 'bom', 'atendimento', ',', 'ótima', 'qualidade', 'e', 'muita', 'variedade', 'também', ',', 'excelentes', '!']","['sempre', 'falo', 'todos', 'swift', 'melhor', 'loja', 'louveira', 'cidade', 'precisando', 'bom', 'atendimento', 'ótima', 'qualidade', 'muita', 'variedade', 'excelentes']","['sempre', 'falar', 'todo', 'swift', 'bom', 'loja', 'louveira', 'cidade', 'precisar', 'bom', 'atendimento', 'ótima', 'qualidade', 'muito', 'variedade', 'excelente']",sempre falo todos swift melhor loja louveira cidade precisando bom atendimento ótima qualidade muita variedade excelentes,sempre falar todo swift bom loja louveira cidade precisar bom atendimento ótima qualidade muito variedade excelente,promotor
2024,L5235-LOUVEIRA,fev,8,2024-02-20,"Atendimento excelente, loja muito organizada. Produtos de ótima qualidade.",promotor,1,"['Atendimento', 'excelente', ',', 'loja', 'muito', 'organizada', '.', 'Produtos', 'de', 'ótima', 'qualidade', '.']","['atendimento', 'excelente', 'loja', 'organizada', 'produtos', 'ótima', 'qualidade']","['atendimento', 'excelente', 'loja', 'organizar', 'produto', 'ótimo', 'qualidade']",atendimento excelente loja organizada produtos ótima qualidade,atendimento excelente loja organizar produto ótimo qualidade,promotor
2024,L5235-LOUVEIRA,fev,8,2024-02-20,Não vejo necessidade de melhora.,promotor,1,"['Não', 'vejo', 'necessidade', 'de', 'melhora', '.']","['não', 'vejo', 'necessidade', 'melhora']","['não', 'vejo', 'necessidade', 'melhorar']",não vejo necessidade melhora,não vejo necessidade melhorar,promotor
2024,L5235-LOUVEIRA,fev,9,2024-02-29,"""A melhora acontece quando parar  muda demais os produtos dos seus lugares confunde demais o cliente  .""",promotor,1,"['``', 'A', 'melhora', 'acontece', 'quando', 'parar', 'muda', 'demais', 'os', 'produtos', 'dos', 'seus', 'lugares', 'confunde', 'demais', 'o', 'cliente', '.', ""''""]","['melhora', 'acontece', 'parar', 'muda', 'demais', 'produtos', 'lugares', 'confunde', 'demais', 'cliente']","['melhora', 'acontecer', 'parar', 'mudar', 'demais', 'produto', 'lugar', 'confunder', 'demais', 'cliente']",melhora acontece parar muda demais produtos lugares confunde demais cliente,melhora acontecer parar mudar demais produto lugar confunder demais cliente,promotor
2024,L5235-LOUVEIRA,fev,9,2024-02-29,"""Facilitar acesso ao estacionamento """,promotor,1,"['``', 'Facilitar', 'acesso', 'ao', 'estacionamento', '``']","['facilitar', 'acesso', 'estacionamento']","['facilitar', 'acesso', 'estacionamento']",facilitar acesso estacionamento,facilitar acesso estacionamento,promotor
2024,L5235-LOUVEIRA,fev,9,2024-02-29,"""Podem fazer um programa de pontuação para oferecer descontos ou brindes como por exemplo sacolas terminas retornáveis - assim poderíamos usar nas próximas compras """,neutro,0,"['``', 'Podem', 'fazer', 'um', 'programa', 'de', 'pontuação', 'para', 'oferecer', 'descontos', 'ou', 'brindes', 'como', 'por', 'exemplo', 'sacolas', 'terminas', 'retornáveis', '-', 'assim', 'poderíamos', 'usar', 'nas', 'próximas', 'compras', '``']","['podem', 'fazer', 'programa', 'pontuação', 'oferecer', 'descontos', 'brindes', 'exemplo', 'sacolas', 'terminas', 'retornáveis', 'assim', 'poderíamos', 'usar', 'próximas', 'compras']","['poder', 'fazer', 'programa', 'pontuação', 'oferecer', 'desconto', 'brinde', 'exemplo', 'sacola', 'termina', 'retornável', 'assim', 'poderíar', 'usar', 'próximo', 'compra']",podem fazer programa pontuação oferecer descontos brindes exemplo sacolas terminas retornáveis assim poderíamos usar próximas compras,poder fazer programa pontuação oferecer desconto brinde exemplo sacola termina retornável assim poderíar usar próximo compra,neutro
2024,L5235-LOUVEIRA,mar,9,2024-03-01,"""As meninas da loja são ótimas! Super simpáticas e atenciosas! """,promotor,1,"['``', 'As', 'meninas', 'da', 'loja', 'são', 'ótimas', '!', 'Super', 'simpáticas', 'e', 'atenciosas', '!', '``']","['meninas', 'loja', 'ótimas', 'super', 'simpáticas', 'atenciosas']","['menino', 'loja', 'ótimas', 'super', 'simpático', 'atenciosa']",meninas loja ótimas super simpáticas atenciosas,menino loja ótimas super simpático atenciosa,promotor
2024,L5235-LOUVEIRA,mar,9,2024-03-01,"""O filé de tilapia empanado tem espinhas e é bem salgadinho, geralmente poderiam ter mais cuidado em relação a espinha pq damos para crianças e elas ou idosos podem engasgar com mais facilidade, e o sal para quem tem pressão alta não é legal. Terem mais cuidado com congelamento, tem coisas q dá para ver que foram descongeladas e congeladas novamente, d para perceber pq tem pedras de gelo dentro do saco. Mas eu gosto muito da swift.""",promotor,1,"['``', 'O', 'filé', 'de', 'tilapia', 'empanado', 'tem', 'espinhas', 'e', 'é', 'bem', 'salgadinho', ',', 'geralmente', 'poderiam', 'ter', 'mais', 'cuidado', 'em', 'relação', 'a', 'espinha', 'pq', 'damos', 'para', 'crianças', 'e', 'elas', 'ou', 'idosos', 'podem', 'engasgar', 'com', 'mais', 'facilidade', ',', 'e', 'o', 'sal', 'para', 'quem', 'tem', 'pressão', 'alta', 'não', 'é', 'legal', '.', 'Terem', 'mais', 'cuidado', 'com', 'congelamento', ',', 'tem', 'coisas', 'q', 'dá', 'para', 'ver', 'que', 'foram', 'descongeladas', 'e', 'congeladas', 'novamente', ',', 'd', 'para', 'perceber', 'pq', 'tem', 'pedras', 'de', 'gelo', 'dentro', 'do', 'saco', '.', 'Mas', 'eu', 'gosto', 'muito', 'da', 'swift', '.', ""''""]","['filé', 'tilapia', 'empanado', 'espinhas', 'bem', 'salgadinho', 'geralmente', 'poderiam', 'cuidado', 'relação', 'espinha', 'pq', 'damos', 'crianças', 'idosos', 'podem', 'engasgar', 'facilidade', 'sal', 'pressão', 'alta', 'não', 'legal', 'terem', 'cuidado', 'congelamento', 'coisas', 'dá', 'ver', 'descongeladas', 'congeladas', 'novamente', 'perceber', 'pq', 'pedras', 'gelo', 'dentro', 'saco', 'gosto', 'swift']","['filér', 'tilapia', 'empanar', 'espinho', 'bem', 'salgadinho', 'geralmente', 'poder', 'cuidado', 'relação', 'espinhar', 'pq', 'dar', 'criança', 'idoso', 'poder', 'engasgar', 'facilidade', 'sal', 'pressão', 'alto', 'não', 'legal', 'ter', 'cuidado', 'congelamento', 'coisa', 'dar', 'ver', 'descongelar', 'congelar', 'novamente', 'perceber', 'pq', 'pedra', 'gelo', 'dentro', 'saco', 'gosto', 'swift']",filé tilapia empanado espinhas bem salgadinho geralmente poderiam cuidado relação espinha pq damos crianças idosos podem engasgar facilidade sal pressão alta não legal terem cuidado congelamento coisas dá ver descongeladas congeladas novamente perceber pq pedras gelo dentro saco gosto swift,filér tilapia empanar espinho bem salgadinho geralmente poder cuidado relação espinhar pq dar criança idoso poder engasgar facilidade sal pressão alto não legal ter cuidado congelamento coisa dar ver descongelar congelar novamente perceber pq pedra gelo dentro saco gosto swift,promotor
2024,L5235-LOUVEIRA,mar,9,2024-03-01,"""Tudo perfeito,loja maravilhosa """,promotor,1,"['``', 'Tudo', 'perfeito', ',', 'loja', 'maravilhosa', '``']","['tudo', 'perfeito', 'loja', 'maravilhosa']","['tudo', 'perfeito', 'loja', 'maravilhoso']",tudo perfeito loja maravilhosa,tudo perfeito loja maravilhoso,promotor
2024,L5235-LOUVEIRA,mar,10,2024-03-05,"""Atendimento nota 1000 na loja de Louveira""",promotor,1,"['``', 'Atendimento', 'nota', '1000', 'na', 'loja', 'de', 'Louveira', ""''""]","['atendimento', 'nota', 'loja', 'louveira']","['atendimento', 'noto', 'loja', 'louveira']",atendimento nota loja louveira,atendimento noto loja louveira,promotor
2024,L5235-LOUVEIRA,mar,10,2024-03-05,"A disposição na loja é boa, mas poderia melhorar, por mais de uma vez tive que ir atrás de ajuda para alcançar itens na prateleira superior… será que existe algo a fazer?",promotor,1,"['A', 'disposição', 'na', 'loja', 'é', 'boa', ',', 'mas', 'poderia', 'melhorar', ',', 'por', 'mais', 'de', 'uma', 'vez', 'tive', 'que', 'ir', 'atrás', 'de', 'ajuda', 'para', 'alcançar', 'itens', 'na', 'prateleira', 'superior…', 'será', 'que', 'existe', 'algo', 'a', 'fazer', '?']","['disposição', 'loja', 'boa', 'poderia', 'melhorar', 'vez', 'ir', 'atrás', 'ajuda', 'alcançar', 'itens', 'prateleira', 'superior', 'existe', 'algo', 'fazer']","['disposição', 'lojar', 'bom', 'poder', 'melhorar', 'vez', 'ir', 'atrás', 'ajudar', 'alcançar', 'item', 'prateleira', 'superior', 'existir', 'algo', 'fazer']",disposição loja boa poderia melhorar vez ir atrás ajuda alcançar itens prateleira superior existe algo fazer,disposição lojar bom poder melhorar vez ir atrás ajudar alcançar item prateleira superior existir algo fazer,promotor
2024,L5235-LOUVEIRA,mar,10,2024-03-08,"Loja com atendimento muito bom, as meninas sempre sorridentes e prontas a ajudar. Loja muito organizada.",promotor,1,"['Loja', 'com', 'atendimento', 'muito', 'bom', ',', 'as', 'meninas', 'sempre', 'sorridentes', 'e', 'prontas', 'a', 'ajudar', '.', 'Loja', 'muito', 'organizada', '.']","['loja', 'atendimento', 'bom', 'meninas', 'sempre', 'sorridentes', 'prontas', 'ajudar', 'loja', 'organizada']","['lojar', 'atendimento', 'bom', 'meninas', 'sempre', 'sorridente', 'prontas', 'ajudar', 'loja', 'organizar']",loja atendimento bom meninas sempre sorridentes prontas ajudar loja organizada,lojar atendimento bom meninas sempre sorridente prontas ajudar loja organizar,promotor
2024,L5235-LOUVEIRA,mar,10,2024-03-08,oferecer sistema de pontos para dar descontos e /ou premios - exemplo perfeito seria uma bolsa termica,promotor,1,"['oferecer', 'sistema', 'de', 'pontos', 'para', 'dar', 'descontos', 'e', '/ou', 'premios', '-', 'exemplo', 'perfeito', 'seria', 'uma', 'bolsa', 'termica']","['oferecer', 'sistema', 'pontos', 'dar', 'descontos', 'premios', 'exemplo', 'perfeito', 'bolsa', 'termica']","['oferecer', 'sistema', 'ponto', 'dar', 'desconto', 'premio', 'exemplo', 'perfeito', 'bolsa', 'termico']",oferecer sistema pontos dar descontos premios exemplo perfeito bolsa termica,oferecer sistema ponto dar desconto premio exemplo perfeito bolsa termico,promotor
2024,L5235-LOUVEIRA,mar,10,2024-03-10,"Loja maravilhosa, atendimento da Priscila muito bom.",promotor,1,"['Loja', 'maravilhosa', ',', 'atendimento', 'da', 'Priscila', 'muito', 'bom', '.']","['loja', 'maravilhosa', 'atendimento', 'priscila', 'bom']","['loja', 'maravilhoso', 'atendimento', 'priscila', 'bom']",loja maravilhosa atendimento priscila bom,loja maravilhoso atendimento priscila bom,promotor
2024,L5235-LOUVEIRA,mar,11,2024-03-11,"Comprei picanha e estava um pouco dura, precisa melhorar a qualidade da picanha",promotor,1,"['Comprei', 'picanha', 'e', 'estava', 'um', 'pouco', 'dura', ',', 'precisa', 'melhorar', 'a', 'qualidade', 'da', 'picanha']","['comprei', 'picanha', 'pouco', 'dura', 'precisa', 'melhorar', 'qualidade', 'picanha']","['comprei', 'picanha', 'pouco', 'dura', 'precisar', 'melhorar', 'qualidade', 'picanho']",comprei picanha pouco dura precisa melhorar qualidade picanha,comprei picanha pouco dura precisar melhorar qualidade picanho,promotor
2024,L5235-LOUVEIRA,mar,11,2024-03-12,fui mto bem atendido.,promotor,1,"['fui', 'mto', 'bem', 'atendido', '.']","['mto', 'bem', 'atendido']","['mtor', 'bem', 'atender']",mto bem atendido,mtor bem atender,promotor
2024,L5235-LOUVEIRA,mar,12,2024-03-18,Loja com produtos de muita qualidade e sempre encontro o que estou procurando.,promotor,1,"['Loja', 'com', 'produtos', 'de', 'muita', 'qualidade', 'e', 'sempre', 'encontro', 'o', 'que', 'estou', 'procurando', '.']","['loja', 'produtos', 'muita', 'qualidade', 'sempre', 'encontro', 'procurando']","['lojar', 'produto', 'muito', 'qualidade', 'sempre', 'encontro', 'procurar']",loja produtos muita qualidade sempre encontro procurando,lojar produto muito qualidade sempre encontro procurar,promotor
2024,L5235-LOUVEIRA,mar,12,2024-03-18,"Produtos de ótima qualidade, loja sempre organizada e o atendimento muito bom. As atendentes sempre simpáticas.",promotor,1,"['Produtos', 'de', 'ótima', 'qualidade', ',', 'loja', 'sempre', 'organizada', 'e', 'o', 'atendimento', 'muito', 'bom', '.', 'As', 'atendentes', 'sempre', 'simpáticas', '.']","['produtos', 'ótima', 'qualidade', 'loja', 'sempre', 'organizada', 'atendimento', 'bom', 'atendentes', 'sempre', 'simpáticas']","['produto', 'ótima', 'qualidade', 'lojar', 'sempre', 'organizar', 'atendimento', 'bom', 'atendente', 'sempre', 'simpático']",produtos ótima qualidade loja sempre organizada atendimento bom atendentes sempre simpáticas,produto ótima qualidade lojar sempre organizar atendimento bom atendente sempre simpático,promotor
2024,L5235-LOUVEIRA,mar,12,2024-03-18,"Tudo muito bom, limpo e organizado. Atendimento excelente.",promotor,1,"['Tudo', 'muito', 'bom', ',', 'limpo', 'e', 'organizado', '.', 'Atendimento', 'excelente', '.']","['tudo', 'bom', 'limpo', 'organizado', 'atendimento', 'excelente']","['tudo', 'bom', 'limpo', 'organizar', 'atendimento', 'excelente']",tudo bom limpo organizado atendimento excelente,tudo bom limpo organizar atendimento excelente,promotor
2024,L5235-LOUVEIRA,mar,13,2024-03-26,"Loja muito organizada e atendimento impecável, parabéns a equipe swift Louveira .",promotor,1,"['Loja', 'muito', 'organizada', 'e', 'atendimento', 'impecável', ',', 'parabéns', 'a', 'equipe', 'swift', 'Louveira', '.']","['loja', 'organizada', 'atendimento', 'impecável', 'parabéns', 'equipe', 'swift', 'louveira']","['loja', 'organizar', 'atendimento', 'impecável', 'parabéns', 'equipe', 'swift', 'louveira']",loja organizada atendimento impecável parabéns equipe swift louveira,loja organizar atendimento impecável parabéns equipe swift louveira,promotor
2024,L5235-LOUVEIRA,mar,13,2024-03-26,loja organizada e atendimento muito bom,promotor,1,"['loja', 'organizada', 'e', 'atendimento', 'muito', 'bom']","['loja', 'organizada', 'atendimento', 'bom']","['loja', 'organizar', 'atendimento', 'bom']",loja organizada atendimento bom,loja organizar atendimento bom,promotor
2024,L5235-LOUVEIRA,mar,13,2024-03-29,Loja muito boa e produtos de qualidade é atendimento excelente.,promotor,1,"['Loja', 'muito', 'boa', 'e', 'produtos', 'de', 'qualidade', 'é', 'atendimento', 'excelente', '.']","['loja', 'boa', 'produtos', 'qualidade', 'atendimento', 'excelente']","['loja', 'bom', 'produto', 'qualidade', 'atendimento', 'excelente']",loja boa produtos qualidade atendimento excelente,loja bom produto qualidade atendimento excelente,promotor
2024,L5235-LOUVEIRA,abr,14,2024-04-02,"Eu acho que Já tá melhorando, a nova gerente e muito melhor que a outra, a atenção da Paola sempre e a melhor. Obrigado",promotor,1,"['Eu', 'acho', 'que', 'Já', 'tá', 'melhorando', ',', 'a', 'nova', 'gerente', 'e', 'muito', 'melhor', 'que', 'a', 'outra', ',', 'a', 'atenção', 'da', 'Paola', 'sempre', 'e', 'a', 'melhor', '.', 'Obrigado']","['acho', 'tá', 'melhorando', 'nova', 'gerente', 'melhor', 'outra', 'atenção', 'paola', 'sempre', 'melhor', 'obrigado']","['achar', 'tá', 'melhorar', 'novo', 'gerente', 'bom', 'outro', 'atenção', 'paol', 'sempre', 'bom', 'obrigar']",acho tá melhorando nova gerente melhor outra atenção paola sempre melhor obrigado,achar tá melhorar novo gerente bom outro atenção paol sempre bom obrigar,promotor
2024,L5235-LOUVEIRA,abr,14,2024-04-02,Procurando ter sempre os produtos disponíveis para o cliente.,promotor,1,"['Procurando', 'ter', 'sempre', 'os', 'produtos', 'disponíveis', 'para', 'o', 'cliente', '.']","['procurando', 'sempre', 'produtos', 'disponíveis', 'cliente']","['procurar', 'sempre', 'produto', 'disponível', 'cliente']",procurando sempre produtos disponíveis cliente,procurar sempre produto disponível cliente,promotor
2024,L5235-LOUVEIRA,abr,14,2024-04-03,"Fazendo ofertas em dias específicos,ex segunda aves ,terça peixe, quarta bovina ,etc...;Assim teremos um norte para poder fazer nossas compras semanais.",promotor,1,"['Fazendo', 'ofertas', 'em', 'dias', 'específicos', ',', 'ex', 'segunda', 'aves', ',', 'terça', 'peixe', ',', 'quarta', 'bovina', ',', 'etc', '...', ';', 'Assim', 'teremos', 'um', 'norte', 'para', 'poder', 'fazer', 'nossas', 'compras', 'semanais', '.']","['fazendo', 'ofertas', 'dias', 'específicos', 'ex', 'segunda', 'aves', 'terça', 'peixe', 'quarta', 'bovina', 'etc', 'assim', 'norte', 'poder', 'fazer', 'compras', 'semanais']","['fazer', 'oferta', 'dia', 'específico', 'ex', 'segundo', 'ave', 'terça', 'peixe', 'quarto', 'bovina', 'etc', 'assim', 'norte', 'poder', 'fazer', 'compra', 'semanal']",fazendo ofertas dias específicos ex segunda aves terça peixe quarta bovina etc assim norte poder fazer compras semanais,fazer oferta dia específico ex segundo ave terça peixe quarto bovina etc assim norte poder fazer compra semanal,promotor
2024,L5235-LOUVEIRA,abr,14,2024-04-04,Para mim está ótimo assim,promotor,1,"['Para', 'mim', 'está', 'ótimo', 'assim']","['mim', 'ótimo', 'assim']","['eu', 'bom', 'assim']",mim ótimo assim,eu bom assim,promotor
2024,L5235-LOUVEIRA,abr,15,2024-04-08,"Em Louveira está tudo muito bom , parabéns.",promotor,1,"['Em', 'Louveira', 'está', 'tudo', 'muito', 'bom', ',', 'parabéns', '.']","['louveira', 'tudo', 'bom', 'parabéns']","['louveira', 'tudo', 'bom', 'parabéns']",louveira tudo bom parabéns,louveira tudo bom parabéns,promotor
2024,L5235-LOUVEIRA,abr,15,2024-04-09,Achei que as carnes estariam resfriadas e não congelada para fazer na hora,neutro,0,"['Achei', 'que', 'as', 'carnes', 'estariam', 'resfriadas', 'e', 'não', 'congelada', 'para', 'fazer', 'na', 'hora']","['achei', 'carnes', 'estariam', 'resfriadas', 'não', 'congelada', 'fazer', 'hora']","['achar', 'carne', 'estar', 'resfriar', 'não', 'congelar', 'fazer', 'hora']",achei carnes estariam resfriadas não congelada fazer hora,achar carne estar resfriar não congelar fazer hora,neutro
2024,L5235-LOUVEIRA,abr,15,2024-04-11,"Pra mim foi tdo perfeito, excelente qualidade e atendimento",promotor,1,"['Pra', 'mim', 'foi', 'tdo', 'perfeito', ',', 'excelente', 'qualidade', 'e', 'atendimento']","['pra', 'mim', 'tdo', 'perfeito', 'excelente', 'qualidade', 'atendimento']","['pra', 'eu', 'tdo', 'perfeito', 'excelente', 'qualidade', 'atendimento']",pra mim tdo perfeito excelente qualidade atendimento,pra eu tdo perfeito excelente qualidade atendimento,promotor
2024,L5235-LOUVEIRA,abr,16,2024-04-16,"Atendimento muito bom, loja muito organizada.",promotor,1,"['Atendimento', 'muito', 'bom', ',', 'loja', 'muito', 'organizada', '.']","['atendimento', 'bom', 'loja', 'organizada']","['atendimento', 'bom', 'loja', 'organizar']",atendimento bom loja organizada,atendimento bom loja organizar,promotor
2024,L5235-LOUVEIRA,abr,16,2024-04-16,a qualidade caiu demais....ja comprei produtos que joguei no lixo,detrator,-1,"['a', 'qualidade', 'caiu', 'demais', '....', 'ja', 'comprei', 'produtos', 'que', 'joguei', 'no', 'lixo']","['qualidade', 'caiu', 'demais', 'ja', 'comprei', 'produtos', 'joguei', 'lixo']","['qualidade', 'cair', 'demais', 'ja', 'comprei', 'produto', 'joguei', 'lixo']",qualidade caiu demais ja comprei produtos joguei lixo,qualidade cair demais ja comprei produto joguei lixo,detrator
2024,L5235-LOUVEIRA,abr,16,2024-04-18,A equipe Swift Louveira está de parabéns pela ótima organização da loja e um incrível atendimento a Swift pode melhorar evitando de trocar os produtos de lugar isso confunde demais no ato da compra fico atrapalhada .,promotor,1,"['A', 'equipe', 'Swift', 'Louveira', 'está', 'de', 'parabéns', 'pela', 'ótima', 'organização', 'da', 'loja', 'e', 'um', 'incrível', 'atendimento', 'a', 'Swift', 'pode', 'melhorar', 'evitando', 'de', 'trocar', 'os', 'produtos', 'de', 'lugar', 'isso', 'confunde', 'demais', 'no', 'ato', 'da', 'compra', 'fico', 'atrapalhada', '.']","['equipe', 'swift', 'louveira', 'parabéns', 'ótima', 'organização', 'loja', 'incrível', 'atendimento', 'swift', 'pode', 'melhorar', 'evitando', 'trocar', 'produtos', 'lugar', 'confunde', 'demais', 'ato', 'compra', 'fico', 'atrapalhada']","['equipe', 'swift', 'louveira', 'parabéns', 'ótima', 'organização', 'lojar', 'incrível', 'atendimento', 'swift', 'poder', 'melhorar', 'evitar', 'trocar', 'produto', 'lugar', 'confunder', 'demais', 'ato', 'compra', 'fico', 'atrapalhar']",equipe swift louveira parabéns ótima organização loja incrível atendimento swift pode melhorar evitando trocar produtos lugar confunde demais ato compra fico atrapalhada,equipe swift louveira parabéns ótima organização lojar incrível atendimento swift poder melhorar evitar trocar produto lugar confunder demais ato compra fico atrapalhar,promotor
2024,L5235-LOUVEIRA,abr,16,2024-04-18,Fui muito bem atendida e tinha o que eu precisava!,promotor,1,"['Fui', 'muito', 'bem', 'atendida', 'e', 'tinha', 'o', 'que', 'eu', 'precisava', '!']","['bem', 'atendida', 'precisava']","['bem', 'atender', 'precisar']",bem atendida precisava,bem atender precisar,promotor
2024,L5235-LOUVEIRA,abr,16,2024-04-18,Nao tenho opinião sobre esse assunto,promotor,1,"['Nao', 'tenho', 'opinião', 'sobre', 'esse', 'assunto']","['nao', 'opinião', 'sobre', 'assunto']","['nao', 'opinião', 'sobre', 'assunto']",nao opinião sobre assunto,nao opinião sobre assunto,promotor
2024,L5235-LOUVEIRA,abr,16,2024-04-19,"Acho boa, só não sei se é vdd que tem uma substância na carne que não é bom pra saúde, mas que se deixar escrito nas embalagens, é permitido.Isso é real?",promotor,1,"['Acho', 'boa', ',', 'só', 'não', 'sei', 'se', 'é', 'vdd', 'que', 'tem', 'uma', 'substância', 'na', 'carne', 'que', 'não', 'é', 'bom', 'pra', 'saúde', ',', 'mas', 'que', 'se', 'deixar', 'escrito', 'nas', 'embalagens', ',', 'é', 'permitido.Isso', 'é', 'real', '?']","['acho', 'boa', 'não', 'sei', 'vdd', 'substância', 'carne', 'não', 'bom', 'pra', 'saúde', 'deixar', 'escrito', 'embalagens', 'permitidoisso', 'real']","['achar', 'boa', 'não', 'saber', 'vdd', 'substância', 'carner', 'não', 'bom', 'pra', 'saúde', 'deixar', 'escazrr', 'embalagem', 'permitidoisso', 'real']",acho boa não sei vdd substância carne não bom pra saúde deixar escrito embalagens permitidoisso real,achar boa não saber vdd substância carner não bom pra saúde deixar escazrr embalagem permitidoisso real,promotor
2024,L5235-LOUVEIRA,abr,16,2024-04-19,"Até o momento, a Swift de Louveira tem me atendido muito bem. Os produtos são ótimos e o atendimento na loja é muito personalizado. Parabéns para a Swift.",promotor,1,"['Até', 'o', 'momento', ',', 'a', 'Swift', 'de', 'Louveira', 'tem', 'me', 'atendido', 'muito', 'bem', '.', 'Os', 'produtos', 'são', 'ótimos', 'e', 'o', 'atendimento', 'na', 'loja', 'é', 'muito', 'personalizado', '.', 'Parabéns', 'para', 'a', 'Swift', '.']","['momento', 'swift', 'louveira', 'atendido', 'bem', 'produtos', 'ótimos', 'atendimento', 'loja', 'personalizado', 'parabéns', 'swift']","['momento', 'swift', 'louveira', 'atender', 'bem', 'produto', 'ótimos', 'atendimento', 'lojar', 'personalizar', 'parabéns', 'swift']",momento swift louveira atendido bem produtos ótimos atendimento loja personalizado parabéns swift,momento swift louveira atender bem produto ótimos atendimento lojar personalizar parabéns swift,promotor
2024,L5235-LOUVEIRA,abr,16,2024-04-19,"Gosto muito dessa loja , produtos super práticos e de qualidade, atendimento ótimo",promotor,1,"['Gosto', 'muito', 'dessa', 'loja', ',', 'produtos', 'super', 'práticos', 'e', 'de', 'qualidade', ',', 'atendimento', 'ótimo']","['gosto', 'dessa', 'loja', 'produtos', 'super', 'práticos', 'qualidade', 'atendimento', 'ótimo']","['gostar', 'deesse', 'loja', 'produto', 'super', 'prático', 'qualidade', 'atendimento', 'ótimo']",gosto dessa loja produtos super práticos qualidade atendimento ótimo,gostar deesse loja produto super prático qualidade atendimento ótimo,promotor
2024,L5235-LOUVEIRA,abr,16,2024-04-19,"Loja organizada, e atendimento muito bom. Nada a melhorar. Ótima qualidade",promotor,1,"['Loja', 'organizada', ',', 'e', 'atendimento', 'muito', 'bom', '.', 'Nada', 'a', 'melhorar', '.', 'Ótima', 'qualidade']","['loja', 'organizada', 'atendimento', 'bom', 'nada', 'melhorar', 'ótima', 'qualidade']","['loja', 'organizar', 'atendimento', 'bom', 'nada', 'melhorar', 'ótimo', 'qualidade']",loja organizada atendimento bom nada melhorar ótima qualidade,loja organizar atendimento bom nada melhorar ótimo qualidade,promotor
2024,L5235-LOUVEIRA,abr,16,2024-04-19,"Para mim, o app, pois estava montando um carrinho e de repente todos os produtos apareciam como não disponíveis.",promotor,1,"['Para', 'mim', ',', 'o', 'app', ',', 'pois', 'estava', 'montando', 'um', 'carrinho', 'e', 'de', 'repente', 'todos', 'os', 'produtos', 'apareciam', 'como', 'não', 'disponíveis', '.']","['mim', 'app', 'pois', 'montando', 'carrinho', 'repente', 'todos', 'produtos', 'apareciam', 'não', 'disponíveis']","['eu', 'app', 'pois', 'montar', 'carrinho', 'repente', 'todo', 'produto', 'aparecer', 'não', 'disponível']",mim app pois montando carrinho repente todos produtos apareciam não disponíveis,eu app pois montar carrinho repente todo produto aparecer não disponível,promotor
2024,L5235-LOUVEIRA,abr,16,2024-04-19,Preço baixo;Excelente atendimento ;Funcionario atenciosos e educado.;10,promotor,1,"['Preço', 'baixo', ';', 'Excelente', 'atendimento', ';', 'Funcionario', 'atenciosos', 'e', 'educado', '.', ';', '10']","['preço', 'baixo', 'excelente', 'atendimento', 'funcionario', 'atenciosos', 'educado']","['preço', 'baixo', 'excelente', 'atendimento', 'funcionario', 'atencioso', 'educar']",preço baixo excelente atendimento funcionario atenciosos educado,preço baixo excelente atendimento funcionario atencioso educar,promotor
2024,L5235-LOUVEIRA,abr,16,2024-04-19,preços menores seria muito interessante,promotor,1,"['preços', 'menores', 'seria', 'muito', 'interessante']","['preços', 'menores', 'interessante']","['preço', 'pequeno', 'interessante']",preços menores interessante,preço pequeno interessante,promotor
2024,L5235-LOUVEIRA,abr,16,2024-04-19,"Promoção de carnes ,aves, suíno especificando o dia da semana na promoção.",promotor,1,"['Promoção', 'de', 'carnes', ',', 'aves', ',', 'suíno', 'especificando', 'o', 'dia', 'da', 'semana', 'na', 'promoção', '.']","['promoção', 'carnes', 'aves', 'suíno', 'especificando', 'dia', 'semana', 'promoção']","['promoção', 'carne', 'ave', 'suíno', 'especificar', 'dia', 'semano', 'promoção']",promoção carnes aves suíno especificando dia semana promoção,promoção carne ave suíno especificar dia semano promoção,promotor
2024,L5235-LOUVEIRA,abr,16,2024-04-19,Somente enviar por watszap ou email promocoes e criar cupom de descontos por CPF,promotor,1,"['Somente', 'enviar', 'por', 'watszap', 'ou', 'email', 'promocoes', 'e', 'criar', 'cupom', 'de', 'descontos', 'por', 'CPF']","['somente', 'enviar', 'watszap', 'email', 'promocoes', 'criar', 'cupom', 'descontos', 'cpf']","['somente', 'enviar', 'watszap', 'email', 'promocoes', 'criar', 'cupom', 'desconto', 'cpf']",somente enviar watszap email promocoes criar cupom descontos cpf,somente enviar watszap email promocoes criar cupom desconto cpf,promotor
2024,L5235-LOUVEIRA,abr,16,2024-04-20,Ter melhores preços,promotor,1,"['Ter', 'melhores', 'preços']","['melhores', 'preços']","['bom', 'preço']",melhores preços,bom preço,promotor
2024,L5235-LOUVEIRA,abr,17,2024-04-23,Equipe Boa ;Bom atendimento,promotor,1,"['Equipe', 'Boa', ';', 'Bom', 'atendimento']","['equipe', 'boa', 'bom', 'atendimento']","['equipe', 'bom', 'bom', 'atendimento']",equipe boa bom atendimento,equipe bom bom atendimento,promotor
2024,L5235-LOUVEIRA,abr,17,2024-04-26,Com mais variedade e opções na parte do pescado,promotor,1,"['Com', 'mais', 'variedade', 'e', 'opções', 'na', 'parte', 'do', 'pescado']","['variedade', 'opções', 'parte', 'pescado']","['variedade', 'opção', 'parte', 'pescar']",variedade opções parte pescado,variedade opção parte pescar,promotor
2024,L5235-LOUVEIRA,abr,17,2024-04-26,Parcelamento sa compra,promotor,1,"['Parcelamento', 'sa', 'compra']","['parcelamento', 'sa', 'compra']","['parcelamento', 'sa', 'compra']",parcelamento sa compra,parcelamento sa compra,promotor
2024,L5235-LOUVEIRA,abr,17,2024-04-26,Tá ótimo,promotor,1,"['Tá', 'ótimo']","['tá', 'ótimo']","['tá', 'bom']",tá ótimo,tá bom,promotor
2024,L5235-LOUVEIRA,abr,17,2024-04-26,"Comprei as tiras de frango e vieram muito duras, fibrosa. Nunca veio desse jeito.",detrator,-1,"['Comprei', 'as', 'tiras', 'de', 'frango', 'e', 'vieram', 'muito', 'duras', ',', 'fibrosa', '.', 'Nunca', 'veio', 'desse', 'jeito', '.']","['comprei', 'tiras', 'frango', 'vieram', 'duras', 'fibrosa', 'nunca', 'veio', 'desse', 'jeito']","['comprei', 'tira', 'frango', 'vier', 'duro', 'fibroso', 'nunca', 'vir', 'deesse', 'jeito']",comprei tiras frango vieram duras fibrosa nunca veio desse jeito,comprei tira frango vier duro fibroso nunca vir deesse jeito,detrator
2024,L5235-LOUVEIRA,abr,17,2024-04-27,olá.....é só continuar como está..............maravilhoso.......ok,promotor,1,"['olá', '.....', 'é', 'só', 'continuar', 'como', 'está', '..............', 'maravilhoso', '.......', 'ok']","['olá', 'continuar', 'maravilhoso', 'ok']","['olá', 'continuar', 'maravilhoso', 'ok']",olá continuar maravilhoso ok,olá continuar maravilhoso ok,promotor
2024,L5235-LOUVEIRA,abr,17,2024-04-27,Produtos mais saudáveis,promotor,1,"['Produtos', 'mais', 'saudáveis']","['produtos', 'saudáveis']","['produto', 'saudável']",produtos saudáveis,produto saudável,promotor
2024,L5235-LOUVEIRA,abr,18,2024-04-29,"Liberar Delivery, pois em minha cidade ainda não tem.",promotor,1,"['Liberar', 'Delivery', ',', 'pois', 'em', 'minha', 'cidade', 'ainda', 'não', 'tem', '.']","['liberar', 'delivery', 'pois', 'cidade', 'ainda', 'não']","['liberar', 'delivery', 'pois', 'cidade', 'ainda', 'não']",liberar delivery pois cidade ainda não,liberar delivery pois cidade ainda não,promotor
2024,L5235-LOUVEIRA,abr,18,2024-04-29,"Loja muito organizada, atendimento ótimo.",promotor,1,"['Loja', 'muito', 'organizada', ',', 'atendimento', 'ótimo', '.']","['loja', 'organizada', 'atendimento', 'ótimo']","['loja', 'organizar', 'atendimento', 'ótimo']",loja organizada atendimento ótimo,loja organizar atendimento ótimo,promotor
2024,L5235-LOUVEIRA,abr,18,2024-04-29,"Tenho visitado as lojas da Swift pontualmente para consumir peixes e aves, a carne caiu a qualidade para o meu gosto e os preços estão pouco competitivos em relação a outros locais com qualidade superior.",promotor,1,"['Tenho', 'visitado', 'as', 'lojas', 'da', 'Swift', 'pontualmente', 'para', 'consumir', 'peixes', 'e', 'aves', ',', 'a', 'carne', 'caiu', 'a', 'qualidade', 'para', 'o', 'meu', 'gosto', 'e', 'os', 'preços', 'estão', 'pouco', 'competitivos', 'em', 'relação', 'a', 'outros', 'locais', 'com', 'qualidade', 'superior', '.']","['visitado', 'lojas', 'swift', 'pontualmente', 'consumir', 'peixes', 'aves', 'carne', 'caiu', 'qualidade', 'gosto', 'preços', 'pouco', 'competitivos', 'relação', 'outros', 'locais', 'qualidade', 'superior']","['visitar', 'loja', 'swift', 'pontualmente', 'consumir', 'peixe', 'ave', 'carne', 'cair', 'qualidade', 'gostir', 'preço', 'pouco', 'competitivo', 'relação', 'outro', 'local', 'qualidade', 'alto']",visitado lojas swift pontualmente consumir peixes aves carne caiu qualidade gosto preços pouco competitivos relação outros locais qualidade superior,visitar loja swift pontualmente consumir peixe ave carne cair qualidade gostir preço pouco competitivo relação outro local qualidade alto,promotor
2024,L5235-LOUVEIRA,abr,18,2024-04-30,qualidade e preço fazem sempre a diferença.,promotor,1,"['qualidade', 'e', 'preço', 'fazem', 'sempre', 'a', 'diferença', '.']","['qualidade', 'preço', 'fazem', 'sempre', 'diferença']","['qualidade', 'preço', 'fazer', 'sempre', 'diferença']",qualidade preço fazem sempre diferença,qualidade preço fazer sempre diferença,promotor
2024,L5235-LOUVEIRA,mai,18,2024-05-02,Realizando cada vez mais promoções.,promotor,1,"['Realizando', 'cada', 'vez', 'mais', 'promoções', '.']","['realizando', 'cada', 'vez', 'promoções']","['realizar', 'cada', 'vez', 'promoção']",realizando cada vez promoções,realizar cada vez promoção,promotor
2024,L5235-LOUVEIRA,mai,18,2024-05-02,Não sei,neutro,0,"['Não', 'sei']","['não', 'sei']","['não', 'saber']",não sei,não saber,neutro
2024,L5235-LOUVEIRA,mai,18,2024-05-03,"Está ótima como está. Carnes excelentes, os temperados são maravilhosos, preço justo e atendimento nota 1000.",promotor,1,"['Está', 'ótima', 'como', 'está', '.', 'Carnes', 'excelentes', ',', 'os', 'temperados', 'são', 'maravilhosos', ',', 'preço', 'justo', 'e', 'atendimento', 'nota', '1000', '.']","['ótima', 'carnes', 'excelentes', 'temperados', 'maravilhosos', 'preço', 'justo', 'atendimento', 'nota']","['ótima', 'carne', 'excelente', 'temperado', 'maravilhoso', 'preço', 'justo', 'atendimento', 'notar']",ótima carnes excelentes temperados maravilhosos preço justo atendimento nota,ótima carne excelente temperado maravilhoso preço justo atendimento notar,promotor
2024,L5235-LOUVEIRA,mai,19,2024-05-06,A atenção da Paola e a melhor.,promotor,1,"['A', 'atenção', 'da', 'Paola', 'e', 'a', 'melhor', '.']","['atenção', 'paola', 'melhor']","['atenção', 'paol', 'bom']",atenção paola melhor,atenção paol bom,promotor
2024,L5235-LOUVEIRA,mai,19,2024-05-06,"atendimento excelente, as meninas são muito simpáticas.",promotor,1,"['atendimento', 'excelente', ',', 'as', 'meninas', 'são', 'muito', 'simpáticas', '.']","['atendimento', 'excelente', 'meninas', 'simpáticas']","['atendimento', 'excelente', 'menina', 'simpático']",atendimento excelente meninas simpáticas,atendimento excelente menina simpático,promotor
2024,L5235-LOUVEIRA,mai,19,2024-05-06,Fazendo mais promoções,promotor,1,"['Fazendo', 'mais', 'promoções']","['fazendo', 'promoções']","['fazer', 'promoção']",fazendo promoções,fazer promoção,promotor
2024,L5235-LOUVEIRA,mai,19,2024-05-06,Introduzir o corte do joelho de porco (Einsbein),promotor,1,"['Introduzir', 'o', 'corte', 'do', 'joelho', 'de', 'porco', '(', 'Einsbein', ')']","['introduzir', 'corte', 'joelho', 'porco', 'einsbein']","['introduzir', 'corte', 'joelho', 'porco', 'einsbein']",introduzir corte joelho porco einsbein,introduzir corte joelho porco einsbein,promotor
2024,L5235-LOUVEIRA,mai,19,2024-05-06,loja muito arrumada e atendimento muito bom.,promotor,1,"['loja', 'muito', 'arrumada', 'e', 'atendimento', 'muito', 'bom', '.']","['loja', 'arrumada', 'atendimento', 'bom']","['loja', 'arrumar', 'atendimento', 'bom']",loja arrumada atendimento bom,loja arrumar atendimento bom,promotor
2024,L5235-LOUVEIRA,mai,19,2024-05-06,"Loja muito organizada, atendimento excelente das meninas.",promotor,1,"['Loja', 'muito', 'organizada', ',', 'atendimento', 'excelente', 'das', 'meninas', '.']","['loja', 'organizada', 'atendimento', 'excelente', 'meninas']","['loja', 'organizar', 'atendimento', 'excelente', 'meninas']",loja organizada atendimento excelente meninas,loja organizar atendimento excelente meninas,promotor
2024,L5235-LOUVEIRA,mai,19,2024-05-06,"Ótimo atendimento, loja limpa, organizada e colaboradores engajados. Parabéns AHM",promotor,1,"['Ótimo', 'atendimento', ',', 'loja', 'limpa', ',', 'organizada', 'e', 'colaboradores', 'engajados', '.', 'Parabéns', 'AHM']","['ótimo', 'atendimento', 'loja', 'limpa', 'organizada', 'colaboradores', 'engajados', 'parabéns', 'ahm']","['bom', 'atendimento', 'lojar', 'limpa', 'organizar', 'colaborador', 'engajados', 'parabéns', 'ahm']",ótimo atendimento loja limpa organizada colaboradores engajados parabéns ahm,bom atendimento lojar limpa organizar colaborador engajados parabéns ahm,promotor
2024,L5235-LOUVEIRA,mai,19,2024-05-08,"Loja Swift Louveira está de parabéns pela organização,  criatividade , bom atendimento e sempre com promoções acessíveis para seus clientes .",promotor,1,"['Loja', 'Swift', 'Louveira', 'está', 'de', 'parabéns', 'pela', 'organização', ',', 'criatividade', ',', 'bom', 'atendimento', 'e', 'sempre', 'com', 'promoções', 'acessíveis', 'para', 'seus', 'clientes', '.']","['loja', 'swift', 'louveira', 'parabéns', 'organização', 'criatividade', 'bom', 'atendimento', 'sempre', 'promoções', 'acessíveis', 'clientes']","['loja', 'swift', 'louveira', 'parabéns', 'organização', 'criatividade', 'bom', 'atendimento', 'sempre', 'promoção', 'acessível', 'cliente']",loja swift louveira parabéns organização criatividade bom atendimento sempre promoções acessíveis clientes,loja swift louveira parabéns organização criatividade bom atendimento sempre promoção acessível cliente,promotor
2024,L5235-LOUVEIRA,mai,20,2024-05-14,Carnes frescas,promotor,1,"['Carnes', 'frescas']","['carnes', 'frescas']","['carne', 'fresco']",carnes frescas,carne fresco,promotor
2024,L5235-LOUVEIRA,mai,20,2024-05-15,"Loja muito organizada, produtos de qualidade é atendimento maravilhoso.",promotor,1,"['Loja', 'muito', 'organizada', ',', 'produtos', 'de', 'qualidade', 'é', 'atendimento', 'maravilhoso', '.']","['loja', 'organizada', 'produtos', 'qualidade', 'atendimento', 'maravilhoso']","['loja', 'organizar', 'produto', 'qualidade', 'atendimento', 'maravilhoso']",loja organizada produtos qualidade atendimento maravilhoso,loja organizar produto qualidade atendimento maravilhoso,promotor
2024,L5235-LOUVEIRA,mai,20,2024-05-15,Pra mim tá ótimo,promotor,1,"['Pra', 'mim', 'tá', 'ótimo']","['pra', 'mim', 'tá', 'ótimo']","['pra', 'eu', 'tá', 'bom']",pra mim tá ótimo,pra eu tá bom,promotor
2024,L5235-LOUVEIRA,mai,21,2024-05-20,"Sempre encontro tudo o que preciso na loja de Louveira, fora a limpeza e organização da loja. O atendimento das meninas é muito bom. Sempre sorridentes e simpáticas.;",promotor,1,"['Sempre', 'encontro', 'tudo', 'o', 'que', 'preciso', 'na', 'loja', 'de', 'Louveira', ',', 'fora', 'a', 'limpeza', 'e', 'organização', 'da', 'loja', '.', 'O', 'atendimento', 'das', 'meninas', 'é', 'muito', 'bom', '.', 'Sempre', 'sorridentes', 'e', 'simpáticas', '.', ';']","['sempre', 'encontro', 'tudo', 'preciso', 'loja', 'louveira', 'limpeza', 'organização', 'loja', 'atendimento', 'meninas', 'bom', 'sempre', 'sorridentes', 'simpáticas']","['sempre', 'encontro', 'tudo', 'preciso', 'loja', 'louveira', 'limpeza', 'organização', 'lojar', 'atendimento', 'meninas', 'bom', 'sempre', 'sorridente', 'simpático']",sempre encontro tudo preciso loja louveira limpeza organização loja atendimento meninas bom sempre sorridentes simpáticas,sempre encontro tudo preciso loja louveira limpeza organização lojar atendimento meninas bom sempre sorridente simpático,promotor
2024,L5235-LOUVEIRA,mai,21,2024-05-26,Expadindo lojas pelo Brasil inteiro .,promotor,1,"['Expadindo', 'lojas', 'pelo', 'Brasil', 'inteiro', '.']","['expadindo', 'lojas', 'brasil', 'inteiro']","['expadir', 'loja', 'brasil', 'inteiro']",expadindo lojas brasil inteiro,expadir loja brasil inteiro,promotor
2024,L5235-LOUVEIRA,mai,22,2024-05-27,Adoro o Swift…,promotor,1,"['Adoro', 'o', 'Swift…']","['adoro', 'swift']","['adorar', 'swift']",adoro swift,adorar swift,promotor
2024,L5235-LOUVEIRA,mai,22,2024-05-27,Já é a segunda vez que vou na loja e não encontro a picanha Austráliana.;Conversei com atendente ela me informou que as lojas do interior de SP nenhuma loja está recebendo mais o produto. Pode ser que encontre na Capital.,neutro,0,"['Já', 'é', 'a', 'segunda', 'vez', 'que', 'vou', 'na', 'loja', 'e', 'não', 'encontro', 'a', 'picanha', 'Austráliana', '.', ';', 'Conversei', 'com', 'atendente', 'ela', 'me', 'informou', 'que', 'as', 'lojas', 'do', 'interior', 'de', 'SP', 'nenhuma', 'loja', 'está', 'recebendo', 'mais', 'o', 'produto', '.', 'Pode', 'ser', 'que', 'encontre', 'na', 'Capital', '.']","['segunda', 'vez', 'vou', 'loja', 'não', 'encontro', 'picanha', 'austráliana', 'conversei', 'atendente', 'informou', 'lojas', 'interior', 'sp', 'nenhuma', 'loja', 'recebendo', 'produto', 'pode', 'encontre', 'capital']","['segundo', 'vez', 'ir', 'loja', 'não', 'encontro', 'picanhar', 'austráliano', 'conversar', 'atendente', 'informar', 'loja', 'interior', 'sp', 'nenhum', 'loja', 'receber', 'produto', 'poder', 'encontre', 'capital']",segunda vez vou loja não encontro picanha austráliana conversei atendente informou lojas interior sp nenhuma loja recebendo produto pode encontre capital,segundo vez ir loja não encontro picanhar austráliano conversar atendente informar loja interior sp nenhum loja receber produto poder encontre capital,neutro
2024,L5235-LOUVEIRA,mai,22,2024-05-30,Para mim está tudo perfeito .,promotor,1,"['Para', 'mim', 'está', 'tudo', 'perfeito', '.']","['mim', 'tudo', 'perfeito']","['eu', 'tudo', 'perfeito']",mim tudo perfeito,eu tudo perfeito,promotor
2024,L5235-LOUVEIRA,mai,22,2024-05-31,A Swift poderia lançar algo como cash back ou premiacao por pontos para que é cliente habitual...para descontos e determinados itens ou utilizar nas proximas compras.,promotor,1,"['A', 'Swift', 'poderia', 'lançar', 'algo', 'como', 'cash', 'back', 'ou', 'premiacao', 'por', 'pontos', 'para', 'que', 'é', 'cliente', 'habitual', '...', 'para', 'descontos', 'e', 'determinados', 'itens', 'ou', 'utilizar', 'nas', 'proximas', 'compras', '.']","['swift', 'poderia', 'lançar', 'algo', 'cash', 'back', 'premiacao', 'pontos', 'cliente', 'habitual', 'descontos', 'determinados', 'itens', 'utilizar', 'proximas', 'compras']","['swift', 'poder', 'lançar', 'algo', 'cash', 'backr', 'premiacao', 'ponto', 'cliente', 'habitual', 'desconto', 'determinar', 'item', 'utilizar', 'proxima', 'compra']",swift poderia lançar algo cash back premiacao pontos cliente habitual descontos determinados itens utilizar proximas compras,swift poder lançar algo cash backr premiacao ponto cliente habitual desconto determinar item utilizar proxima compra,promotor
2024,L5235-LOUVEIRA,mai,22,2024-05-31,Fazendo degustação dos produtos.,promotor,1,"['Fazendo', 'degustação', 'dos', 'produtos', '.']","['fazendo', 'degustação', 'produtos']","['fazer', 'degustação', 'produto']",fazendo degustação produtos,fazer degustação produto,promotor
2024,L5235-LOUVEIRA,mai,22,2024-05-31,"Poderia melhorar o preço, pra não ficar igual ao concorrente.",promotor,1,"['Poderia', 'melhorar', 'o', 'preço', ',', 'pra', 'não', 'ficar', 'igual', 'ao', 'concorrente', '.']","['poderia', 'melhorar', 'preço', 'pra', 'não', 'ficar', 'igual', 'concorrente']","['poder', 'melhorar', 'preço', 'pra', 'não', 'ficar', 'igual', 'concorrente']",poderia melhorar preço pra não ficar igual concorrente,poder melhorar preço pra não ficar igual concorrente,promotor
2024,L5235-LOUVEIRA,jun,22,2024-06-01,ATENDENTE MUITO PRESTATIVA (SRTA. PAOLA),promotor,1,"['ATENDENTE', 'MUITO', 'PRESTATIVA', '(', 'SRTA', '.', 'PAOLA', ')']","['atendente', 'prestativa', 'srta', 'paola']","['atendente', 'prestativo', 'srta', 'paola']",atendente prestativa srta paola,atendente prestativo srta paola,promotor
2024,L5235-LOUVEIRA,jun,23,2024-06-03,Estão fazendo um bom trabalho.,promotor,1,"['Estão', 'fazendo', 'um', 'bom', 'trabalho', '.']","['fazendo', 'bom', 'trabalho']","['fazer', 'bom', 'trabalho']",fazendo bom trabalho,fazer bom trabalho,promotor
2024,L5235-LOUVEIRA,jun,23,2024-06-03,Melhorar preços. Estamos comprando em outras casas de carne. A Swift não dá um desconto se quer para seus clientes. Inaceitável….,detrator,-1,"['Melhorar', 'preços', '.', 'Estamos', 'comprando', 'em', 'outras', 'casas', 'de', 'carne', '.', 'A', 'Swift', 'não', 'dá', 'um', 'desconto', 'se', 'quer', 'para', 'seus', 'clientes', '.', 'Inaceitável…', '.']","['melhorar', 'preços', 'comprando', 'outras', 'casas', 'carne', 'swift', 'não', 'dá', 'desconto', 'quer', 'clientes', 'inaceitável']","['melhorar', 'preço', 'comprar', 'outro', 'casa', 'carne', 'swift', 'não', 'dar', 'desconto', 'querer', 'cliente', 'inaceitável']",melhorar preços comprando outras casas carne swift não dá desconto quer clientes inaceitável,melhorar preço comprar outro casa carne swift não dar desconto querer cliente inaceitável,detrator
2024,L5235-LOUVEIRA,jun,23,2024-06-06,Adorei o atendimento das meninas. Loja muito limpa.,promotor,1,"['Adorei', 'o', 'atendimento', 'das', 'meninas', '.', 'Loja', 'muito', 'limpa', '.']","['adorei', 'atendimento', 'meninas', 'loja', 'limpa']","['adorar', 'atendimento', 'meninas', 'loja', 'limpo']",adorei atendimento meninas loja limpa,adorar atendimento meninas loja limpo,promotor
2024,L5235-LOUVEIRA,jun,23,2024-06-06,Informar explicitamente quais são os produtos livres de glúten e leite.,promotor,1,"['Informar', 'explicitamente', 'quais', 'são', 'os', 'produtos', 'livres', 'de', 'glúten', 'e', 'leite', '.']","['informar', 'explicitamente', 'quais', 'produtos', 'livres', 'glúten', 'leite']","['informar', 'explicitamente', 'qual', 'produto', 'livre', 'glúten', 'leite']",informar explicitamente quais produtos livres glúten leite,informar explicitamente qual produto livre glúten leite,promotor
2024,L5235-LOUVEIRA,jun,23,2024-06-06,Loja com ótimo atendimento e organização. Ótimos produtos e qualidade.,promotor,1,"['Loja', 'com', 'ótimo', 'atendimento', 'e', 'organização', '.', 'Ótimos', 'produtos', 'e', 'qualidade', '.']","['loja', 'ótimo', 'atendimento', 'organização', 'ótimos', 'produtos', 'qualidade']","['loja', 'bom', 'atendimento', 'organização', 'ótimos', 'produto', 'qualidade']",loja ótimo atendimento organização ótimos produtos qualidade,loja bom atendimento organização ótimos produto qualidade,promotor
2024,L5235-LOUVEIRA,jun,23,2024-06-08,"Atendimento muito bom, meninas muito atenciosas.",promotor,1,"['Atendimento', 'muito', 'bom', ',', 'meninas', 'muito', 'atenciosas', '.']","['atendimento', 'bom', 'meninas', 'atenciosas']","['atendimento', 'bom', 'menina', 'atenciosa']",atendimento bom meninas atenciosas,atendimento bom menina atenciosa,promotor
2024,L5235-LOUVEIRA,jun,24,2024-06-10,A melhor atenção da Paola sempre!,promotor,1,"['A', 'melhor', 'atenção', 'da', 'Paola', 'sempre', '!']","['melhor', 'atenção', 'paola', 'sempre']","['bom', 'atenção', 'paol', 'sempre']",melhor atenção paola sempre,bom atenção paol sempre,promotor
2024,L5235-LOUVEIRA,jun,24,2024-06-10,Mais opções de peixe,promotor,1,"['Mais', 'opções', 'de', 'peixe']","['opções', 'peixe']","['opção', 'peixe']",opções peixe,opção peixe,promotor
2024,L5235-LOUVEIRA,jun,24,2024-06-11,Atendentes muito simpáticas e loja muito organizada,promotor,1,"['Atendentes', 'muito', 'simpáticas', 'e', 'loja', 'muito', 'organizada']","['atendentes', 'simpáticas', 'loja', 'organizada']","['atendente', 'simpático', 'loja', 'organizar']",atendentes simpáticas loja organizada,atendente simpático loja organizar,promotor
2024,L5235-LOUVEIRA,jun,24,2024-06-11,O melhor atendimento sempre,promotor,1,"['O', 'melhor', 'atendimento', 'sempre']","['melhor', 'atendimento', 'sempre']","['bom', 'atendimento', 'sempre']",melhor atendimento sempre,bom atendimento sempre,promotor
2024,L5235-LOUVEIRA,jun,24,2024-06-11,"Nunca encontro um corte simples e muito apreciado, joelho de porco, corte para Einbein. ;Prato típico Alemão, muito querido no Brasil, principalmente Sul e Sudeste",neutro,0,"['Nunca', 'encontro', 'um', 'corte', 'simples', 'e', 'muito', 'apreciado', ',', 'joelho', 'de', 'porco', ',', 'corte', 'para', 'Einbein', '.', ';', 'Prato', 'típico', 'Alemão', ',', 'muito', 'querido', 'no', 'Brasil', ',', 'principalmente', 'Sul', 'e', 'Sudeste']","['nunca', 'encontro', 'corte', 'simples', 'apreciado', 'joelho', 'porco', 'corte', 'einbein', 'prato', 'típico', 'alemão', 'querido', 'brasil', 'principalmente', 'sul', 'sudeste']","['nunca', 'encontrer', 'corte', 'simples', 'apreciado', 'joelho', 'porco', 'corte', 'einbein', 'prato', 'típico', 'alemão', 'querido', 'brasil', 'principalmente', 'sul', 'sudestir']",nunca encontro corte simples apreciado joelho porco corte einbein prato típico alemão querido brasil principalmente sul sudeste,nunca encontrer corte simples apreciado joelho porco corte einbein prato típico alemão querido brasil principalmente sul sudestir,neutro
2024,L5235-LOUVEIRA,jun,24,2024-06-13,"Vender carnes bovinas de qualidade;Por exemplo,comprei uma peça de Contra filé e a mesma nem parecia,cheia de nervos no meio da peça. ;Outro dia comprei carne em cubos tbem cheia de nervos e gordura,  parecia mais um Isopor a carne.",detrator,-1,"['Vender', 'carnes', 'bovinas', 'de', 'qualidade', ';', 'Por', 'exemplo', ',', 'comprei', 'uma', 'peça', 'de', 'Contra', 'filé', 'e', 'a', 'mesma', 'nem', 'parecia', ',', 'cheia', 'de', 'nervos', 'no', 'meio', 'da', 'peça', '.', ';', 'Outro', 'dia', 'comprei', 'carne', 'em', 'cubos', 'tbem', 'cheia', 'de', 'nervos', 'e', 'gordura', ',', 'parecia', 'mais', 'um', 'Isopor', 'a', 'carne', '.']","['vender', 'carnes', 'bovinas', 'qualidade', 'exemplo', 'comprei', 'peça', 'contra', 'filé', 'mesma', 'parecia', 'cheia', 'nervos', 'meio', 'peça', 'outro', 'dia', 'comprei', 'carne', 'cubos', 'tbem', 'cheia', 'nervos', 'gordura', 'parecia', 'isopor', 'carne']","['vender', 'carne', 'bovino', 'qualidade', 'exemplo', 'comprei', 'peça', 'contra', 'filé', 'mesmo', 'parecer', 'cheio', 'nervo', 'meio', 'pecer', 'outro', 'dia', 'comprei', 'carne', 'cubo', 'tbem', 'cheio', 'nervo', 'gorduro', 'parecer', 'isopor', 'carne']",vender carnes bovinas qualidade exemplo comprei peça contra filé mesma parecia cheia nervos meio peça outro dia comprei carne cubos tbem cheia nervos gordura parecia isopor carne,vender carne bovino qualidade exemplo comprei peça contra filé mesmo parecer cheio nervo meio pecer outro dia comprei carne cubo tbem cheio nervo gorduro parecer isopor carne,detrator
2024,L5235-LOUVEIRA,jun,24,2024-06-15,Comecei a comprar na Swift e gostei muito dos produtos e do atendimento.,promotor,1,"['Comecei', 'a', 'comprar', 'na', 'Swift', 'e', 'gostei', 'muito', 'dos', 'produtos', 'e', 'do', 'atendimento', '.']","['comecei', 'comprar', 'swift', 'gostei', 'produtos', 'atendimento']","['começar', 'comprar', 'swift', 'gostar', 'produto', 'atendimento']",comecei comprar swift gostei produtos atendimento,começar comprar swift gostar produto atendimento,promotor
2024,L5235-LOUVEIRA,jun,24,2024-06-15,Na minha cidade está atendendo minhas compras,promotor,1,"['Na', 'minha', 'cidade', 'está', 'atendendo', 'minhas', 'compras']","['cidade', 'atendendo', 'compras']","['cidade', 'atender', 'compra']",cidade atendendo compras,cidade atender compra,promotor
2024,L5235-LOUVEIRA,jun,24,2024-06-15,"Tudo ótimo, nada a reclamar",promotor,1,"['Tudo', 'ótimo', ',', 'nada', 'a', 'reclamar']","['tudo', 'ótimo', 'nada', 'reclamar']","['tudo', 'bom', 'nada', 'reclamar']",tudo ótimo nada reclamar,tudo bom nada reclamar,promotor
2024,L5235-LOUVEIRA,jun,25,2024-06-17,Sugiro alguns brindes,promotor,1,"['Sugiro', 'alguns', 'brindes']","['sugiro', 'alguns', 'brindes']","['sugiro', 'algum', 'brinde']",sugiro alguns brindes,sugiro algum brinde,promotor
2024,L5235-LOUVEIRA,jun,25,2024-06-18,"Atendimento muito bom, loja organizada.",promotor,1,"['Atendimento', 'muito', 'bom', ',', 'loja', 'organizada', '.']","['atendimento', 'bom', 'loja', 'organizada']","['atendimento', 'bom', 'loja', 'organizar']",atendimento bom loja organizada,atendimento bom loja organizar,promotor
2024,L5235-LOUVEIRA,jun,25,2024-06-18,"Por gentileza coloquem em produção o corte de joelho de porco alemão (Einsbein), o que vocês fazem com a parte do joelho de porco ?!? Poderiam colocar a venda, seria um corte a mais para comercialização",promotor,1,"['Por', 'gentileza', 'coloquem', 'em', 'produção', 'o', 'corte', 'de', 'joelho', 'de', 'porco', 'alemão', '(', 'Einsbein', ')', ',', 'o', 'que', 'vocês', 'fazem', 'com', 'a', 'parte', 'do', 'joelho', 'de', 'porco', '?', '!', '?', 'Poderiam', 'colocar', 'a', 'venda', ',', 'seria', 'um', 'corte', 'a', 'mais', 'para', 'comercialização']","['gentileza', 'coloquem', 'produção', 'corte', 'joelho', 'porco', 'alemão', 'einsbein', 'fazem', 'parte', 'joelho', 'porco', 'poderiam', 'colocar', 'venda', 'corte', 'comercialização']","['gentileza', 'coloquem', 'produção', 'corte', 'joelho', 'porco', 'alemão', 'einsbein', 'fazer', 'parte', 'joelho', 'porco', 'poder', 'colocar', 'venda', 'corte', 'comercialização']",gentileza coloquem produção corte joelho porco alemão einsbein fazem parte joelho porco poderiam colocar venda corte comercialização,gentileza coloquem produção corte joelho porco alemão einsbein fazer parte joelho porco poder colocar venda corte comercialização,promotor
2024,L5235-LOUVEIRA,jun,25,2024-06-20,Atendimento excelente e loja muito bonita.,promotor,1,"['Atendimento', 'excelente', 'e', 'loja', 'muito', 'bonita', '.']","['atendimento', 'excelente', 'loja', 'bonita']","['atendimento', 'excelente', 'loja', 'bonito']",atendimento excelente loja bonita,atendimento excelente loja bonito,promotor
2024,L5235-LOUVEIRA,jun,25,2024-06-22,Atendente Michele super atenciosa.Loja organizada e produtos ótimos.,promotor,1,"['Atendente', 'Michele', 'super', 'atenciosa.Loja', 'organizada', 'e', 'produtos', 'ótimos', '.']","['atendente', 'michele', 'super', 'atenciosaloja', 'organizada', 'produtos', 'ótimos']","['atendente', 'michele', 'super', 'atenciosaloja', 'organizar', 'produto', 'ótimos']",atendente michele super atenciosaloja organizada produtos ótimos,atendente michele super atenciosaloja organizar produto ótimos,promotor
2024,L5235-LOUVEIRA,jun,25,2024-06-22,"Loja organizada, atendimento excelente.",promotor,1,"['Loja', 'organizada', ',', 'atendimento', 'excelente', '.']","['loja', 'organizada', 'atendimento', 'excelente']","['loja', 'organizar', 'atendimento', 'excelente']",loja organizada atendimento excelente,loja organizar atendimento excelente,promotor
2024,L5235-LOUVEIRA,jun,25,2024-06-22,não precisa   melhor   já  está maravilhoso.....ok,promotor,1,"['não', 'precisa', 'melhor', 'já', 'está', 'maravilhoso', '.....', 'ok']","['não', 'precisa', 'melhor', 'maravilhoso', 'ok']","['não', 'precisar', 'bom', 'maravilhoso', 'ok']",não precisa melhor maravilhoso ok,não precisar bom maravilhoso ok,promotor
2024,L5235-LOUVEIRA,jun,25,2024-06-22,"Ótimos produtos, bom atendimento",promotor,1,"['Ótimos', 'produtos', ',', 'bom', 'atendimento']","['ótimos', 'produtos', 'bom', 'atendimento']","['ótimos', 'produto', 'bom', 'atendimento']",ótimos produtos bom atendimento,ótimos produto bom atendimento,promotor
2024,L5235-LOUVEIRA,jun,25,2024-06-22,"Talvez as embalagens dos produtos encareça um pouco mais, uma sugestão seria diminuir o custo mudando as embalagens.",neutro,0,"['Talvez', 'as', 'embalagens', 'dos', 'produtos', 'encareça', 'um', 'pouco', 'mais', ',', 'uma', 'sugestão', 'seria', 'diminuir', 'o', 'custo', 'mudando', 'as', 'embalagens', '.']","['talvez', 'embalagens', 'produtos', 'encareça', 'pouco', 'sugestão', 'diminuir', 'custo', 'mudando', 'embalagens']","['talvez', 'embalagem', 'produto', 'encarecer', 'pouco', 'sugestão', 'diminuir', 'custo', 'mudar', 'embalagem']",talvez embalagens produtos encareça pouco sugestão diminuir custo mudando embalagens,talvez embalagem produto encarecer pouco sugestão diminuir custo mudar embalagem,neutro
2024,L5235-LOUVEIRA,jun,26,2024-06-24,"A loja de louveira e a melhor, não tenho neuma coisa para falar, a Paola e a melhor atendente",promotor,1,"['A', 'loja', 'de', 'louveira', 'e', 'a', 'melhor', ',', 'não', 'tenho', 'neuma', 'coisa', 'para', 'falar', ',', 'a', 'Paola', 'e', 'a', 'melhor', 'atendente']","['loja', 'louveira', 'melhor', 'não', 'neuma', 'coisa', 'falar', 'paola', 'melhor', 'atendente']","['loja', 'louveira', 'bom', 'não', 'emeum', 'coisa', 'falar', 'paola', 'bom', 'atendente']",loja louveira melhor não neuma coisa falar paola melhor atendente,loja louveira bom não emeum coisa falar paola bom atendente,promotor
2024,L5235-LOUVEIRA,jun,26,2024-06-24,"Ao meu ver está tudo ótimo, só gostaria de tivesse como receber as ofertas semanais para me organizar",promotor,1,"['Ao', 'meu', 'ver', 'está', 'tudo', 'ótimo', ',', 'só', 'gostaria', 'de', 'tivesse', 'como', 'receber', 'as', 'ofertas', 'semanais', 'para', 'me', 'organizar']","['ver', 'tudo', 'ótimo', 'gostaria', 'receber', 'ofertas', 'semanais', 'organizar']","['ver', 'tudo', 'ótimo', 'gostar', 'receber', 'oferta', 'semanal', 'organizar']",ver tudo ótimo gostaria receber ofertas semanais organizar,ver tudo ótimo gostar receber oferta semanal organizar,promotor
2024,L5235-LOUVEIRA,jun,26,2024-06-24,Melhor atendimento. A nova gerente é muito simpática. Loja muito limoa e organizada.,promotor,1,"['Melhor', 'atendimento', '.', 'A', 'nova', 'gerente', 'é', 'muito', 'simpática', '.', 'Loja', 'muito', 'limoa', 'e', 'organizada', '.']","['melhor', 'atendimento', 'nova', 'gerente', 'simpática', 'loja', 'limoa', 'organizada']","['bom', 'atendimento', 'novo', 'gerente', 'simpático', 'lojar', 'limoa', 'organizar']",melhor atendimento nova gerente simpática loja limoa organizada,bom atendimento novo gerente simpático lojar limoa organizar,promotor
2024,L5235-LOUVEIRA,jun,26,2024-06-24,Parabéns pela atenção das atendentes Michele e Paola e a gerente Priscila.;Loja limpa organizada atendimento nota 10.;,promotor,1,"['Parabéns', 'pela', 'atenção', 'das', 'atendentes', 'Michele', 'e', 'Paola', 'e', 'a', 'gerente', 'Priscila', '.', ';', 'Loja', 'limpa', 'organizada', 'atendimento', 'nota', '10.', ';']","['parabéns', 'atenção', 'atendentes', 'michele', 'paola', 'gerente', 'priscila', 'loja', 'limpa', 'organizada', 'atendimento', 'nota']","['parabéns', 'atenção', 'atendente', 'meichele', 'paolar', 'gerente', 'priscila', 'loja', 'limpa', 'organizar', 'atendimento', 'noto']",parabéns atenção atendentes michele paola gerente priscila loja limpa organizada atendimento nota,parabéns atenção atendente meichele paolar gerente priscila loja limpa organizar atendimento noto,promotor
2024,L5235-LOUVEIRA,jun,26,2024-06-24,Produtos de qualidade e atendimento muito bom,promotor,1,"['Produtos', 'de', 'qualidade', 'e', 'atendimento', 'muito', 'bom']","['produtos', 'qualidade', 'atendimento', 'bom']","['produto', 'qualidade', 'atendimento', 'bom']",produtos qualidade atendimento bom,produto qualidade atendimento bom,promotor
2024,L5235-LOUVEIRA,jun,26,2024-06-24,Ter mais promoções e descontos,promotor,1,"['Ter', 'mais', 'promoções', 'e', 'descontos']","['promoções', 'descontos']","['promoção', 'desconto']",promoções descontos,promoção desconto,promotor
2024,L5235-LOUVEIRA,jun,26,2024-06-26,Passando VR e VA,promotor,1,"['Passando', 'VR', 'e', 'VA']","['passando', 'vr', 'va']","['passar', 'vr', 'va']",passando vr va,passar vr va,promotor
2024,L5235-LOUVEIRA,jun,26,2024-06-30,Poderiam ter serviço de delivery aqui em Louveira. Tenho problema ortopedico e é ruim ter que ir até a loja retirar.,neutro,0,"['Poderiam', 'ter', 'serviço', 'de', 'delivery', 'aqui', 'em', 'Louveira', '.', 'Tenho', 'problema', 'ortopedico', 'e', 'é', 'ruim', 'ter', 'que', 'ir', 'até', 'a', 'loja', 'retirar', '.']","['poderiam', 'serviço', 'delivery', 'aqui', 'louveira', 'problema', 'ortopedico', 'ruim', 'ir', 'loja', 'retirar']","['poder', 'serviço', 'delivery', 'aqui', 'louveira', 'problema', 'ortopedico', 'ruim', 'ir', 'loja', 'retirar']",poderiam serviço delivery aqui louveira problema ortopedico ruim ir loja retirar,poder serviço delivery aqui louveira problema ortopedico ruim ir loja retirar,neutro
2024,L5235-LOUVEIRA,jul,27,2024-07-05,"Ótimo atendimento, produtos de qualidade.",promotor,1,"['Ótimo', 'atendimento', ',', 'produtos', 'de', 'qualidade', '.']","['ótimo', 'atendimento', 'produtos', 'qualidade']","['bom', 'atendimento', 'produto', 'qualidade']",ótimo atendimento produtos qualidade,bom atendimento produto qualidade,promotor
2024,L5235-LOUVEIRA,jul,28,2024-07-10,avaliar sempre custo beneficio..tentar custos menores olhando o mercado de carne fresca,promotor,1,"['avaliar', 'sempre', 'custo', 'beneficio', '..', 'tentar', 'custos', 'menores', 'olhando', 'o', 'mercado', 'de', 'carne', 'fresca']","['avaliar', 'sempre', 'custo', 'beneficio', 'tentar', 'custos', 'menores', 'olhando', 'mercado', 'carne', 'fresca']","['avaliar', 'sempre', 'custo', 'beneficio', 'tentar', 'custos', 'pequeno', 'olhar', 'mercado', 'carne', 'fresco']",avaliar sempre custo beneficio tentar custos menores olhando mercado carne fresca,avaliar sempre custo beneficio tentar custos pequeno olhar mercado carne fresco,promotor
2024,L5235-LOUVEIRA,jul,28,2024-07-10,"Em nada tudo ótimo,muito satisfeito",promotor,1,"['Em', 'nada', 'tudo', 'ótimo', ',', 'muito', 'satisfeito']","['nada', 'tudo', 'ótimo', 'satisfeito']","['nada', 'tudo', 'bom', 'satisfeito']",nada tudo ótimo satisfeito,nada tudo bom satisfeito,promotor
2024,L5235-LOUVEIRA,jul,28,2024-07-10,Não deixar faltar alguns produtos. Ex. não encontrei polvo nas recentes compras.,promotor,1,"['Não', 'deixar', 'faltar', 'alguns', 'produtos', '.', 'Ex', '.', 'não', 'encontrei', 'polvo', 'nas', 'recentes', 'compras', '.']","['não', 'deixar', 'faltar', 'alguns', 'produtos', 'ex', 'não', 'encontrei', 'polvo', 'recentes', 'compras']","['não', 'deixar', 'faltar', 'algum', 'produto', 'ex', 'não', 'encontrar', 'polvo', 'recente', 'compra']",não deixar faltar alguns produtos ex não encontrei polvo recentes compras,não deixar faltar algum produto ex não encontrar polvo recente compra,promotor
2024,L5235-LOUVEIRA,jul,28,2024-07-10,"Ótimo atendimento, loja muito limpa e organizada.",promotor,1,"['Ótimo', 'atendimento', ',', 'loja', 'muito', 'limpa', 'e', 'organizada', '.']","['ótimo', 'atendimento', 'loja', 'limpa', 'organizada']","['bom', 'atendimento', 'lojar', 'limpa', 'organizar']",ótimo atendimento loja limpa organizada,bom atendimento lojar limpa organizar,promotor
2024,L5235-LOUVEIRA,jul,28,2024-07-12,Loja maravilhosa,promotor,1,"['Loja', 'maravilhosa']","['loja', 'maravilhosa']","['loja', 'maravilhoso']",loja maravilhosa,loja maravilhoso,promotor
2024,L5235-LOUVEIRA,jul,28,2024-07-12,Loja organizada e produtos de qualidade,promotor,1,"['Loja', 'organizada', 'e', 'produtos', 'de', 'qualidade']","['loja', 'organizada', 'produtos', 'qualidade']","['loja', 'organizar', 'produto', 'qualidade']",loja organizada produtos qualidade,loja organizar produto qualidade,promotor
2024,L5235-LOUVEIRA,jul,28,2024-07-12,"Ótimos produtos, atendentes super atenciosas.",promotor,1,"['Ótimos', 'produtos', ',', 'atendentes', 'super', 'atenciosas', '.']","['ótimos', 'produtos', 'atendentes', 'super', 'atenciosas']","['ótimo', 'produto', 'atendente', 'super', 'atenciosa']",ótimos produtos atendentes super atenciosas,ótimo produto atendente super atenciosa,promotor
2024,L5235-LOUVEIRA,jul,28,2024-07-12,Sempre encontro o que procuro loja organizada,promotor,1,"['Sempre', 'encontro', 'o', 'que', 'procuro', 'loja', 'organizada']","['sempre', 'encontro', 'procuro', 'loja', 'organizada']","['sempre', 'encontro', 'procuro', 'lojar', 'organizar']",sempre encontro procuro loja organizada,sempre encontro procuro lojar organizar,promotor
2024,L5235-LOUVEIRA,jul,28,2024-07-13,Meninas muito atenciosas e loja muito organizada.,promotor,1,"['Meninas', 'muito', 'atenciosas', 'e', 'loja', 'muito', 'organizada', '.']","['meninas', 'atenciosas', 'loja', 'organizada']","['menino', 'atencioso', 'loja', 'organizar']",meninas atenciosas loja organizada,menino atencioso loja organizar,promotor
2024,L5235-LOUVEIRA,jul,29,2024-07-15,"Primeira vez comprando na loja e adorei, irei voltar mais vezes.",promotor,1,"['Primeira', 'vez', 'comprando', 'na', 'loja', 'e', 'adorei', ',', 'irei', 'voltar', 'mais', 'vezes', '.']","['primeira', 'vez', 'comprando', 'loja', 'adorei', 'irei', 'voltar', 'vezes']","['primeiro', 'vez', 'comprar', 'loja', 'adorar', 'irei', 'voltar', 'vez']",primeira vez comprando loja adorei irei voltar vezes,primeiro vez comprar loja adorar irei voltar vez,promotor
2024,L5235-LOUVEIRA,jul,29,2024-07-15,Produtos de ótima qualidade e atendimento diferenciado.,promotor,1,"['Produtos', 'de', 'ótima', 'qualidade', 'e', 'atendimento', 'diferenciado', '.']","['produtos', 'ótima', 'qualidade', 'atendimento', 'diferenciado']","['produto', 'ótima', 'qualidade', 'atendimento', 'diferenciar']",produtos ótima qualidade atendimento diferenciado,produto ótima qualidade atendimento diferenciar,promotor
2024,L5235-LOUVEIRA,jul,29,2024-07-17,Atendimento sempre com excelência.,promotor,1,"['Atendimento', 'sempre', 'com', 'excelência', '.']","['atendimento', 'sempre', 'excelência']","['atendimento', 'sempre', 'excelêncio']",atendimento sempre excelência,atendimento sempre excelêncio,promotor
2024,L5235-LOUVEIRA,jul,29,2024-07-17,"Estou muito contente com a experiência de comprar na Swift, agora elegemos como oficial, carne em nossa casa para o consumo do dia a dia, só Swift.;Talvez melhorar um pouco nas opções de carnes nobres como picanha, se não me engano a Swift é do grupo JBS que tem outras marcas muito boas de carnes e ter essas marcas nas lojas Swift, mesmo que congeladas, me parece uma boa ideia.",promotor,1,"['Estou', 'muito', 'contente', 'com', 'a', 'experiência', 'de', 'comprar', 'na', 'Swift', ',', 'agora', 'elegemos', 'como', 'oficial', ',', 'carne', 'em', 'nossa', 'casa', 'para', 'o', 'consumo', 'do', 'dia', 'a', 'dia', ',', 'só', 'Swift', '.', ';', 'Talvez', 'melhorar', 'um', 'pouco', 'nas', 'opções', 'de', 'carnes', 'nobres', 'como', 'picanha', ',', 'se', 'não', 'me', 'engano', 'a', 'Swift', 'é', 'do', 'grupo', 'JBS', 'que', 'tem', 'outras', 'marcas', 'muito', 'boas', 'de', 'carnes', 'e', 'ter', 'essas', 'marcas', 'nas', 'lojas', 'Swift', ',', 'mesmo', 'que', 'congeladas', ',', 'me', 'parece', 'uma', 'boa', 'ideia', '.']","['contente', 'experiência', 'comprar', 'swift', 'agora', 'elegemos', 'oficial', 'carne', 'casa', 'consumo', 'dia', 'dia', 'swift', 'talvez', 'melhorar', 'pouco', 'opções', 'carnes', 'nobres', 'picanha', 'não', 'engano', 'swift', 'grupo', 'jbs', 'outras', 'marcas', 'boas', 'carnes', 'marcas', 'lojas', 'swift', 'congeladas', 'parece', 'boa', 'ideia']","['contente', 'experiência', 'comprar', 'swift', 'agora', 'eleger', 'oficial', 'carne', 'casa', 'consumo', 'dia', 'dia', 'swift', 'talvez', 'melhorar', 'pouco', 'opção', 'carne', 'nobr', 'picanhar', 'não', 'engano', 'swift', 'grupo', 'jbs', 'outro', 'marca', 'bom', 'carne', 'marco', 'loja', 'swift', 'congelar', 'parecer', 'bom', 'ideia']",contente experiência comprar swift agora elegemos oficial carne casa consumo dia dia swift talvez melhorar pouco opções carnes nobres picanha não engano swift grupo jbs outras marcas boas carnes marcas lojas swift congeladas parece boa ideia,contente experiência comprar swift agora eleger oficial carne casa consumo dia dia swift talvez melhorar pouco opção carne nobr picanhar não engano swift grupo jbs outro marca bom carne marco loja swift congelar parecer bom ideia,promotor
2024,L5235-LOUVEIRA,jul,29,2024-07-17,Tudo ótimo em essa loja! A melhor do Brasil,promotor,1,"['Tudo', 'ótimo', 'em', 'essa', 'loja', '!', 'A', 'melhor', 'do', 'Brasil']","['tudo', 'ótimo', 'loja', 'melhor', 'brasil']","['tudo', 'ótimo', 'loja', 'bom', 'brasil']",tudo ótimo loja melhor brasil,tudo ótimo loja bom brasil,promotor
2024,L5235-LOUVEIRA,jul,29,2024-07-18,Gosto muito de comprar na loja.,promotor,1,"['Gosto', 'muito', 'de', 'comprar', 'na', 'loja', '.']","['gosto', 'comprar', 'loja']","['gostar', 'comprar', 'loja']",gosto comprar loja,gostar comprar loja,promotor
2024,L5235-LOUVEIRA,jul,29,2024-07-18,"melhor loja, com os melhores produtos.",promotor,1,"['melhor', 'loja', ',', 'com', 'os', 'melhores', 'produtos', '.']","['melhor', 'loja', 'melhores', 'produtos']","['bom', 'loja', 'bom', 'produto']",melhor loja melhores produtos,bom loja bom produto,promotor
2024,L5235-LOUVEIRA,jul,30,2024-07-23,"""Loja muito bonita, organizada e as meninas são muito simpáticas.""",promotor,1,"['``', 'Loja', 'muito', 'bonita', ',', 'organizada', 'e', 'as', 'meninas', 'são', 'muito', 'simpáticas', '.', ""''""]","['loja', 'bonita', 'organizada', 'meninas', 'simpáticas']","['loja', 'bonito', 'organizar', 'meninas', 'simpático']",loja bonita organizada meninas simpáticas,loja bonito organizar meninas simpático,promotor
2024,L5235-LOUVEIRA,jul,30,2024-07-23,"""sempre falo    para vcs ......Parabéns""",promotor,1,"['``', 'sempre', 'falo', 'para', 'vcs', '......', 'Parabéns', ""''""]","['sempre', 'falo', 'vcs', 'parabéns']","['sempre', 'falar', 'vcs', 'parabéns']",sempre falo vcs parabéns,sempre falar vcs parabéns,promotor
2024,L5235-LOUVEIRA,jul,30,2024-07-23,"Vocês não dão desconto em nada, nem cashback. Estamos trocando de local para comprar ultimamente..l;",detrator,-1,"['Vocês', 'não', 'dão', 'desconto', 'em', 'nada', ',', 'nem', 'cashback', '.', 'Estamos', 'trocando', 'de', 'local', 'para', 'comprar', 'ultimamente', '..', 'l', ';']","['não', 'dão', 'desconto', 'nada', 'cashback', 'trocando', 'local', 'comprar', 'ultimamente']","['não', 'dar', 'desconto', 'nada', 'cashback', 'trocar', 'local', 'comprar', 'ultimamente']",não dão desconto nada cashback trocando local comprar ultimamente,não dar desconto nada cashback trocar local comprar ultimamente,detrator
2024,L5235-LOUVEIRA,jul,30,2024-07-24,Adoro comprar na Swift,promotor,1,"['Adoro', 'comprar', 'na', 'Swift']","['adoro', 'comprar', 'swift']","['adorar', 'comprar', 'swift']",adoro comprar swift,adorar comprar swift,promotor
2024,L5235-LOUVEIRA,jul,30,2024-07-24,Loja muito boa,promotor,1,"['Loja', 'muito', 'boa']","['loja', 'boa']","['loja', 'bom']",loja boa,loja bom,promotor
2024,L5235-LOUVEIRA,jul,30,2024-07-24,Loja muito organizada e atendimento excelente,promotor,1,"['Loja', 'muito', 'organizada', 'e', 'atendimento', 'excelente']","['loja', 'organizada', 'atendimento', 'excelente']","['loja', 'organizar', 'atendimento', 'excelente']",loja organizada atendimento excelente,loja organizar atendimento excelente,promotor
2024,L5235-LOUVEIRA,jul,30,2024-07-24,"Mantendo o valores das coisas , caso contrario partimos para outro .;Muitos amigos já me disseram isso",promotor,1,"['Mantendo', 'o', 'valores', 'das', 'coisas', ',', 'caso', 'contrario', 'partimos', 'para', 'outro', '.', ';', 'Muitos', 'amigos', 'já', 'me', 'disseram', 'isso']","['mantendo', 'valores', 'coisas', 'caso', 'contrario', 'partimos', 'outro', 'muitos', 'amigos', 'disseram']","['manter', 'valor', 'coisa', 'caso', 'contrario', 'parti', 'outro', 'muito', 'amigo', 'dizer']",mantendo valores coisas caso contrario partimos outro muitos amigos disseram,manter valor coisa caso contrario parti outro muito amigo dizer,promotor
2024,L5235-LOUVEIRA,jul,30,2024-07-24,Nenhuma sugestão,promotor,1,"['Nenhuma', 'sugestão']","['nenhuma', 'sugestão']","['nenhum', 'sugestão']",nenhuma sugestão,nenhum sugestão,promotor
2024,L5235-LOUVEIRA,jul,30,2024-07-25,Loja com produtos de qualidade é ótimo atendimento,promotor,1,"['Loja', 'com', 'produtos', 'de', 'qualidade', 'é', 'ótimo', 'atendimento']","['loja', 'produtos', 'qualidade', 'ótimo', 'atendimento']","['lojar', 'produto', 'qualidade', 'bom', 'atendimento']",loja produtos qualidade ótimo atendimento,lojar produto qualidade bom atendimento,promotor
2024,L5235-LOUVEIRA,jul,30,2024-07-25,"Loja limpinha atendente educados ,e produtos de qualidade",promotor,1,"['Loja', 'limpinha', 'atendente', 'educados', ',', 'e', 'produtos', 'de', 'qualidade']","['loja', 'limpinha', 'atendente', 'educados', 'produtos', 'qualidade']","['loja', 'limpinhar', 'atendente', 'educar', 'produto', 'qualidade']",loja limpinha atendente educados produtos qualidade,loja limpinhar atendente educar produto qualidade,promotor
2024,L5235-LOUVEIRA,jul,30,2024-07-25,LOJA MUITO ORGANIZADA E COM ÓTIMO ATENDIMENTOS E PRODUTOS INCRIVEIS,promotor,1,"['LOJA', 'MUITO', 'ORGANIZADA', 'E', 'COM', 'ÓTIMO', 'ATENDIMENTOS', 'E', 'PRODUTOS', 'INCRIVEIS']","['loja', 'organizada', 'ótimo', 'atendimentos', 'produtos', 'incriveis']","['loja', 'organizar', 'bom', 'atendimento', 'produto', 'incrivel']",loja organizada ótimo atendimentos produtos incriveis,loja organizar bom atendimento produto incrivel,promotor
2024,L5235-LOUVEIRA,jul,30,2024-07-25,Maravilhoso os produtos gostei,promotor,1,"['Maravilhoso', 'os', 'produtos', 'gostei']","['maravilhoso', 'produtos', 'gostei']","['maravilhoso', 'produto', 'gostar']",maravilhoso produtos gostei,maravilhoso produto gostar,promotor
2024,L5235-LOUVEIRA,jul,30,2024-07-25,Preços ótimo que cabe no nosso bolso,promotor,1,"['Preços', 'ótimo', 'que', 'cabe', 'no', 'nosso', 'bolso']","['preços', 'ótimo', 'cabe', 'bolso']","['preço', 'ótimo', 'caber', 'bolso']",preços ótimo cabe bolso,preço ótimo caber bolso,promotor
2024,L5235-LOUVEIRA,jul,30,2024-07-25,Produto de qualidade,promotor,1,"['Produto', 'de', 'qualidade']","['produto', 'qualidade']","['produto', 'qualidade']",produto qualidade,produto qualidade,promotor
2024,L5235-LOUVEIRA,jul,30,2024-07-25,Produtos de qualidade,promotor,1,"['Produtos', 'de', 'qualidade']","['produtos', 'qualidade']","['produto', 'qualidade']",produtos qualidade,produto qualidade,promotor
2024,L5235-LOUVEIRA,jul,30,2024-07-25,Produtos muito bom,promotor,1,"['Produtos', 'muito', 'bom']","['produtos', 'bom']","['produto', 'bom']",produtos bom,produto bom,promotor
2024,L5235-LOUVEIRA,jul,31,2024-07-29,"FALTA NA LISTA DE PRODUTOS DISPONIBILIZADOS ""EINSBEIN"", CORTE DO JOELHO DE PORCO ALEMÃO. SE TEM CORTES SUÍNOS DEVERIAM TER ESTE CORTE ESPECÍFICO",detrator,-1,"['FALTA', 'NA', 'LISTA', 'DE', 'PRODUTOS', 'DISPONIBILIZADOS', '``', 'EINSBEIN', ""''"", ',', 'CORTE', 'DO', 'JOELHO', 'DE', 'PORCO', 'ALEMÃO', '.', 'SE', 'TEM', 'CORTES', 'SUÍNOS', 'DEVERIAM', 'TER', 'ESTE', 'CORTE', 'ESPECÍFICO']","['falta', 'lista', 'produtos', 'disponibilizados', 'einsbein', 'corte', 'joelho', 'porco', 'alemão', 'cortes', 'suínos', 'deveriam', 'corte', 'específico']","['falta', 'listar', 'produto', 'disponibilizar', 'einsbein', 'corte', 'joelho', 'porco', 'alemão', 'corte', 'suíno', 'dever', 'corte', 'específico']",falta lista produtos disponibilizados einsbein corte joelho porco alemão cortes suínos deveriam corte específico,falta listar produto disponibilizar einsbein corte joelho porco alemão corte suíno dever corte específico,detrator
2024,L5235-LOUVEIRA,ago,31,2024-08-02,Atendeu a minha necessidade,promotor,1,"['Atendeu', 'a', 'minha', 'necessidade']","['atendeu', 'necessidade']","['atender', 'necessidade']",atendeu necessidade,atender necessidade,promotor
2024,L5235-LOUVEIRA,ago,32,2024-08-06,Oferecer descontos exclusivos aos clientes assíduos.,promotor,1,"['Oferecer', 'descontos', 'exclusivos', 'aos', 'clientes', 'assíduos', '.']","['oferecer', 'descontos', 'exclusivos', 'clientes', 'assíduos']","['oferecer', 'desconto', 'exclusivo', 'cliente', 'assíduo']",oferecer descontos exclusivos clientes assíduos,oferecer desconto exclusivo cliente assíduo,promotor
2024,L5235-LOUVEIRA,ago,32,2024-08-07,"""Gosto muito de comprar""",promotor,1,"['``', 'Gosto', 'muito', 'de', 'comprar', ""''""]","['gosto', 'comprar']","['gostar', 'comprar']",gosto comprar,gostar comprar,promotor
2024,L5235-LOUVEIRA,ago,32,2024-08-10,Excelente atendimento na loja de Louveira - Sp,promotor,1,"['Excelente', 'atendimento', 'na', 'loja', 'de', 'Louveira', '-', 'Sp']","['excelente', 'atendimento', 'loja', 'louveira', 'sp']","['excelente', 'atendimento', 'lojar', 'louveira', 'sp']",excelente atendimento loja louveira sp,excelente atendimento lojar louveira sp,promotor
2024,L5235-LOUVEIRA,ago,32,2024-08-11,"Tirando a gerente que e soberba , e faz diferença entre pessoas , o atendimento das atendentes são ótimos só dá gerente que deixa a desejar , arrogante soberba e não sabe líder nem com a sua equipe de trabalho nem com clientes , aliás só os que vai para compra muitas coisas e não e isto que a Swift passa no treinamento",promotor,1,"['Tirando', 'a', 'gerente', 'que', 'e', 'soberba', ',', 'e', 'faz', 'diferença', 'entre', 'pessoas', ',', 'o', 'atendimento', 'das', 'atendentes', 'são', 'ótimos', 'só', 'dá', 'gerente', 'que', 'deixa', 'a', 'desejar', ',', 'arrogante', 'soberba', 'e', 'não', 'sabe', 'líder', 'nem', 'com', 'a', 'sua', 'equipe', 'de', 'trabalho', 'nem', 'com', 'clientes', ',', 'aliás', 'só', 'os', 'que', 'vai', 'para', 'compra', 'muitas', 'coisas', 'e', 'não', 'e', 'isto', 'que', 'a', 'Swift', 'passa', 'no', 'treinamento']","['tirando', 'gerente', 'soberba', 'faz', 'diferença', 'pessoas', 'atendimento', 'atendentes', 'ótimos', 'dá', 'gerente', 'deixa', 'desejar', 'arrogante', 'soberba', 'não', 'sabe', 'líder', 'equipe', 'trabalho', 'clientes', 'aliás', 'vai', 'compra', 'muitas', 'coisas', 'não', 'swift', 'passa', 'treinamento']","['tirar', 'gerente', 'soberba', 'fazer', 'diferença', 'pessoa', 'atendimento', 'atendente', 'ótimos', 'dar', 'gerente', 'deixar', 'desejar', 'arrogante', 'soberba', 'não', 'saber', 'líder', 'equipe', 'trabalho', 'cliente', 'aliás', 'ir', 'compra', 'muito', 'coisa', 'não', 'swift', 'passar', 'treinamento']",tirando gerente soberba faz diferença pessoas atendimento atendentes ótimos dá gerente deixa desejar arrogante soberba não sabe líder equipe trabalho clientes aliás vai compra muitas coisas não swift passa treinamento,tirar gerente soberba fazer diferença pessoa atendimento atendente ótimos dar gerente deixar desejar arrogante soberba não saber líder equipe trabalho cliente aliás ir compra muito coisa não swift passar treinamento,promotor
2024,L5235-LOUVEIRA,ago,33,2024-08-12,"""Dar uma abaixada no preço """,promotor,1,"['``', 'Dar', 'uma', 'abaixada', 'no', 'preço', '``']","['dar', 'abaixada', 'preço']","['dar', 'abaixado', 'preço']",dar abaixada preço,dar abaixado preço,promotor
2024,L5235-LOUVEIRA,ago,33,2024-08-13,Promoções exclusivas para clientes cadastro,promotor,1,"['Promoções', 'exclusivas', 'para', 'clientes', 'cadastro']","['promoções', 'exclusivas', 'clientes', 'cadastro']","['promoção', 'exclusivo', 'cliente', 'cadastro']",promoções exclusivas clientes cadastro,promoção exclusivo cliente cadastro,promotor
2024,L5235-LOUVEIRA,ago,33,2024-08-14,A melhor empresa que eu conheço,promotor,1,"['A', 'melhor', 'empresa', 'que', 'eu', 'conheço']","['melhor', 'empresa', 'conheço']","['bom', 'empresa', 'conhecer']",melhor empresa conheço,bom empresa conhecer,promotor
2024,L5235-LOUVEIRA,ago,33,2024-08-14,"Atendimento muito bom, loja super organizada.",promotor,1,"['Atendimento', 'muito', 'bom', ',', 'loja', 'super', 'organizada', '.']","['atendimento', 'bom', 'loja', 'super', 'organizada']","['atendimento', 'bom', 'loja', 'super', 'organizar']",atendimento bom loja super organizada,atendimento bom loja super organizar,promotor
2024,L5235-LOUVEIRA,ago,33,2024-08-14,"ESTA TUDO PERFEITO,  BOA LOJA E ATENDIMENTO ESPECIAL.;PARABÉNS A LOJA E A TODA SUA EQUIPE.",promotor,1,"['ESTA', 'TUDO', 'PERFEITO', ',', 'BOA', 'LOJA', 'E', 'ATENDIMENTO', 'ESPECIAL', '.', ';', 'PARABÉNS', 'A', 'LOJA', 'E', 'A', 'TODA', 'SUA', 'EQUIPE', '.']","['tudo', 'perfeito', 'boa', 'loja', 'atendimento', 'especial', 'parabéns', 'loja', 'toda', 'equipe']","['tudo', 'perfeito', 'bom', 'loja', 'atendimento', 'especial', 'parabéns', 'lojar', 'todo', 'equipe']",tudo perfeito boa loja atendimento especial parabéns loja toda equipe,tudo perfeito bom loja atendimento especial parabéns lojar todo equipe,promotor
2024,L5235-LOUVEIRA,ago,33,2024-08-14,Fazendo sempre promoção,promotor,1,"['Fazendo', 'sempre', 'promoção']","['fazendo', 'sempre', 'promoção']","['fazer', 'sempre', 'promoção']",fazendo sempre promoção,fazer sempre promoção,promotor
2024,L5235-LOUVEIRA,ago,33,2024-08-17,Mantendo o ótimo serviço.,promotor,1,"['Mantendo', 'o', 'ótimo', 'serviço', '.']","['mantendo', 'ótimo', 'serviço']","['manter', 'bom', 'serviço']",mantendo ótimo serviço,manter bom serviço,promotor
2024,L5235-LOUVEIRA,ago,33,2024-08-18,"Atendimento desta nova gerente e zero não e assim que a Swift nos ensina ,ela e soberba arrogante fora que não sabe nada , sobre os produtos pedi ajuda para atendente que ela sim sabe todos os cores",detrator,-1,"['Atendimento', 'desta', 'nova', 'gerente', 'e', 'zero', 'não', 'e', 'assim', 'que', 'a', 'Swift', 'nos', 'ensina', ',', 'ela', 'e', 'soberba', 'arrogante', 'fora', 'que', 'não', 'sabe', 'nada', ',', 'sobre', 'os', 'produtos', 'pedi', 'ajuda', 'para', 'atendente', 'que', 'ela', 'sim', 'sabe', 'todos', 'os', 'cores']","['atendimento', 'desta', 'nova', 'gerente', 'zero', 'não', 'assim', 'swift', 'ensina', 'soberba', 'arrogante', 'não', 'sabe', 'nada', 'sobre', 'produtos', 'pedi', 'ajuda', 'atendente', 'sim', 'sabe', 'todos', 'cores']","['atendimento', 'deeste', 'novo', 'gerente', 'zero', 'não', 'assim', 'swift', 'ensino', 'soberba', 'arrogante', 'não', 'saber', 'nada', 'sobre', 'produto', 'pedir', 'ajudar', 'atendente', 'sim', 'saber', 'todo', 'cor']",atendimento desta nova gerente zero não assim swift ensina soberba arrogante não sabe nada sobre produtos pedi ajuda atendente sim sabe todos cores,atendimento deeste novo gerente zero não assim swift ensino soberba arrogante não saber nada sobre produto pedir ajudar atendente sim saber todo cor,detrator
2024,L5235-LOUVEIRA,ago,34,2024-08-19,Foi o melhor lugar aqui em Louveira.,promotor,1,"['Foi', 'o', 'melhor', 'lugar', 'aqui', 'em', 'Louveira', '.']","['melhor', 'lugar', 'aqui', 'louveira']","['bom', 'lugar', 'aqui', 'louveira']",melhor lugar aqui louveira,bom lugar aqui louveira,promotor
2024,L5235-LOUVEIRA,ago,34,2024-08-19,"Muito boa a loja , e muito bom o recpicionamento que temos como cliente,e amei o que eles estão fazendo todos os sábados pra nós clientes tomar aquele cafezinho com bolinho e muito prazeroso.;",promotor,1,"['Muito', 'boa', 'a', 'loja', ',', 'e', 'muito', 'bom', 'o', 'recpicionamento', 'que', 'temos', 'como', 'cliente', ',', 'e', 'amei', 'o', 'que', 'eles', 'estão', 'fazendo', 'todos', 'os', 'sábados', 'pra', 'nós', 'clientes', 'tomar', 'aquele', 'cafezinho', 'com', 'bolinho', 'e', 'muito', 'prazeroso', '.', ';']","['boa', 'loja', 'bom', 'recpicionamento', 'cliente', 'amei', 'fazendo', 'todos', 'sábados', 'pra', 'clientes', 'tomar', 'cafezinho', 'bolinho', 'prazeroso']","['bom', 'loja', 'bom', 'recpicionamento', 'cliente', 'ameir', 'fazer', 'todo', 'sábado', 'pra', 'cliente', 'tomar', 'cafezinho', 'bolinho', 'prazeroso']",boa loja bom recpicionamento cliente amei fazendo todos sábados pra clientes tomar cafezinho bolinho prazeroso,bom loja bom recpicionamento cliente ameir fazer todo sábado pra cliente tomar cafezinho bolinho prazeroso,promotor
2024,L5235-LOUVEIRA,ago,34,2024-08-19,Muito bom a loja atendimento nota 10,promotor,1,"['Muito', 'bom', 'a', 'loja', 'atendimento', 'nota', '10']","['bom', 'loja', 'atendimento', 'nota']","['bom', 'loja', 'atendimento', 'noto']",bom loja atendimento nota,bom loja atendimento noto,promotor
2024,L5235-LOUVEIRA,ago,34,2024-08-20,"Loja muito boa ,ia ser legal se colocasse refrigerante evitaria de pegar fila em supermercado,e loja está muito boa os preços.",promotor,1,"['Loja', 'muito', 'boa', ',', 'ia', 'ser', 'legal', 'se', 'colocasse', 'refrigerante', 'evitaria', 'de', 'pegar', 'fila', 'em', 'supermercado', ',', 'e', 'loja', 'está', 'muito', 'boa', 'os', 'preços', '.']","['loja', 'boa', 'ia', 'legal', 'colocasse', 'refrigerante', 'evitaria', 'pegar', 'fila', 'supermercado', 'loja', 'boa', 'preços']","['loja', 'bom', 'ir', 'legal', 'colocar', 'refrigerante', 'evitario', 'pegar', 'fila', 'supermercar', 'loja', 'bom', 'preço']",loja boa ia legal colocasse refrigerante evitaria pegar fila supermercado loja boa preços,loja bom ir legal colocar refrigerante evitario pegar fila supermercar loja bom preço,promotor
2024,L5235-LOUVEIRA,ago,34,2024-08-20,PREÇO MAIS ACESSIVEL EM ALGUNS PRODUTOS QUE ESTÃO BEM ACIMA DE OUTRAS MARCAS.,neutro,0,"['PREÇO', 'MAIS', 'ACESSIVEL', 'EM', 'ALGUNS', 'PRODUTOS', 'QUE', 'ESTÃO', 'BEM', 'ACIMA', 'DE', 'OUTRAS', 'MARCAS', '.']","['preço', 'acessivel', 'alguns', 'produtos', 'bem', 'acima', 'outras', 'marcas']","['preço', 'acessivel', 'algum', 'produto', 'bem', 'acima', 'outro', 'marca']",preço acessivel alguns produtos bem acima outras marcas,preço acessivel algum produto bem acima outro marca,neutro
2024,L5235-LOUVEIRA,ago,34,2024-08-24,Produtos da linha combo são extremamente ruins;Não conduzem com os produtos Swift,detrator,-1,"['Produtos', 'da', 'linha', 'combo', 'são', 'extremamente', 'ruins', ';', 'Não', 'conduzem', 'com', 'os', 'produtos', 'Swift']","['produtos', 'linha', 'combo', 'extremamente', 'ruins', 'não', 'conduzem', 'produtos', 'swift']","['produto', 'linher', 'combo', 'extremamente', 'ruim', 'não', 'conduzer', 'produto', 'swift']",produtos linha combo extremamente ruins não conduzem produtos swift,produto linher combo extremamente ruim não conduzer produto swift,detrator
2024,L5235-LOUVEIRA,ago,35,2024-08-27,Divulgando as promoções;,promotor,1,"['Divulgando', 'as', 'promoções', ';']","['divulgando', 'promoções']","['divulgar', 'promoção']",divulgando promoções,divulgar promoção,promotor
2024,L5235-LOUVEIRA,ago,35,2024-08-27,"Tudo maravilhoso,o atendimentos é muito bom",promotor,1,"['Tudo', 'maravilhoso', ',', 'o', 'atendimentos', 'é', 'muito', 'bom']","['tudo', 'maravilhoso', 'atendimentos', 'bom']","['tudo', 'maravilhoso', 'atendimento', 'bom']",tudo maravilhoso atendimentos bom,tudo maravilhoso atendimento bom,promotor
2024,L5235-LOUVEIRA,ago,35,2024-08-29,Atendimento de Louveira e o melhor de todas as lojas,promotor,1,"['Atendimento', 'de', 'Louveira', 'e', 'o', 'melhor', 'de', 'todas', 'as', 'lojas']","['atendimento', 'louveira', 'melhor', 'todas', 'lojas']","['atendimento', 'louveira', 'melhor', 'todo', 'loja']",atendimento louveira melhor todas lojas,atendimento louveira melhor todo loja,promotor
2024,L5235-LOUVEIRA,ago,35,2024-08-29,Atendimento incrível 🥰,promotor,1,"['Atendimento', 'incrível', '🥰']","['atendimento', 'incrível']","['atendimento', 'incrível']",atendimento incrível,atendimento incrível,promotor
2024,L5235-LOUVEIRA,ago,35,2024-08-29,Bom atendimento,promotor,1,"['Bom', 'atendimento']","['bom', 'atendimento']","['bom', 'atendimento']",bom atendimento,bom atendimento,promotor
2024,L5235-LOUVEIRA,ago,35,2024-08-29,Loja limpa e organizada,promotor,1,"['Loja', 'limpa', 'e', 'organizada']","['loja', 'limpa', 'organizada']","['loja', 'limpa', 'organizar']",loja limpa organizada,loja limpa organizar,promotor
2024,L5235-LOUVEIRA,ago,35,2024-08-29,Loja maravilhosa,promotor,1,"['Loja', 'maravilhosa']","['loja', 'maravilhosa']","['loja', 'maravilhoso']",loja maravilhosa,loja maravilhoso,promotor
2024,L5235-LOUVEIRA,ago,35,2024-08-29,Muito bom os produtos,promotor,1,"['Muito', 'bom', 'os', 'produtos']","['bom', 'produtos']","['bom', 'produto']",bom produtos,bom produto,promotor
2024,L5235-LOUVEIRA,ago,35,2024-08-29,Parabéns pra toda equipe louveira melhor atendimento,promotor,1,"['Parabéns', 'pra', 'toda', 'equipe', 'louveira', 'melhor', 'atendimento']","['parabéns', 'pra', 'toda', 'equipe', 'louveira', 'melhor', 'atendimento']","['parabéns', 'pra', 'todo', 'equipe', 'louveira', 'bom', 'atendimento']",parabéns pra toda equipe louveira melhor atendimento,parabéns pra todo equipe louveira bom atendimento,promotor
2024,L5235-LOUVEIRA,ago,35,2024-08-30,"""Está bom assim , a localização é  boa, gosto dos produtos  e do atendimento também   """,promotor,1,"['``', 'Está', 'bom', 'assim', ',', 'a', 'localização', 'é', 'boa', ',', 'gosto', 'dos', 'produtos', 'e', 'do', 'atendimento', 'também', '``']","['bom', 'assim', 'localização', 'boa', 'gosto', 'produtos', 'atendimento']","['bom', 'assim', 'localização', 'bom', 'gosto', 'produto', 'atendimento']",bom assim localização boa gosto produtos atendimento,bom assim localização bom gosto produto atendimento,promotor
2024,L5235-LOUVEIRA,ago,35,2024-08-30,Loja muito organizada e todas as atendentes são muito atenciosas.,promotor,1,"['Loja', 'muito', 'organizada', 'e', 'todas', 'as', 'atendentes', 'são', 'muito', 'atenciosas', '.']","['loja', 'organizada', 'todas', 'atendentes', 'atenciosas']","['loja', 'organizar', 'todo', 'atendente', 'atenciosa']",loja organizada todas atendentes atenciosas,loja organizar todo atendente atenciosa,promotor
2024,L5235-LOUVEIRA,ago,35,2024-08-31,Acho que está bom,promotor,1,"['Acho', 'que', 'está', 'bom']","['acho', 'bom']","['achar', 'bom']",acho bom,achar bom,promotor
2024,L5235-LOUVEIRA,set,36,2024-09-04,Amo o atendimento das meninas. Atenciosas e muito alegres.,promotor,1,"['Amo', 'o', 'atendimento', 'das', 'meninas', '.', 'Atenciosas', 'e', 'muito', 'alegres', '.']","['amo', 'atendimento', 'meninas', 'atenciosas', 'alegres']","['amo', 'atendimento', 'menino', 'atenciosa', 'alegr']",amo atendimento meninas atenciosas alegres,amo atendimento menino atenciosa alegr,promotor
2024,L5235-LOUVEIRA,set,36,2024-09-06,"Abaixar um pouco o precio dos pes,salmon etc",promotor,1,"['Abaixar', 'um', 'pouco', 'o', 'precio', 'dos', 'pes', ',', 'salmon', 'etc']","['abaixar', 'pouco', 'precio', 'pes', 'salmon', 'etc']","['abaixar', 'pouco', 'precio', 'pes', 'salmon', 'etc']",abaixar pouco precio pes salmon etc,abaixar pouco precio pes salmon etc,promotor
2024,L5235-LOUVEIRA,set,36,2024-09-06,os cortes Black poderiam manter todas as opções na loja ou ter opção de encomenda. Eu nunca sei se irei encontrar ou não.,promotor,1,"['os', 'cortes', 'Black', 'poderiam', 'manter', 'todas', 'as', 'opções', 'na', 'loja', 'ou', 'ter', 'opção', 'de', 'encomenda', '.', 'Eu', 'nunca', 'sei', 'se', 'irei', 'encontrar', 'ou', 'não', '.']","['cortes', 'black', 'poderiam', 'manter', 'todas', 'opções', 'loja', 'opção', 'encomenda', 'nunca', 'sei', 'irei', 'encontrar', 'não']","['cortes', 'black', 'poder', 'manter', 'todo', 'opção', 'lojar', 'opção', 'encomenda', 'nunca', 'saber', 'ir', 'encontrar', 'não']",cortes black poderiam manter todas opções loja opção encomenda nunca sei irei encontrar não,cortes black poder manter todo opção lojar opção encomenda nunca saber ir encontrar não,promotor
2024,L5235-LOUVEIRA,set,37,2024-09-12,"Sempre faço minhas compras na Swift, adoro o atendimento e a organização da loja.",promotor,1,"['Sempre', 'faço', 'minhas', 'compras', 'na', 'Swift', ',', 'adoro', 'o', 'atendimento', 'e', 'a', 'organização', 'da', 'loja', '.']","['sempre', 'faço', 'compras', 'swift', 'adoro', 'atendimento', 'organização', 'loja']","['sempre', 'fazer', 'compra', 'swift', 'adorar', 'atendimento', 'organização', 'lojar']",sempre faço compras swift adoro atendimento organização loja,sempre fazer compra swift adorar atendimento organização lojar,promotor
2024,L5235-LOUVEIRA,set,37,2024-09-13,Realizar promoções,promotor,1,"['Realizar', 'promoções']","['realizar', 'promoções']","['realizar', 'promoção']",realizar promoções,realizar promoção,promotor
2024,L5235-LOUVEIRA,set,37,2024-09-14,"Loja incrível, super organizada . Atendimento excelente , Swift Louveira a melhor da região.",promotor,1,"['Loja', 'incrível', ',', 'super', 'organizada', '.', 'Atendimento', 'excelente', ',', 'Swift', 'Louveira', 'a', 'melhor', 'da', 'região', '.']","['loja', 'incrível', 'super', 'organizada', 'atendimento', 'excelente', 'swift', 'louveira', 'melhor', 'região']","['loja', 'incrível', 'super', 'organizar', 'atendimento', 'excelente', 'swift', 'louveira', 'bom', 'região']",loja incrível super organizada atendimento excelente swift louveira melhor região,loja incrível super organizar atendimento excelente swift louveira bom região,promotor
2024,L5235-LOUVEIRA,set,37,2024-09-14,Tudo dentro das necessidades,promotor,1,"['Tudo', 'dentro', 'das', 'necessidades']","['tudo', 'dentro', 'necessidades']","['tudo', 'dentro', 'necessidade']",tudo dentro necessidades,tudo dentro necessidade,promotor
2024,L5235-LOUVEIRA,set,38,2024-09-16,Mandando uns cupons de desconto para o cliente ????,promotor,1,"['Mandando', 'uns', 'cupons', 'de', 'desconto', 'para', 'o', 'cliente', '?', '?', '?', '?']","['mandando', 'uns', 'cupons', 'desconto', 'cliente']","['mandar', 'um', 'cupons', 'desconto', 'cliente']",mandando uns cupons desconto cliente,mandar um cupons desconto cliente,promotor
2024,L5235-LOUVEIRA,set,38,2024-09-16,PARABÉNS  POR TER BONS E ESPECIALIZADOS;FUNCIONARIOS E GRANDE VARIEDADES DE PRODUTOS E TODOS DE QUALIDADE.;MUITO SATISFEITO.,promotor,1,"['PARABÉNS', 'POR', 'TER', 'BONS', 'E', 'ESPECIALIZADOS', ';', 'FUNCIONARIOS', 'E', 'GRANDE', 'VARIEDADES', 'DE', 'PRODUTOS', 'E', 'TODOS', 'DE', 'QUALIDADE', '.', ';', 'MUITO', 'SATISFEITO', '.']","['parabéns', 'bons', 'especializados', 'funcionarios', 'grande', 'variedades', 'produtos', 'todos', 'qualidade', 'satisfeito']","['parabéns', 'bom', 'especializados', 'funcionario', 'grande', 'variedade', 'produto', 'todo', 'qualidade', 'satisfeito']",parabéns bons especializados funcionarios grande variedades produtos todos qualidade satisfeito,parabéns bom especializados funcionario grande variedade produto todo qualidade satisfeito,promotor
2024,L5235-LOUVEIRA,set,38,2024-09-16,"Seria legal ter refrigerantes.;Seria legal tambpem ter algum programa de pontos, para conseguir descontos.",promotor,1,"['Seria', 'legal', 'ter', 'refrigerantes', '.', ';', 'Seria', 'legal', 'tambpem', 'ter', 'algum', 'programa', 'de', 'pontos', ',', 'para', 'conseguir', 'descontos', '.']","['legal', 'refrigerantes', 'legal', 'tambpem', 'algum', 'programa', 'pontos', 'conseguir', 'descontos']","['legal', 'refrigerante', 'legal', 'tambpem', 'algum', 'programa', 'ponto', 'conseguir', 'desconto']",legal refrigerantes legal tambpem algum programa pontos conseguir descontos,legal refrigerante legal tambpem algum programa ponto conseguir desconto,promotor
2024,L5235-LOUVEIRA,set,38,2024-09-20,";Desconto no Pix.;Ou acumular pontos para trocar em brindes.;Fora isso não precisa melhorar em nada, está ótimo.",promotor,1,"[';', 'Desconto', 'no', 'Pix', '.', ';', 'Ou', 'acumular', 'pontos', 'para', 'trocar', 'em', 'brindes', '.', ';', 'Fora', 'isso', 'não', 'precisa', 'melhorar', 'em', 'nada', ',', 'está', 'ótimo', '.']","['desconto', 'pix', 'acumular', 'pontos', 'trocar', 'brindes', 'não', 'precisa', 'melhorar', 'nada', 'ótimo']","['desconto', 'pix', 'acumular', 'ponto', 'trocar', 'brinde', 'não', 'precisar', 'melhorar', 'nada', 'bom']",desconto pix acumular pontos trocar brindes não precisa melhorar nada ótimo,desconto pix acumular ponto trocar brinde não precisar melhorar nada bom,promotor
2024,L5235-LOUVEIRA,set,39,2024-09-23,"ja comprei outras vezes, vou tentar avaliar tudo por aqui para que vcs possam melhorar...;;1 - fiz o cadastro no caixa a algumas semanas... mas neste final de semana nao estava cadastrado... nao só fiz na mesma loja como no mesmo PC, mesmo caixa... sera que vou ter que faze-lo outra vez quando eu voltar la? e toda vez sera isso?;;2 - a disposição das carnes, é muito confusa... sei que poderia ser bem pior, mas ainda ta longe de ser fácil a escolha dos produtos... devia ter alguma informaçao dos produto que tem em cada refrigerador, e talvez um mapa ou guia na loja, cliquando no que se precisa e onde encontrar... ;;3- pedi uma carne moida... algo horrivel, esbranquiçado, parecendo raçao de peixe, algo sinceramente horrivelll.  comida deve estar bem vistas pra que o cliente possa ver e comprar... a carne moida de vcs, é raçao de peixe... (acabei comprando pelo atendimento da vendedora, a carne apesar de bem gordurosa, estava muito boa...) mas o condicionamento, é terrivel... kkk fica a dica...;;acho que esses pontos sao os mais ""interessantes"" comentar com vcs... leve como algo construtivo, nao sou Hater... só estou ""perdendo"" esse tempo pra lhe escrever, pra que algo melhore... ;;agradeço a oportunidade...  boas vendas...",promotor,1,"['ja', 'comprei', 'outras', 'vezes', ',', 'vou', 'tentar', 'avaliar', 'tudo', 'por', 'aqui', 'para', 'que', 'vcs', 'possam', 'melhorar', '...', ';', ';', '1', '-', 'fiz', 'o', 'cadastro', 'no', 'caixa', 'a', 'algumas', 'semanas', '...', 'mas', 'neste', 'final', 'de', 'semana', 'nao', 'estava', 'cadastrado', '...', 'nao', 'só', 'fiz', 'na', 'mesma', 'loja', 'como', 'no', 'mesmo', 'PC', ',', 'mesmo', 'caixa', '...', 'sera', 'que', 'vou', 'ter', 'que', 'faze-lo', 'outra', 'vez', 'quando', 'eu', 'voltar', 'la', '?', 'e', 'toda', 'vez', 'sera', 'isso', '?', ';', ';', '2', '-', 'a', 'disposição', 'das', 'carnes', ',', 'é', 'muito', 'confusa', '...', 'sei', 'que', 'poderia', 'ser', 'bem', 'pior', ',', 'mas', 'ainda', 'ta', 'longe', 'de', 'ser', 'fácil', 'a', 'escolha', 'dos', 'produtos', '...', 'devia', 'ter', 'alguma', 'informaçao', 'dos', 'produto', 'que', 'tem', 'em', 'cada', 'refrigerador', ',', 'e', 'talvez', 'um', 'mapa', 'ou', 'guia', 'na', 'loja', ',', 'cliquando', 'no', 'que', 'se', 'precisa', 'e', 'onde', 'encontrar', '...', ';', ';', '3-', 'pedi', 'uma', 'carne', 'moida', '...', 'algo', 'horrivel', ',', 'esbranquiçado', ',', 'parecendo', 'raçao', 'de', 'peixe', ',', 'algo', 'sinceramente', 'horrivelll', '.', 'comida', 'deve', 'estar', 'bem', 'vistas', 'pra', 'que', 'o', 'cliente', 'possa', 'ver', 'e', 'comprar', '...', 'a', 'carne', 'moida', 'de', 'vcs', ',', 'é', 'raçao', 'de', 'peixe', '...', '(', 'acabei', 'comprando', 'pelo', 'atendimento', 'da', 'vendedora', ',', 'a', 'carne', 'apesar', 'de', 'bem', 'gordurosa', ',', 'estava', 'muito', 'boa', '...', ')', 'mas', 'o', 'condicionamento', ',', 'é', 'terrivel', '...', 'kkk', 'fica', 'a', 'dica', '...', ';', ';', 'acho', 'que', 'esses', 'pontos', 'sao', 'os', 'mais', '``', 'interessantes', ""''"", 'comentar', 'com', 'vcs', '...', 'leve', 'como', 'algo', 'construtivo', ',', 'nao', 'sou', 'Hater', '...', 'só', 'estou', '``', 'perdendo', ""''"", 'esse', 'tempo', 'pra', 'lhe', 'escrever', ',', 'pra', 'que', 'algo', 'melhore', '...', ';', ';', 'agradeço', 'a', 'oportunidade', '...', 'boas', 'vendas', '...']","['ja', 'comprei', 'outras', 'vezes', 'vou', 'tentar', 'avaliar', 'tudo', 'aqui', 'vcs', 'possam', 'melhorar', 'fiz', 'cadastro', 'caixa', 'algumas', 'semanas', 'neste', 'final', 'semana', 'nao', 'cadastrado', 'nao', 'fiz', 'mesma', 'loja', 'pc', 'caixa', 'sera', 'vou', 'fazelo', 'outra', 'vez', 'voltar', 'la', 'toda', 'vez', 'sera', 'disposição', 'carnes', 'confusa', 'sei', 'poderia', 'bem', 'pior', 'ainda', 'ta', 'longe', 'fácil', 'escolha', 'produtos', 'devia', 'alguma', 'informaçao', 'produto', 'cada', 'refrigerador', 'talvez', 'mapa', 'guia', 'loja', 'cliquando', 'precisa', 'onde', 'encontrar', 'pedi', 'carne', 'moida', 'algo', 'horrivel', 'esbranquiçado', 'parecendo', 'raçao', 'peixe', 'algo', 'sinceramente', 'horrivelll', 'comida', 'deve', 'bem', 'vistas', 'pra', 'cliente', 'possa', 'ver', 'comprar', 'carne', 'moida', 'vcs', 'raçao', 'peixe', 'acabei', 'comprando', 'atendimento', 'vendedora', 'carne', 'apesar', 'bem', 'gordurosa', 'boa', 'condicionamento', 'terrivel', 'kkk', 'fica', 'dica', 'acho', 'pontos', 'sao', 'interessantes', 'comentar', 'vcs', 'leve', 'algo', 'construtivo', 'nao', 'hater', 'perdendo', 'tempo', 'pra', 'escrever', 'pra', 'algo', 'melhore', 'agradeço', 'oportunidade', 'boas', 'vendas']","['ja', 'compr', 'outro', 'vez', 'ir', 'tentar', 'avaliar', 'tudo', 'aqui', 'vcs', 'poder', 'melhorar', 'fiz', 'cadastro', 'caixar', 'algum', 'semana', 'emeste', 'final', 'semana', 'nao', 'cadastrar', 'nao', 'fiz', 'mesmo', 'loja', 'pc', 'caixa', 'serar', 'ir', 'fazelo', 'outro', 'vez', 'voltar', 'la', 'todo', 'vez', 'serar', 'disposição', 'carne', 'confusa', 'saber', 'poder', 'bem', 'mau', 'ainda', 'ta', 'longe', 'fácil', 'escolha', 'produto', 'dever', 'algum', 'informaçao', 'produto', 'cada', 'refrigerador', 'talvez', 'mapa', 'guia', 'loja', 'cliquar', 'precisar', 'onde', 'encontrar', 'pedi', 'carne', 'moir', 'algo', 'horrivel', 'esbranquiçar', 'parecer', 'raçao', 'peixe', 'algo', 'sinceramente', 'horrivelll', 'comida', 'dever', 'bem', 'visto', 'pra', 'cliente', 'poder', 'ver', 'comprar', 'carne', 'moir', 'vcs', 'raçao', 'peixe', 'acabar', 'comprar', 'atendimento', 'vendedor', 'carne', 'apesar', 'bem', 'gorduroso', 'bom', 'condicionamento', 'terrivel', 'kkk', 'ficar', 'dico', 'achar', 'ponto', 'sao', 'interessante', 'comentar', 'vcs', 'levar', 'algo', 'construtivo', 'nao', 'hater', 'perder', 'tempo', 'pra', 'escrever', 'pra', 'algo', 'melhore', 'agradeço', 'oportunidade', 'bom', 'venda']",ja comprei outras vezes vou tentar avaliar tudo aqui vcs possam melhorar fiz cadastro caixa algumas semanas neste final semana nao cadastrado nao fiz mesma loja pc caixa sera vou fazelo outra vez voltar la toda vez sera disposição carnes confusa sei poderia bem pior ainda ta longe fácil escolha produtos devia alguma informaçao produto cada refrigerador talvez mapa guia loja cliquando precisa onde encontrar pedi carne moida algo horrivel esbranquiçado parecendo raçao peixe algo sinceramente horrivelll comida deve bem vistas pra cliente possa ver comprar carne moida vcs raçao peixe acabei comprando atendimento vendedora carne apesar bem gordurosa boa condicionamento terrivel kkk fica dica acho pontos sao interessantes comentar vcs leve algo construtivo nao hater perdendo tempo pra escrever pra algo melhore agradeço oportunidade boas vendas,ja compr outro vez ir tentar avaliar tudo aqui vcs poder melhorar fiz cadastro caixar algum semana emeste final semana nao cadastrar nao fiz mesmo loja pc caixa serar ir fazelo outro vez voltar la todo vez serar disposição carne confusa saber poder bem mau ainda ta longe fácil escolha produto dever algum informaçao produto cada refrigerador talvez mapa guia loja cliquar precisar onde encontrar pedi carne moir algo horrivel esbranquiçar parecer raçao peixe algo sinceramente horrivelll comida dever bem visto pra cliente poder ver comprar carne moir vcs raçao peixe acabar comprar atendimento vendedor carne apesar bem gorduroso bom condicionamento terrivel kkk ficar dico achar ponto sao interessante comentar vcs levar algo construtivo nao hater perder tempo pra escrever pra algo melhore agradeço oportunidade bom venda,promotor
2024,L5235-LOUVEIRA,set,39,2024-09-28,"Preços caros, mas promoções compensam!",promotor,1,"['Preços', 'caros', ',', 'mas', 'promoções', 'compensam', '!']","['preços', 'caros', 'promoções', 'compensam']","['preço', 'caro', 'promoção', 'compensar']",preços caros promoções compensam,preço caro promoção compensar,promotor
2024,L5235-LOUVEIRA,set,39,2024-09-29,"Eu já conheci a loja de Vinhedo e a loja de Jundiaí, mais a loja de louveira e a melhor em atendimento e limpeza! Parabéns para os funcionários!!",promotor,1,"['Eu', 'já', 'conheci', 'a', 'loja', 'de', 'Vinhedo', 'e', 'a', 'loja', 'de', 'Jundiaí', ',', 'mais', 'a', 'loja', 'de', 'louveira', 'e', 'a', 'melhor', 'em', 'atendimento', 'e', 'limpeza', '!', 'Parabéns', 'para', 'os', 'funcionários', '!', '!']","['conheci', 'loja', 'vinhedo', 'loja', 'jundiaí', 'loja', 'louveira', 'melhor', 'atendimento', 'limpeza', 'parabéns', 'funcionários']","['conheci', 'loja', 'vinhedo', 'loja', 'jundiaí', 'loja', 'louveira', 'bom', 'atendimento', 'limpezar', 'parabéns', 'funcionário']",conheci loja vinhedo loja jundiaí loja louveira melhor atendimento limpeza parabéns funcionários,conheci loja vinhedo loja jundiaí loja louveira bom atendimento limpezar parabéns funcionário,promotor
2024,L5235-LOUVEIRA,set,40,2024-09-30,"FALTA O CORTE DE JOELHO DE PORCO / ""EINSBEIN"";CORTE ALEMÃO.;ABSURDO TER TANTA VARIEDADE E NÃO TEREM UM SIMPLES CORTE DA PERNA DO PORCO !",promotor,1,"['FALTA', 'O', 'CORTE', 'DE', 'JOELHO', 'DE', 'PORCO', '/', '``', 'EINSBEIN', ""''"", ';', 'CORTE', 'ALEMÃO', '.', ';', 'ABSURDO', 'TER', 'TANTA', 'VARIEDADE', 'E', 'NÃO', 'TEREM', 'UM', 'SIMPLES', 'CORTE', 'DA', 'PERNA', 'DO', 'PORCO', '!']","['falta', 'corte', 'joelho', 'porco', 'einsbein', 'corte', 'alemão', 'absurdo', 'tanta', 'variedade', 'não', 'terem', 'simples', 'corte', 'perna', 'porco']","['falta', 'corte', 'joelho', 'porco', 'einsbein', 'corte', 'alemão', 'absurdo', 'tanto', 'variedade', 'não', 'ter', 'simples', 'corte', 'perno', 'porco']",falta corte joelho porco einsbein corte alemão absurdo tanta variedade não terem simples corte perna porco,falta corte joelho porco einsbein corte alemão absurdo tanto variedade não ter simples corte perno porco,promotor
2024,L5235-LOUVEIRA,out,40,2024-10-01,Gostaria que os preços fossem mais acessíveis para poder comprar mais e mais vezes.;Poderia criar algum tipo de fidelidade que gerasse descontos para futuras compras.,neutro,0,"['Gostaria', 'que', 'os', 'preços', 'fossem', 'mais', 'acessíveis', 'para', 'poder', 'comprar', 'mais', 'e', 'mais', 'vezes', '.', ';', 'Poderia', 'criar', 'algum', 'tipo', 'de', 'fidelidade', 'que', 'gerasse', 'descontos', 'para', 'futuras', 'compras', '.']","['gostaria', 'preços', 'acessíveis', 'poder', 'comprar', 'vezes', 'poderia', 'criar', 'algum', 'tipo', 'fidelidade', 'gerasse', 'descontos', 'futuras', 'compras']","['gostar', 'preço', 'acessível', 'poder', 'comprar', 'vez', 'poder', 'criar', 'algum', 'tipo', 'fidelidade', 'gerar', 'desconto', 'futuro', 'compra']",gostaria preços acessíveis poder comprar vezes poderia criar algum tipo fidelidade gerasse descontos futuras compras,gostar preço acessível poder comprar vez poder criar algum tipo fidelidade gerar desconto futuro compra,neutro
2024,L5235-LOUVEIRA,out,40,2024-10-02,"Eu compro mais na loja de Louveira, ótimo atendimento parabéns.",promotor,1,"['Eu', 'compro', 'mais', 'na', 'loja', 'de', 'Louveira', ',', 'ótimo', 'atendimento', 'parabéns', '.']","['compro', 'loja', 'louveira', 'ótimo', 'atendimento', 'parabéns']","['compro', 'loja', 'louveira', 'ótimo', 'atendimento', 'parabéns']",compro loja louveira ótimo atendimento parabéns,compro loja louveira ótimo atendimento parabéns,promotor
2024,L5235-LOUVEIRA,out,40,2024-10-02,"Sugiro preço abaixo dos concorrentes.
Promoções casadas são desmotivadoras tipo 800 gr de tilapia por 39,90 leve dois pacotes por 33,90. Não quero levar 02 pacotes, mas quero pagar 33,90 para poder levar outros produtos diferentes.
Precisa ter a promoção para incentivar o consumidor mas sem compra casada.
Sugiro pontos de fidelidade para obtermos descontos nas compras.",neutro,0,"['Sugiro', 'preço', 'abaixo', 'dos', 'concorrentes', '.', 'Promoções', 'casadas', 'são', 'desmotivadoras', 'tipo', '800', 'gr', 'de', 'tilapia', 'por', '39,90', 'leve', 'dois', 'pacotes', 'por', '33,90', '.', 'Não', 'quero', 'levar', '02', 'pacotes', ',', 'mas', 'quero', 'pagar', '33,90', 'para', 'poder', 'levar', 'outros', 'produtos', 'diferentes', '.', 'Precisa', 'ter', 'a', 'promoção', 'para', 'incentivar', 'o', 'consumidor', 'mas', 'sem', 'compra', 'casada', '.', 'Sugiro', 'pontos', 'de', 'fidelidade', 'para', 'obtermos', 'descontos', 'nas', 'compras', '.']","['sugiro', 'preço', 'abaixo', 'concorrentes', 'promoções', 'casadas', 'desmotivadoras', 'tipo', 'gr', 'tilapia', 'leve', 'dois', 'pacotes', 'não', 'quero', 'levar', 'pacotes', 'quero', 'pagar', 'poder', 'levar', 'outros', 'produtos', 'diferentes', 'precisa', 'promoção', 'incentivar', 'consumidor', 'compra', 'casada', 'sugiro', 'pontos', 'fidelidade', 'obtermos', 'descontos', 'compras']","['sugiro', 'preço', 'abaixo', 'concorrente', 'promoção', 'casar', 'desmotivador', 'tipo', 'gr', 'tilapia', 'levar', 'dois', 'pacote', 'não', 'querer', 'levar', 'pacote', 'querer', 'pagar', 'poder', 'levar', 'outro', 'produto', 'diferente', 'precisar', 'promoção', 'incentivar', 'consumidor', 'compra', 'casado', 'sugiro', 'ponto', 'fidelidade', 'obtermos', 'desconto', 'compra']",sugiro preço abaixo concorrentes promoções casadas desmotivadoras tipo gr tilapia leve dois pacotes não quero levar pacotes quero pagar poder levar outros produtos diferentes precisa promoção incentivar consumidor compra casada sugiro pontos fidelidade obtermos descontos compras,sugiro preço abaixo concorrente promoção casar desmotivador tipo gr tilapia levar dois pacote não querer levar pacote querer pagar poder levar outro produto diferente precisar promoção incentivar consumidor compra casado sugiro ponto fidelidade obtermos desconto compra,neutro
2024,L5235-LOUVEIRA,out,40,2024-10-03,Melhor impossível porque vocês são nota 1000 em todos os quesitos,promotor,1,"['Melhor', 'impossível', 'porque', 'vocês', 'são', 'nota', '1000', 'em', 'todos', 'os', 'quesitos']","['melhor', 'impossível', 'porque', 'nota', 'todos', 'quesitos']","['bom', 'impossível', 'porque', 'nota', 'todo', 'quesito']",melhor impossível porque nota todos quesitos,bom impossível porque nota todo quesito,promotor
2024,L5235-LOUVEIRA,out,40,2024-10-04,Eu tô gostando do time atual.,promotor,1,"['Eu', 'tô', 'gostando', 'do', 'time', 'atual', '.']","['tô', 'gostando', 'time', 'atual']","['tô', 'gostar', 'time', 'atual']",tô gostando time atual,tô gostar time atual,promotor
2024,L5235-LOUVEIRA,out,40,2024-10-06,Retirar produtos muito velhos,detrator,-1,"['Retirar', 'produtos', 'muito', 'velhos']","['retirar', 'produtos', 'velhos']","['retirar', 'produto', 'velho']",retirar produtos velhos,retirar produto velho,detrator
2024,L5235-LOUVEIRA,out,41,2024-10-07,Fazer promoções em alguns cortes,promotor,1,"['Fazer', 'promoções', 'em', 'alguns', 'cortes']","['fazer', 'promoções', 'alguns', 'cortes']","['fazer', 'promoção', 'algum', 'corte']",fazer promoções alguns cortes,fazer promoção algum corte,promotor
2024,L5235-LOUVEIRA,out,41,2024-10-08,Atendimento ótimo e rápido,promotor,1,"['Atendimento', 'ótimo', 'e', 'rápido']","['atendimento', 'ótimo', 'rápido']","['atendimento', 'ótimo', 'rápido']",atendimento ótimo rápido,atendimento ótimo rápido,promotor
2024,L5235-LOUVEIRA,out,41,2024-10-08,"O ideal é sempre desconto, mas sei que isso não depende totalmente de vocês, então está tudo bem ????????",promotor,1,"['O', 'ideal', 'é', 'sempre', 'desconto', ',', 'mas', 'sei', 'que', 'isso', 'não', 'depende', 'totalmente', 'de', 'vocês', ',', 'então', 'está', 'tudo', 'bem', '?', '?', '?', '?', '?', '?', '?', '?']","['ideal', 'sempre', 'desconto', 'sei', 'não', 'depende', 'totalmente', 'então', 'tudo', 'bem']","['ideal', 'sempre', 'desconto', 'saber', 'não', 'depender', 'totalmente', 'então', 'tudo', 'bem']",ideal sempre desconto sei não depende totalmente então tudo bem,ideal sempre desconto saber não depender totalmente então tudo bem,promotor
2024,L5235-LOUVEIRA,out,41,2024-10-08,Os preços subiram muito,promotor,1,"['Os', 'preços', 'subiram', 'muito']","['preços', 'subiram']","['preço', 'subir']",preços subiram,preço subir,promotor
2024,L5235-LOUVEIRA,out,41,2024-10-11,Atendimento muito bom,promotor,1,"['Atendimento', 'muito', 'bom']","['atendimento', 'bom']","['atendimento', 'bom']",atendimento bom,atendimento bom,promotor
2024,L5235-LOUVEIRA,out,41,2024-10-11,Atendimento ótimo,promotor,1,"['Atendimento', 'ótimo']","['atendimento', 'ótimo']","['atendimento', 'ótimo']",atendimento ótimo,atendimento ótimo,promotor
2024,L5235-LOUVEIRA,out,41,2024-10-11,"É sempre bom melhorar ,mas para mim está ótimo",promotor,1,"['É', 'sempre', 'bom', 'melhorar', ',', 'mas', 'para', 'mim', 'está', 'ótimo']","['sempre', 'bom', 'melhorar', 'mim', 'ótimo']","['sempre', 'bom', 'melhorar', 'eu', 'bom']",sempre bom melhorar mim ótimo,sempre bom melhorar eu bom,promotor
2024,L5235-LOUVEIRA,out,42,2024-10-15,Ter mais promoção dos produtos.,promotor,1,"['Ter', 'mais', 'promoção', 'dos', 'produtos', '.']","['promoção', 'produtos']","['promoção', 'produto']",promoção produtos,promoção produto,promotor
2024,L5235-LOUVEIRA,out,43,2024-10-21,"Boa tarde ! 
A loja de Louveira - SP é muito organizada e as funcionárias muito atenciosas e gentis !",promotor,1,"['Boa', 'tarde', '!', 'A', 'loja', 'de', 'Louveira', '-', 'SP', 'é', 'muito', 'organizada', 'e', 'as', 'funcionárias', 'muito', 'atenciosas', 'e', 'gentis', '!']","['boa', 'tarde', 'loja', 'louveira', 'sp', 'organizada', 'funcionárias', 'atenciosas', 'gentis']","['bom', 'tarde', 'loja', 'louveira', 'sp', 'organizar', 'funcionária', 'atenciosas', 'gentil']",boa tarde loja louveira sp organizada funcionárias atenciosas gentis,bom tarde loja louveira sp organizar funcionária atenciosas gentil,promotor
2024,L5235-LOUVEIRA,out,44,2024-10-28,"Excelente o atendimento recebido na loja de Louveira - SP, prestativos, solícitos e atenciosos.",promotor,1,"['Excelente', 'o', 'atendimento', 'recebido', 'na', 'loja', 'de', 'Louveira', '-', 'SP', ',', 'prestativos', ',', 'solícitos', 'e', 'atenciosos', '.']","['excelente', 'atendimento', 'recebido', 'loja', 'louveira', 'sp', 'prestativos', 'solícitos', 'atenciosos']","['excelente', 'atendimento', 'receber', 'loja', 'louveira', 'sp', 'prestativo', 'solícito', 'atencioso']",excelente atendimento recebido loja louveira sp prestativos solícitos atenciosos,excelente atendimento receber loja louveira sp prestativo solícito atencioso,promotor
2024,L5235-LOUVEIRA,out,44,2024-10-28,Faltou alguns itens na loja de Louveira,promotor,1,"['Faltou', 'alguns', 'itens', 'na', 'loja', 'de', 'Louveira']","['faltou', 'alguns', 'itens', 'loja', 'louveira']","['faltar', 'algum', 'item', 'lojar', 'louveira']",faltou alguns itens loja louveira,faltar algum item lojar louveira,promotor
2024,L5235-LOUVEIRA,out,44,2024-10-29,"Já sou cliente assíduo e cada vez mais deverei permanecer, pois os produtos são de extrema qualidade.",promotor,1,"['Já', 'sou', 'cliente', 'assíduo', 'e', 'cada', 'vez', 'mais', 'deverei', 'permanecer', ',', 'pois', 'os', 'produtos', 'são', 'de', 'extrema', 'qualidade', '.']","['cliente', 'assíduo', 'cada', 'vez', 'deverei', 'permanecer', 'pois', 'produtos', 'extrema', 'qualidade']","['cliente', 'assíduo', 'cada', 'vez', 'dever', 'permanecer', 'pois', 'produto', 'extremo', 'qualidade']",cliente assíduo cada vez deverei permanecer pois produtos extrema qualidade,cliente assíduo cada vez dever permanecer pois produto extremo qualidade,promotor
2024,L5235-LOUVEIRA,out,44,2024-10-30,"Tudo ótimo, funcionários maravilhosos",promotor,1,"['Tudo', 'ótimo', ',', 'funcionários', 'maravilhosos']","['tudo', 'ótimo', 'funcionários', 'maravilhosos']","['tudo', 'bom', 'funcionário', 'maravilhoso']",tudo ótimo funcionários maravilhosos,tudo bom funcionário maravilhoso,promotor
2024,L5235-LOUVEIRA,nov,45,2024-11-05,"Excelente atendimento e variedade de produtos
Gostei muito da Degustação e comprei dois combos.",promotor,1,"['Excelente', 'atendimento', 'e', 'variedade', 'de', 'produtos', 'Gostei', 'muito', 'da', 'Degustação', 'e', 'comprei', 'dois', 'combos', '.']","['excelente', 'atendimento', 'variedade', 'produtos', 'gostei', 'degustação', 'comprei', 'dois', 'combos']","['excelente', 'atendimento', 'variedade', 'produto', 'gostar', 'degustação', 'comprei', 'dois', 'combo']",excelente atendimento variedade produtos gostei degustação comprei dois combos,excelente atendimento variedade produto gostar degustação comprei dois combo,promotor
2024,L5235-LOUVEIRA,nov,45,2024-11-05,Sempre busco por preços justos aliados a qualidade gostaria de mais promoções.,promotor,1,"['Sempre', 'busco', 'por', 'preços', 'justos', 'aliados', 'a', 'qualidade', 'gostaria', 'de', 'mais', 'promoções', '.']","['sempre', 'busco', 'preços', 'justos', 'aliados', 'qualidade', 'gostaria', 'promoções']","['sempre', 'busco', 'preço', 'justo', 'aliar', 'qualidade', 'gostar', 'promoção']",sempre busco preços justos aliados qualidade gostaria promoções,sempre busco preço justo aliar qualidade gostar promoção,promotor
2024,L5235-LOUVEIRA,nov,45,2024-11-08,Eu gostaria de ganhar uma bolsa térmica ❤️,promotor,1,"['Eu', 'gostaria', 'de', 'ganhar', 'uma', 'bolsa', 'térmica', '❤️']","['gostaria', 'ganhar', 'bolsa', 'térmica']","['gostar', 'ganhar', 'bolsa', 'térmico']",gostaria ganhar bolsa térmica,gostar ganhar bolsa térmico,promotor
2024,L5235-LOUVEIRA,nov,45,2024-11-10,Vou ser bem sincera quando eu peço ajudar não te? Tipo vc pode mim mandar o boleto até agora nada  Lu vc falou que vc não ia deixar ninguém desamparada,neutro,0,"['Vou', 'ser', 'bem', 'sincera', 'quando', 'eu', 'peço', 'ajudar', 'não', 'te', '?', 'Tipo', 'vc', 'pode', 'mim', 'mandar', 'o', 'boleto', 'até', 'agora', 'nada', 'Lu', 'vc', 'falou', 'que', 'vc', 'não', 'ia', 'deixar', 'ninguém', 'desamparada']","['vou', 'bem', 'sincera', 'peço', 'ajudar', 'não', 'tipo', 'vc', 'pode', 'mim', 'mandar', 'boleto', 'agora', 'nada', 'lu', 'vc', 'falou', 'vc', 'não', 'ia', 'deixar', 'ninguém', 'desamparada']","['ir', 'bem', 'sincera', 'peço', 'ajudar', 'não', 'tipo', 'vc', 'poder', 'eu', 'mandar', 'boleto', 'agora', 'nada', 'lu', 'vc', 'falar', 'vc', 'não', 'ir', 'deixar', 'ninguém', 'desamparar']",vou bem sincera peço ajudar não tipo vc pode mim mandar boleto agora nada lu vc falou vc não ia deixar ninguém desamparada,ir bem sincera peço ajudar não tipo vc poder eu mandar boleto agora nada lu vc falar vc não ir deixar ninguém desamparar,neutro
2024,L5235-LOUVEIRA,nov,46,2024-11-12,"Se possivel, deixar produtos mais acessiveis financeiramente.",neutro,0,"['Se', 'possivel', ',', 'deixar', 'produtos', 'mais', 'acessiveis', 'financeiramente', '.']","['possivel', 'deixar', 'produtos', 'acessiveis', 'financeiramente']","['possivel', 'deixar', 'produto', 'acessivel', 'financeiramente']",possivel deixar produtos acessiveis financeiramente,possivel deixar produto acessivel financeiramente,neutro
2024,L5235-LOUVEIRA,nov,46,2024-11-15,Realizando promoções.,promotor,1,"['Realizando', 'promoções', '.']","['realizando', 'promoções']","['realizar', 'promoção']",realizando promoções,realizar promoção,promotor
2024,L5235-LOUVEIRA,nov,47,2024-11-18,Sorteando brindes aos clientes,promotor,1,"['Sorteando', 'brindes', 'aos', 'clientes']","['sorteando', 'brindes', 'clientes']","['sortear', 'brinde', 'cliente']",sorteando brindes clientes,sortear brinde cliente,promotor
2024,L5235-LOUVEIRA,nov,47,2024-11-18,"Poderiam melhor o espetinho de Carne, pois toda vez que pegamos vem despedaçando, faltando pedaço no espeto, está horrível de assar, até íamos comprar os espetinhos para um aniversário com vocês, porém o espeto de Carne está deixando a desejar, sabor  maravilhoso, porém na hora de assar e separar eles depois que descongela é problema!!",detrator,-1,"['Poderiam', 'melhor', 'o', 'espetinho', 'de', 'Carne', ',', 'pois', 'toda', 'vez', 'que', 'pegamos', 'vem', 'despedaçando', ',', 'faltando', 'pedaço', 'no', 'espeto', ',', 'está', 'horrível', 'de', 'assar', ',', 'até', 'íamos', 'comprar', 'os', 'espetinhos', 'para', 'um', 'aniversário', 'com', 'vocês', ',', 'porém', 'o', 'espeto', 'de', 'Carne', 'está', 'deixando', 'a', 'desejar', ',', 'sabor', 'maravilhoso', ',', 'porém', 'na', 'hora', 'de', 'assar', 'e', 'separar', 'eles', 'depois', 'que', 'descongela', 'é', 'problema', '!', '!']","['poderiam', 'melhor', 'espetinho', 'carne', 'pois', 'toda', 'vez', 'pegamos', 'vem', 'despedaçando', 'faltando', 'pedaço', 'espeto', 'horrível', 'assar', 'íamos', 'comprar', 'espetinhos', 'aniversário', 'porém', 'espeto', 'carne', 'deixando', 'desejar', 'sabor', 'maravilhoso', 'porém', 'hora', 'assar', 'separar', 'descongela', 'problema']","['poder', 'bom', 'espetinho', 'carne', 'pois', 'toda', 'vez', 'pegar', 'vir', 'despedaçar', 'faltar', 'pedaço', 'espeto', 'horrível', 'assar', 'íamos', 'comprar', 'espetinho', 'aniversário', 'porém', 'espeto', 'carne', 'deixar', 'desejar', 'sabor', 'maravilhoso', 'porém', 'hora', 'assar', 'separar', 'descongela', 'problema']",poderiam melhor espetinho carne pois toda vez pegamos vem despedaçando faltando pedaço espeto horrível assar íamos comprar espetinhos aniversário porém espeto carne deixando desejar sabor maravilhoso porém hora assar separar descongela problema,poder bom espetinho carne pois toda vez pegar vir despedaçar faltar pedaço espeto horrível assar íamos comprar espetinho aniversário porém espeto carne deixar desejar sabor maravilhoso porém hora assar separar descongela problema,detrator
2024,L5235-LOUVEIRA,nov,47,2024-11-20,Loja perfeita,promotor,1,"['Loja', 'perfeita']","['loja', 'perfeita']","['loja', 'perfazer']",loja perfeita,loja perfazer,promotor
2024,L5235-LOUVEIRA,nov,47,2024-11-21,"As promoções não estavam atrativas, infelizmente. Comprei meus produtos porque eu não tinha tempo para passar em outro lugar...",promotor,1,"['As', 'promoções', 'não', 'estavam', 'atrativas', ',', 'infelizmente', '.', 'Comprei', 'meus', 'produtos', 'porque', 'eu', 'não', 'tinha', 'tempo', 'para', 'passar', 'em', 'outro', 'lugar', '...']","['promoções', 'não', 'atrativas', 'infelizmente', 'comprei', 'produtos', 'porque', 'não', 'tempo', 'passar', 'outro', 'lugar']","['promoção', 'não', 'atrativo', 'infelizmente', 'comprei', 'produto', 'porque', 'não', 'tempo', 'passar', 'outro', 'lugar']",promoções não atrativas infelizmente comprei produtos porque não tempo passar outro lugar,promoção não atrativo infelizmente comprei produto porque não tempo passar outro lugar,promotor
2024,L5235-LOUVEIRA,nov,47,2024-11-22,Loja maravilhosa,promotor,1,"['Loja', 'maravilhosa']","['loja', 'maravilhosa']","['loja', 'maravilhoso']",loja maravilhosa,loja maravilhoso,promotor
2024,L5235-LOUVEIRA,nov,47,2024-11-22,"Falta algum plano de fidelidade e descontos. 
",neutro,0,"['Falta', 'algum', 'plano', 'de', 'fidelidade', 'e', 'descontos', '.']","['falta', 'algum', 'plano', 'fidelidade', 'descontos']","['faltar', 'algum', 'plano', 'fidelidade', 'desconto']",falta algum plano fidelidade descontos,faltar algum plano fidelidade desconto,neutro
2024,L5235-LOUVEIRA,nov,48,2024-11-25,Loja muito bem organizada,promotor,1,"['Loja', 'muito', 'bem', 'organizada']","['loja', 'bem', 'organizada']","['loja', 'bem', 'organizar']",loja bem organizada,loja bem organizar,promotor
2024,L5235-LOUVEIRA,nov,48,2024-11-25,não encontro mais asinha de frango com barbecue.,detrator,-1,"['não', 'encontro', 'mais', 'asinha', 'de', 'frango', 'com', 'barbecue', '.']","['não', 'encontro', 'asinha', 'frango', 'barbecue']","['não', 'encontro', 'asir', 'frango', 'barbecue']",não encontro asinha frango barbecue,não encontro asir frango barbecue,detrator
2024,L5235-LOUVEIRA,nov,48,2024-11-27,Foi tudo ótimo,promotor,1,"['Foi', 'tudo', 'ótimo']","['tudo', 'ótimo']","['tudo', 'bom']",tudo ótimo,tudo bom,promotor
2024,L5235-LOUVEIRA,nov,48,2024-11-29,"Não encontro na linha de cortes o joelho de porco (Einsbein) que é super procurado.
Recomendo apenas adicionar este corte e o do Kasler (também corte Alemão) a linha de produtos, em qualquer supermercado encontra este corte, entretanto na Swift não encontro. Grato",promotor,1,"['Não', 'encontro', 'na', 'linha', 'de', 'cortes', 'o', 'joelho', 'de', 'porco', '(', 'Einsbein', ')', 'que', 'é', 'super', 'procurado', '.', 'Recomendo', 'apenas', 'adicionar', 'este', 'corte', 'e', 'o', 'do', 'Kasler', '(', 'também', 'corte', 'Alemão', ')', 'a', 'linha', 'de', 'produtos', ',', 'em', 'qualquer', 'supermercado', 'encontra', 'este', 'corte', ',', 'entretanto', 'na', 'Swift', 'não', 'encontro', '.', 'Grato']","['não', 'encontro', 'linha', 'cortes', 'joelho', 'porco', 'einsbein', 'super', 'procurado', 'recomendo', 'apenas', 'adicionar', 'corte', 'kasler', 'corte', 'alemão', 'linha', 'produtos', 'qualquer', 'supermercado', 'encontra', 'corte', 'entretanto', 'swift', 'não', 'encontro', 'grato']","['não', 'encontro', 'linha', 'corte', 'joelho', 'porco', 'einsbein', 'super', 'procurar', 'recomendar', 'apenas', 'adicionar', 'corte', 'kasler', 'corte', 'alemão', 'linhir', 'produto', 'qualquer', 'supermercado', 'encontrar', 'corte', 'entretanto', 'swift', 'não', 'encontro', 'grato']",não encontro linha cortes joelho porco einsbein super procurado recomendo apenas adicionar corte kasler corte alemão linha produtos qualquer supermercado encontra corte entretanto swift não encontro grato,não encontro linha corte joelho porco einsbein super procurar recomendar apenas adicionar corte kasler corte alemão linhir produto qualquer supermercado encontrar corte entretanto swift não encontro grato,promotor
2024,L5235-LOUVEIRA,dez,48,2024-12-01,tá perfeito,promotor,1,"['tá', 'perfeito']","['tá', 'perfeito']","['tá', 'perfeito']",tá perfeito,tá perfeito,promotor
2024,L5235-LOUVEIRA,dez,49,2024-12-02,A atendente me deu uma AULA sobre todas as picanhas disponíveis. Muito legal.,promotor,1,"['A', 'atendente', 'me', 'deu', 'uma', 'AULA', 'sobre', 'todas', 'as', 'picanhas', 'disponíveis', '.', 'Muito', 'legal', '.']","['atendente', 'deu', 'aula', 'sobre', 'todas', 'picanhas', 'disponíveis', 'legal']","['atendente', 'dar', 'aula', 'sobre', 'todo', 'picanha', 'disponível', 'legal']",atendente deu aula sobre todas picanhas disponíveis legal,atendente dar aula sobre todo picanha disponível legal,promotor
2024,L5235-LOUVEIRA,dez,49,2024-12-02,Abaixando  os valores !,promotor,1,"['Abaixando', 'os', 'valores', '!']","['abaixando', 'valores']","['abaixar', 'valor']",abaixando valores,abaixar valor,promotor
2024,L5235-LOUVEIRA,dez,49,2024-12-03,Adorei a variedade e o atendimento. Voltarei e recomendo com certeza,promotor,1,"['Adorei', 'a', 'variedade', 'e', 'o', 'atendimento', '.', 'Voltarei', 'e', 'recomendo', 'com', 'certeza']","['adorei', 'variedade', 'atendimento', 'voltarei', 'recomendo', 'certeza']","['adorar', 'variedade', 'atendimento', 'voltar', 'recomendo', 'certeza']",adorei variedade atendimento voltarei recomendo certeza,adorar variedade atendimento voltar recomendo certeza,promotor
2024,L5235-LOUVEIRA,dez,49,2024-12-03,Realizar mais promoções,promotor,1,"['Realizar', 'mais', 'promoções']","['realizar', 'promoções']","['realizar', 'promoção']",realizar promoções,realizar promoção,promotor
2024,L5235-LOUVEIRA,dez,49,2024-12-05,"Acho bom assim, gosto muito de comprar na loja de Louveira, a atenção e muito boa, a qualidade dos produtos e ótima. Parabéns!!",promotor,1,"['Acho', 'bom', 'assim', ',', 'gosto', 'muito', 'de', 'comprar', 'na', 'loja', 'de', 'Louveira', ',', 'a', 'atenção', 'e', 'muito', 'boa', ',', 'a', 'qualidade', 'dos', 'produtos', 'e', 'ótima', '.', 'Parabéns', '!', '!']","['acho', 'bom', 'assim', 'gosto', 'comprar', 'loja', 'louveira', 'atenção', 'boa', 'qualidade', 'produtos', 'ótima', 'parabéns']","['achar', 'bom', 'assim', 'gostar', 'comprar', 'loja', 'louveira', 'atenção', 'bom', 'qualidade', 'produto', 'ótima', 'parabéns']",acho bom assim gosto comprar loja louveira atenção boa qualidade produtos ótima parabéns,achar bom assim gostar comprar loja louveira atenção bom qualidade produto ótima parabéns,promotor
2024,L5235-LOUVEIRA,dez,49,2024-12-08,Desde 04/12/24 estou aguardando o reembolso.,detrator,-1,"['Desde', '04/12/24', 'estou', 'aguardando', 'o', 'reembolso', '.']","['desde', 'aguardando', 'reembolso']","['desde', 'aguardar', 'reembolso']",desde aguardando reembolso,desde aguardar reembolso,detrator
2024,L5235-LOUVEIRA,dez,50,2024-12-09,A equipe de Louveira é maravilhosa!!!!,promotor,1,"['A', 'equipe', 'de', 'Louveira', 'é', 'maravilhosa', '!', '!', '!', '!']","['equipe', 'louveira', 'maravilhosa']","['equipe', 'louveira', 'maravilhoso']",equipe louveira maravilhosa,equipe louveira maravilhoso,promotor
2024,L5235-LOUVEIRA,dez,50,2024-12-11,Atendimento perfeito,promotor,1,"['Atendimento', 'perfeito']","['atendimento', 'perfeito']","['atendimento', 'perfeito']",atendimento perfeito,atendimento perfeito,promotor
2024,L5235-LOUVEIRA,dez,50,2024-12-11,"Loja perfeita,não compro em nenhuma outra loja só na loja de Louveira,os agentes e gerente me atende muito bem,e pra nós cliente e muito importante.
Parabéns islane,Michele,Paola e gerente Priscila, continuem assim com esse atendimento perfeito.",promotor,1,"['Loja', 'perfeita', ',', 'não', 'compro', 'em', 'nenhuma', 'outra', 'loja', 'só', 'na', 'loja', 'de', 'Louveira', ',', 'os', 'agentes', 'e', 'gerente', 'me', 'atende', 'muito', 'bem', ',', 'e', 'pra', 'nós', 'cliente', 'e', 'muito', 'importante', '.', 'Parabéns', 'islane', ',', 'Michele', ',', 'Paola', 'e', 'gerente', 'Priscila', ',', 'continuem', 'assim', 'com', 'esse', 'atendimento', 'perfeito', '.']","['loja', 'perfeita', 'não', 'compro', 'nenhuma', 'outra', 'loja', 'loja', 'louveira', 'agentes', 'gerente', 'atende', 'bem', 'pra', 'cliente', 'importante', 'parabéns', 'islane', 'michele', 'paola', 'gerente', 'priscila', 'continuem', 'assim', 'atendimento', 'perfeito']","['loja', 'perfazer', 'não', 'compro', 'nenhum', 'outro', 'loja', 'loja', 'louveira', 'agente', 'gerente', 'atender', 'bem', 'pra', 'cliente', 'importante', 'parabéns', 'islane', 'meichele', 'paolar', 'gerente', 'priscila', 'continuar', 'assim', 'atendimento', 'perfeito']",loja perfeita não compro nenhuma outra loja loja louveira agentes gerente atende bem pra cliente importante parabéns islane michele paola gerente priscila continuem assim atendimento perfeito,loja perfazer não compro nenhum outro loja loja louveira agente gerente atender bem pra cliente importante parabéns islane meichele paolar gerente priscila continuar assim atendimento perfeito,promotor
2024,L5235-LOUVEIRA,dez,50,2024-12-11,"Só tem uma atendente, muito atenciosa, mas difícil atender a todos.",promotor,1,"['Só', 'tem', 'uma', 'atendente', ',', 'muito', 'atenciosa', ',', 'mas', 'difícil', 'atender', 'a', 'todos', '.']","['atendente', 'atenciosa', 'difícil', 'atender', 'todos']","['atendente', 'atencioso', 'difícil', 'atender', 'todo']",atendente atenciosa difícil atender todos,atendente atencioso difícil atender todo,promotor
2024,L5235-LOUVEIRA,dez,50,2024-12-12,Está tudo otimo  trazer mais opções  de tempero,promotor,1,"['Está', 'tudo', 'otimo', 'trazer', 'mais', 'opções', 'de', 'tempero']","['tudo', 'otimo', 'trazer', 'opções', 'tempero']","['tudo', 'otimo', 'trazer', 'opção', 'tempero']",tudo otimo trazer opções tempero,tudo otimo trazer opção tempero,promotor
2024,L5235-LOUVEIRA,dez,50,2024-12-15,"O atendimento na unidade de louveira eh sempre muito bom. 
Obs. Referente ao torresmo pré frito, dessa vez estava muito muito salgado .",promotor,1,"['O', 'atendimento', 'na', 'unidade', 'de', 'louveira', 'eh', 'sempre', 'muito', 'bom', '.', 'Obs', '.', 'Referente', 'ao', 'torresmo', 'pré', 'frito', ',', 'dessa', 'vez', 'estava', 'muito', 'muito', 'salgado', '.']","['atendimento', 'unidade', 'louveira', 'eh', 'sempre', 'bom', 'obs', 'referente', 'torresmo', 'pré', 'frito', 'dessa', 'vez', 'salgado']","['atendimento', 'unidade', 'louveira', 'eh', 'sempre', 'bom', 'obs', 'referente', 'torresmo', 'pré', 'frito', 'deesse', 'vez', 'salgar']",atendimento unidade louveira eh sempre bom obs referente torresmo pré frito dessa vez salgado,atendimento unidade louveira eh sempre bom obs referente torresmo pré frito deesse vez salgar,promotor
2024,L5235-LOUVEIRA,dez,50,2024-12-15,"Tá tudo muito perfeito, ótimo atendimento em tudo parabéns á todos.",promotor,1,"['Tá', 'tudo', 'muito', 'perfeito', ',', 'ótimo', 'atendimento', 'em', 'tudo', 'parabéns', 'á', 'todos', '.']","['tá', 'tudo', 'perfeito', 'ótimo', 'atendimento', 'tudo', 'parabéns', 'todos']","['tá', 'tudo', 'perfeito', 'ótimo', 'atendimento', 'tudo', 'parabéns', 'todo']",tá tudo perfeito ótimo atendimento tudo parabéns todos,tá tudo perfeito ótimo atendimento tudo parabéns todo,promotor
2024,L5235-LOUVEIRA,dez,51,2024-12-16,"PARABÉNS A QUALIDADE E VARIAÇÃO DE PRODUTOS, BOAS PROMOÇÕES E PREÇO JUSTO.",promotor,1,"['PARABÉNS', 'A', 'QUALIDADE', 'E', 'VARIAÇÃO', 'DE', 'PRODUTOS', ',', 'BOAS', 'PROMOÇÕES', 'E', 'PREÇO', 'JUSTO', '.']","['parabéns', 'qualidade', 'variação', 'produtos', 'boas', 'promoções', 'preço', 'justo']","['parabéns', 'qualidade', 'variação', 'produto', 'bom', 'promoção', 'preço', 'justo']",parabéns qualidade variação produtos boas promoções preço justo,parabéns qualidade variação produto bom promoção preço justo,promotor
2024,L5235-LOUVEIRA,dez,51,2024-12-18,"Possibilitar na avaliação  mais uma escolha entre positivo e negativo, por exemplo daria um 8 para os preços e tive que dar positivo que na minha opinião representa um 10.",promotor,1,"['Possibilitar', 'na', 'avaliação', 'mais', 'uma', 'escolha', 'entre', 'positivo', 'e', 'negativo', ',', 'por', 'exemplo', 'daria', 'um', '8', 'para', 'os', 'preços', 'e', 'tive', 'que', 'dar', 'positivo', 'que', 'na', 'minha', 'opinião', 'representa', 'um', '10', '.']","['possibilitar', 'avaliação', 'escolha', 'positivo', 'negativo', 'exemplo', 'daria', 'preços', 'dar', 'positivo', 'opinião', 'representa']","['possibilitar', 'avaliação', 'escolha', 'positivo', 'negativo', 'exemplo', 'dar', 'preço', 'dar', 'positivo', 'opinião', 'representar']",possibilitar avaliação escolha positivo negativo exemplo daria preços dar positivo opinião representa,possibilitar avaliação escolha positivo negativo exemplo dar preço dar positivo opinião representar,promotor
2024,L5235-LOUVEIRA,dez,51,2024-12-18,"Realmente estou fidelizado pelo Swift. Já encontramos opções ótimas e agora com a linha que vai direto ao forno, crescendo cada vez mais, parabens.",promotor,1,"['Realmente', 'estou', 'fidelizado', 'pelo', 'Swift', '.', 'Já', 'encontramos', 'opções', 'ótimas', 'e', 'agora', 'com', 'a', 'linha', 'que', 'vai', 'direto', 'ao', 'forno', ',', 'crescendo', 'cada', 'vez', 'mais', ',', 'parabens', '.']","['realmente', 'fidelizado', 'swift', 'encontramos', 'opções', 'ótimas', 'agora', 'linha', 'vai', 'direto', 'forno', 'crescendo', 'cada', 'vez', 'parabens']","['realmente', 'fidelizar', 'swift', 'encontrar', 'opção', 'ótim', 'agora', 'linha', 'ir', 'direto', 'forno', 'crescer', 'cada', 'vez', 'parabem']",realmente fidelizado swift encontramos opções ótimas agora linha vai direto forno crescendo cada vez parabens,realmente fidelizar swift encontrar opção ótim agora linha ir direto forno crescer cada vez parabem,promotor
2024,L5235-LOUVEIRA,dez,52,2024-12-24,"Parabéns a equipe Swift por terem acrescentado a linha de produtos o corte Alemão do Joelho de Porco (Einsbein). Após incansáveis solicitações nas sugestões enfim encontrei em estoque na loja de Louveira SP e por fim consegui comprar.
Somente uma dica para a revisão no preço final de vendas pois achei extremamente elevado por ser corte de segunda e com osso. Como nova sugestão se analisarem a concorrência podem comparar que os valores praticados são menores.
Enfim de qualquer forma agora consigo adquirir o tão esperado corte do Einsbein na Swift. 
Grato",promotor,1,"['Parabéns', 'a', 'equipe', 'Swift', 'por', 'terem', 'acrescentado', 'a', 'linha', 'de', 'produtos', 'o', 'corte', 'Alemão', 'do', 'Joelho', 'de', 'Porco', '(', 'Einsbein', ')', '.', 'Após', 'incansáveis', 'solicitações', 'nas', 'sugestões', 'enfim', 'encontrei', 'em', 'estoque', 'na', 'loja', 'de', 'Louveira', 'SP', 'e', 'por', 'fim', 'consegui', 'comprar', '.', 'Somente', 'uma', 'dica', 'para', 'a', 'revisão', 'no', 'preço', 'final', 'de', 'vendas', 'pois', 'achei', 'extremamente', 'elevado', 'por', 'ser', 'corte', 'de', 'segunda', 'e', 'com', 'osso', '.', 'Como', 'nova', 'sugestão', 'se', 'analisarem', 'a', 'concorrência', 'podem', 'comparar', 'que', 'os', 'valores', 'praticados', 'são', 'menores', '.', 'Enfim', 'de', 'qualquer', 'forma', 'agora', 'consigo', 'adquirir', 'o', 'tão', 'esperado', 'corte', 'do', 'Einsbein', 'na', 'Swift', '.', 'Grato']","['parabéns', 'equipe', 'swift', 'terem', 'acrescentado', 'linha', 'produtos', 'corte', 'alemão', 'joelho', 'porco', 'einsbein', 'após', 'incansáveis', 'solicitações', 'sugestões', 'enfim', 'encontrei', 'estoque', 'loja', 'louveira', 'sp', 'fim', 'consegui', 'comprar', 'somente', 'dica', 'revisão', 'preço', 'final', 'vendas', 'pois', 'achei', 'extremamente', 'elevado', 'corte', 'segunda', 'osso', 'nova', 'sugestão', 'analisarem', 'concorrência', 'podem', 'comparar', 'valores', 'praticados', 'menores', 'enfim', 'qualquer', 'forma', 'agora', 'consigo', 'adquirir', 'tão', 'esperado', 'corte', 'einsbein', 'swift', 'grato']","['parabéns', 'equipe', 'swift', 'ter', 'acrescentar', 'linha', 'produto', 'corte', 'alemão', 'joelho', 'porco', 'einsbein', 'após', 'incansável', 'solicitação', 'sugestão', 'enfim', 'encontrar', 'estoque', 'loja', 'louveira', 'sp', 'fim', 'conseguir', 'comprar', 'somente', 'dica', 'revisão', 'preço', 'final', 'venda', 'pois', 'achar', 'extremamente', 'elevar', 'corte', 'segundo', 'osso', 'novo', 'sugestão', 'analisar', 'concorrência', 'poder', 'comparar', 'valor', 'praticar', 'menor', 'enfim', 'qualquer', 'forma', 'agora', 'comsi', 'adquirir', 'tão', 'esperar', 'corte', 'einsbein', 'swift', 'grato']",parabéns equipe swift terem acrescentado linha produtos corte alemão joelho porco einsbein após incansáveis solicitações sugestões enfim encontrei estoque loja louveira sp fim consegui comprar somente dica revisão preço final vendas pois achei extremamente elevado corte segunda osso nova sugestão analisarem concorrência podem comparar valores praticados menores enfim qualquer forma agora consigo adquirir tão esperado corte einsbein swift grato,parabéns equipe swift ter acrescentar linha produto corte alemão joelho porco einsbein após incansável solicitação sugestão enfim encontrar estoque loja louveira sp fim conseguir comprar somente dica revisão preço final venda pois achar extremamente elevar corte segundo osso novo sugestão analisar concorrência poder comparar valor praticar menor enfim qualquer forma agora comsi adquirir tão esperar corte einsbein swift grato,promotor
2024,L5235-LOUVEIRA,dez,52,2024-12-26,"A loja de Louveira tem um dos melhores atendimentos da rede de vcs,sempre os colaboradores são muito prestativos e pronto para tirar qualquer dúvida.",promotor,1,"['A', 'loja', 'de', 'Louveira', 'tem', 'um', 'dos', 'melhores', 'atendimentos', 'da', 'rede', 'de', 'vcs', ',', 'sempre', 'os', 'colaboradores', 'são', 'muito', 'prestativos', 'e', 'pronto', 'para', 'tirar', 'qualquer', 'dúvida', '.']","['loja', 'louveira', 'melhores', 'atendimentos', 'rede', 'vcs', 'sempre', 'colaboradores', 'prestativos', 'pronto', 'tirar', 'qualquer', 'dúvida']","['loja', 'louveira', 'bom', 'atendimento', 'rede', 'vcs', 'sempre', 'colaborador', 'prestativo', 'pronto', 'tirar', 'qualquer', 'dúvida']",loja louveira melhores atendimentos rede vcs sempre colaboradores prestativos pronto tirar qualquer dúvida,loja louveira bom atendimento rede vcs sempre colaborador prestativo pronto tirar qualquer dúvida,promotor
2024,L5235-LOUVEIRA,dez,52,2024-12-26,"O atendimento da moça que trabalha lá foi muito bom, ajudou com a escolha das carnes e foi muito gentil. Eu e minha mulher saímos satisfeitos.",promotor,1,"['O', 'atendimento', 'da', 'moça', 'que', 'trabalha', 'lá', 'foi', 'muito', 'bom', ',', 'ajudou', 'com', 'a', 'escolha', 'das', 'carnes', 'e', 'foi', 'muito', 'gentil', '.', 'Eu', 'e', 'minha', 'mulher', 'saímos', 'satisfeitos', '.']","['atendimento', 'moça', 'trabalha', 'lá', 'bom', 'ajudou', 'escolha', 'carnes', 'gentil', 'mulher', 'saímos', 'satisfeitos']","['atendimento', 'moçar', 'trabalhar', 'lá', 'bom', 'ajudar', 'escolha', 'carne', 'gentil', 'mulher', 'saímo', 'satisfeito']",atendimento moça trabalha lá bom ajudou escolha carnes gentil mulher saímos satisfeitos,atendimento moçar trabalhar lá bom ajudar escolha carne gentil mulher saímo satisfeito,promotor
2024,L5235-LOUVEIRA,dez,52,2024-12-27,"Mantendo a mesma  atenção com os Clientes!!!
Eu considero a atenção dos colaboradores um espetáculo. 
????????????????????????????????????",promotor,1,"['Mantendo', 'a', 'mesma', 'atenção', 'com', 'os', 'Clientes', '!', '!', '!', 'Eu', 'considero', 'a', 'atenção', 'dos', 'colaboradores', 'um', 'espetáculo', '.', '?', '?', '?', '?', '?', '?', '?', '?', '?', '?', '?', '?', '?', '?', '?', '?', '?', '?', '?', '?', '?', '?', '?', '?', '?', '?', '?', '?', '?', '?', '?', '?', '?', '?', '?', '?']","['mantendo', 'mesma', 'atenção', 'clientes', 'considero', 'atenção', 'colaboradores', 'espetáculo']","['manter', 'mesmo', 'atenção', 'cliente', 'considerar', 'atenção', 'colaborador', 'espetáculo']",mantendo mesma atenção clientes considero atenção colaboradores espetáculo,manter mesmo atenção cliente considerar atenção colaborador espetáculo,promotor
2024,L5235-LOUVEIRA,dez,1,2024-12-30,Tudo perfeito  uma ótima  gerente.,promotor,1,"['Tudo', 'perfeito', 'uma', 'ótima', 'gerente', '.']","['tudo', 'perfeito', 'ótima', 'gerente']","['tudo', 'perfeito', 'ótima', 'gerente']",tudo perfeito ótima gerente,tudo perfeito ótima gerente,promotor
